sample	validation_start	mode	prompt_suffix_escaped	continuation_escaped	continuation_hex
0	342139	gold	he Japanese occurred along the Matanikau River from 23 \u2013 27 September and 6 \u2013 9 October . \n\n	 = = Significance = = \n\n On 15 September , General Hyakutake at Rabaul learned of Kawaguchi 's defeat , the Imperial Japanese Ar	203d203d205369676e69666963616e6365203d203d200a0a204f6e2031352053657074656d626572202c2047656e6572616c204879616b7574616b652061742052616261756c206c6561726e6564206f66204b617761677563686920277320646566656174202c2074686520496d70657269616c204a6170616e657365204172
0	342139	h1_greedy	he Japanese occurred along the Matanikau River from 23 \u2013 27 September and 6 \u2013 9 October . \n\n	 = = = Commonwealth = = = \n\n The film was a completed in the second state of the season , and the second state of the season , a	203d203d203d20436f6d6d6f6e7765616c7468203d203d203d200a0a205468652066696c6d20776173206120636f6d706c6574656420696e20746865207365636f6e64207374617465206f662074686520736561736f6e202c20616e6420746865207365636f6e64207374617465206f662074686520736561736f6e202c2061
0	342139	h1_top_p	he Japanese occurred along the Matanikau River from 23 \u2013 27 September and 6 \u2013 9 October . \n\n	 = = Charts = = \n\n = = = American since the war = = = \n\n A station is a campaign of Portugal Pilather to the second parallel set	203d203d20436861727473203d203d200a0a203d203d203d20416d65726963616e2073696e63652074686520776172203d203d203d200a0a20412073746174696f6e20697320612063616d706169676e206f6620506f72747567616c2050696c617468657220746f20746865207365636f6e6420706172616c6c656c20736574
0	342139	h16_greedy	he Japanese occurred along the Matanikau River from 23 \u2013 27 September and 6 \u2013 9 October . \n\n	 = = =          \\xe2               \\xe2               \\xe2               .               \\xed               \\xed               \\xed               	203d203d203d20202020202020202020e2202020202020202020202020202020e2202020202020202020202020202020e22020202020202020202020202020202e202020202020202020202020202020ed202020202020202020202020202020ed202020202020202020202020202020ed202020202020202020202020202020
0	342139	h16_top_p	he Japanese occurred along the Matanikau River from 23 \u2013 27 September and 6 \u2013 9 October . \n\n	 Tn  e aroep gord pfenonhr  ia a tts@c@ dn tniadecstlis o  a   itnea   h t   o toeeftlm nerid  conmlrn o hedstsluaestei arn c ia	20546e2020652061726f657020676f7264207066656e6f6e68722020696120612074747340634020646e20746e696164656373746c6973206f20206120202069746e65612020206820742020206f20746f656566746c6d206e657269642020636f6e6d6c726e206f206865647374736c756165737465692061726e2063206961
1	1033517	gold	assed by his lack of familiarity with the genre , as most of U2 's musical knowledge began with 	"punk rock in their youth in the mid @-@ 1970s . Bono realised that U2 "" had no tradition "" , and he felt as if they "" were from "	70756e6b20726f636b20696e20746865697220796f75746820696e20746865206d696420402d40203139373073202e20426f6e6f207265616c697365642074686174205532202220686164206e6f20747261646974696f6e2022202c20616e642068652066656c742061732069662074686579202220776572652066726f6d20
1	1033517	h1_greedy	assed by his lack of familiarity with the genre , as most of U2 's musical knowledge began with 	the state . \n\n = = = Recording = = = \n\n Robert Room , Robert Room , Robert Road , Robert Road , Robert Room , Robert Road , Robe	746865207374617465202e200a0a203d203d203d205265636f7264696e67203d203d203d200a0a20526f6265727420526f6f6d202c20526f6265727420526f6f6d202c20526f6265727420526f6164202c20526f6265727420526f6164202c20526f6265727420526f6f6d202c20526f6265727420526f6164202c20526f6265
1	1033517	h1_top_p	assed by his lack of familiarity with the genre , as most of U2 's musical knowledge began with 	the State of Australia , where she became made in the warming with the album , because they are military service , but on her en	746865205374617465206f66204175737472616c6961202c2077686572652073686520626563616d65206d61646520696e20746865207761726d696e6720776974682074686520616c62756d202c2062656361757365207468657920617265206d696c69746172792073657276696365202c20627574206f6e2068657220656e
1	1033517	h16_greedy	assed by his lack of familiarity with the genre , as most of U2 's musical knowledge began with 	the             .               t               .               \\xed               \\xed               \\xed               \\xed               	746865202020202020202020202020202e202020202020202020202020202020742020202020202020202020202020202e202020202020202020202020202020ed202020202020202020202020202020ed202020202020202020202020202020ed202020202020202020202020202020ed202020202020202020202020202020
1	1033517	h16_top_p	assed by his lack of familiarity with the genre , as most of U2 's musical knowledge began with 	aoe dtdedn sats a    d h h hhe  eew  ttw  n  i netehed.en o   lhane a  teheh  car  d e  aioe  under  o  f t o   .w deodd.m aieor	616f652064746465646e20736174732061202020206420682068206868652020656577202074747720206e202069206e6574656865642e656e206f2020206c68616e6520612020746568656820206361722020642065202061696f652020756e64657220206f2020662074206f2020202e772064656f64642e6d206169656f72
2	849441	gold	rs for the loss of 31 killed and 36 wounded . Later , Australian troops assisted in pushing the 	Turkish forces out of Palestine and took part in actions at Mughar Ridge , Jerusalem and the Megiddo . The Turkish government su	5475726b69736820666f72636573206f7574206f662050616c657374696e6520616e6420746f6f6b207061727420696e20616374696f6e73206174204d7567686172205269646765202c204a65727573616c656d20616e6420746865204d65676964646f202e20546865205475726b69736820676f7665726e6d656e74207375
2	849441	h1_greedy	rs for the loss of 31 killed and 36 wounded . Later , Australian troops assisted in pushing the 	state of the state of the state . \n\n = = = Commons and contract = = = \n\n As a result of the state of the state of the season , t	7374617465206f6620746865207374617465206f6620746865207374617465202e200a0a203d203d203d20436f6d6d6f6e7320616e6420636f6e7472616374203d203d203d200a0a204173206120726573756c74206f6620746865207374617465206f6620746865207374617465206f662074686520736561736f6e202c2074
2	849441	h1_top_p	rs for the loss of 31 killed and 36 wounded . Later , Australian troops assisted in pushing the 	first from the last surface to as it record , samples for the character began to lengths of seven of the city 's outside the end	66697273742066726f6d20746865206c617374207375726661636520746f206173206974207265636f7264202c2073616d706c657320666f72207468652063686172616374657220626567616e20746f206c656e67746873206f6620736576656e206f66207468652063697479202773206f7574736964652074686520656e64
2	849441	h16_greedy	rs for the loss of 31 killed and 36 wounded . Later , Australian troops assisted in pushing the 	sert            t               .               .               .               .               \\xed               \\xed               	73657274202020202020202020202020742020202020202020202020202020202e2020202020202020202020202020202e2020202020202020202020202020202e2020202020202020202020202020202e202020202020202020202020202020ed202020202020202020202020202020ed202020202020202020202020202020
2	849441	h16_top_p	rs for the loss of 31 killed and 36 wounded . Later , Australian troops assisted in pushing the 	notu  fo   sae  maaelso, deatri dnr uisctsn ostti   tt s  e g snekkroa eae.s en rarpe rcuresroiis s,wideh onhrseetsut  ti r    e	6e6f74752020666f20202073616520206d6161656c736f2c2064656174726920646e72207569736374736e206f7374746920202074742073202065206720736e656b6b726f61206561652e7320656e20726172706520726375726573726f69697320732c7769646568206f6e6872736565747375742020746920722020202065
3	345888	gold	 @-@ lane undivided road . From the southern terminus , a ramp provides access to and from the s	outhbound Garden State Parkway . The road heads north through mostly rural wooded areas with some buildings . It intersects CR 6	6f757468626f756e642047617264656e205374617465205061726b776179202e2054686520726f6164206865616473206e6f727468207468726f756768206d6f73746c7920727572616c20776f6f646564206172656173207769746820736f6d65206275696c64696e6773202e20497420696e74657273656374732043522036
3	345888	h1_greedy	 @-@ lane undivided road . From the southern terminus , a ramp provides access to and from the s	tate of the state . The state of the state of the state of the state of the state of the state . \n\n = = = Commonwealth = = = \n\n 	74617465206f6620746865207374617465202e20546865207374617465206f6620746865207374617465206f6620746865207374617465206f6620746865207374617465206f6620746865207374617465206f6620746865207374617465202e200a0a203d203d203d20436f6d6d6f6e7765616c7468203d203d203d200a0a20
3	345888	h1_top_p	 @-@ lane undivided road . From the southern terminus , a ramp provides access to and from the s	tory in the traditional from the United States and the National Infentive . The main moved into the fourth stage , but the appea	746f727920696e2074686520747261646974696f6e616c2066726f6d2074686520556e697465642053746174657320616e6420746865204e6174696f6e616c20496e66656e74697665202e20546865206d61696e206d6f76656420696e746f2074686520666f75727468207374616765202c2062757420746865206170706561
3	345888	h16_greedy	 @-@ lane undivided road . From the southern terminus , a ramp provides access to and from the s	tate            t               .               .               .               .               \\xed               \\xed               	74617465202020202020202020202020742020202020202020202020202020202e2020202020202020202020202020202e2020202020202020202020202020202e2020202020202020202020202020202e202020202020202020202020202020ed202020202020202020202020202020ed202020202020202020202020202020
3	345888	h16_top_p	 @-@ lane undivided road . From the southern terminus , a ramp provides access to and from the s	tapi s,shfaral to dsihasarat soriili o i ndstd rolid .fsri r nnrida@uegieh oter . inernd u osoee stetdeesaartah ws thlssthl id  	7461706920732c7368666172616c20746f206473696861736172617420736f7269696c69206f2069206e6473746420726f6c6964202e667372692072206e6e7269646140756567696568206f746572202e20696e65726e642075206f736f65652073746574646565736161727461682077732074686c737374686c2069642020
4	968891	gold	fort unnecessary . The soldiers concentrated on building structures for lodging the men , animal	s , and equipment . These buildings were on the edges of a 350 @-@ foot ( 110 m ) parade ground . \n\n The post quartermaster , Ca	73202c20616e642065717569706d656e74202e205468657365206275696c64696e67732077657265206f6e20746865206564676573206f6620612033353020402d4020666f6f74202820313130206d2029207061726164652067726f756e64202e200a0a2054686520706f737420717561727465726d6173746572202c204361
4	968891	h1_greedy	fort unnecessary . The soldiers concentrated on building structures for lodging the men , animal	s , and the state of the state of the state . \n\n = = = Commons and control = = = \n\n The state of the state of the state of the s	73202c20616e6420746865207374617465206f6620746865207374617465206f6620746865207374617465202e200a0a203d203d203d20436f6d6d6f6e7320616e6420636f6e74726f6c203d203d203d200a0a20546865207374617465206f6620746865207374617465206f6620746865207374617465206f66207468652073
4	968891	h1_top_p	fort unnecessary . The soldiers concentrated on building structures for lodging the men , animal	 which they would be found the southern and severely and forest and well @-@ charted . \n\n = = Central participations = = \n\n The 	207768696368207468657920776f756c6420626520666f756e642074686520736f75746865726e20616e64207365766572656c7920616e6420666f7265737420616e642077656c6c20402d402063686172746564202e200a0a203d203d2043656e7472616c2070617274696369706174696f6e73203d203d200a0a2054686520
4	968891	h16_greedy	fort unnecessary . The soldiers concentrated on building structures for lodging the men , animal	s               .               .               .               .               .               \\xed               \\xed               	732020202020202020202020202020202e2020202020202020202020202020202e2020202020202020202020202020202e2020202020202020202020202020202e2020202020202020202020202020202e202020202020202020202020202020ed202020202020202020202020202020ed202020202020202020202020202020
4	968891	h16_top_p	fort unnecessary . The soldiers concentrated on building structures for lodging the men , animal	  shlehdda ts deaccitsr neoai  asi ont ou hinoif se esa.rriace.arois  au   lsrtenl ra oho rinhc srlce,lh  eetael csrccsl   ea cs	202073686c656864646120747320646561636369747372206e656f61692020617369206f6e74206f752068696e6f6966207365206573612e7272696163652e61726f6973202061752020206c737274656e6c207261206f686f2072696e68632073726c63652c6c68202065657461656c206373726363736c2020206561206373
5	879900	gold	 by members of the Malayan Communist Party ( MCP ) . Australian involvement began in June 1950 ,	 when in response to a British request , six Lincolns from No. 1 Squadron and a flight of Dakotas from No. 38 Squadron arrived i	207768656e20696e20726573706f6e736520746f206120427269746973682072657175657374202c20736978204c696e636f6c6e732066726f6d204e6f2e2031205371756164726f6e20616e64206120666c69676874206f662044616b6f7461732066726f6d204e6f2e203338205371756164726f6e20617272697665642069
5	879900	h1_greedy	 by members of the Malayan Communist Party ( MCP ) . Australian involvement began in June 1950 ,	 the Marine County , and the Charles County , and the Charles Chart , and Charles County , Cardiff , Canada , Cardiff , Canada ,	20746865204d6172696e6520436f756e7479202c20616e642074686520436861726c657320436f756e7479202c20616e642074686520436861726c6573204368617274202c20616e6420436861726c657320436f756e7479202c2043617264696666202c2043616e616461202c2043617264696666202c2043616e616461202c
5	879900	h1_top_p	 by members of the Malayan Communist Party ( MCP ) . Australian involvement began in June 1950 ,	 the Massachusetts to a ground a dreamited her financial incident in the winds of a spring to protected to the way . \n\n = = Rece	20746865204d61737361636875736574747320746f20612067726f756e64206120647265616d69746564206865722066696e616e6369616c20696e636964656e7420696e207468652077696e6473206f66206120737072696e6720746f2070726f74656374656420746f2074686520776179202e200a0a203d203d2052656365
5	879900	h16_greedy	 by members of the Malayan Communist Party ( MCP ) . Australian involvement began in June 1950 ,	 ahe            t               t               .               .               .               \\xed               \\xed               	2061686520202020202020202020202074202020202020202020202020202020742020202020202020202020202020202e2020202020202020202020202020202e2020202020202020202020202020202e202020202020202020202020202020ed202020202020202020202020202020ed202020202020202020202020202020
5	879900	h16_top_p	 by members of the Malayan Communist Party ( MCP ) . Australian involvement began in June 1950 ,	 trd trtte nn u dar  e osi a  ievi uuo   asie e iae tr   d e emteo hedsras d  .al tioat seeremes tn    e edouae tae t n la   ore	20747264207472747465206e6e207520646172202065206f736920612020696576692075756f2020206173696520652069616520747220202064206520656d74656f2068656473726173206420202e616c2074696f61742073656572656d657320746e20202020652065646f756165207461652074206e206c612020206f7265
6	930058	gold	co @-@ authored by Jim Vander Wall , describes what the authors claim was a secret war against t	he Black Panther Party and American Indian Movement carried out during the late 1960s and ' 70s by the FBI under the COINTELPRO 	686520426c61636b2050616e7468657220506172747920616e6420416d65726963616e20496e6469616e204d6f76656d656e742063617272696564206f757420647572696e6720746865206c61746520313936307320616e64202720373073206279207468652046424920756e6465722074686520434f494e54454c50524f20
6	930058	h1_greedy	co @-@ authored by Jim Vander Wall , describes what the authors claim was a secret war against t	he state . The state of the state of the state of the season , and the state of the state of the state of the state . The state 	6865207374617465202e20546865207374617465206f6620746865207374617465206f6620746865207374617465206f662074686520736561736f6e202c20616e6420746865207374617465206f6620746865207374617465206f6620746865207374617465206f6620746865207374617465202e2054686520737461746520
6	930058	h1_top_p	co @-@ authored by Jim Vander Wall , describes what the authors claim was a secret war against t	he Shanney and Raffall Magazine and Madrid in the 1970s and 1960s . Red Stan County , he was the Red Committee was involved in 1	6865205368616e6e657920616e642052616666616c6c204d6167617a696e6520616e64204d616472696420696e2074686520313937307320616e64203139363073202e20526564205374616e20436f756e7479202c20686520776173207468652052656420436f6d6d69747465652077617320696e766f6c76656420696e2031
6	930058	h16_greedy	co @-@ authored by Jim Vander Wall , describes what the authors claim was a secret war against t	he care         @               .               .               .               .               \\xed               \\xed               	68652063617265202020202020202020402020202020202020202020202020202e2020202020202020202020202020202e2020202020202020202020202020202e2020202020202020202020202020202e202020202020202020202020202020ed202020202020202020202020202020ed202020202020202020202020202020
6	930058	h16_top_p	co @-@ authored by Jim Vander Wall , describes what the authors claim was a secret war against t	he Masien  o eterp  i  r o s t acluhniia  nrtao m fuehd hc ts nsiie oeted eti r alas e alohn narrot ..naer deairs,s neehto e hin	6865204d617369656e20206f206574657270202069202072206f207320742061636c75686e69696120206e7274616f206d206675656864206863207473206e73696965206f6574656420657469207220616c6173206520616c6f686e206e6172726f74202e2e6e616572206465616972732c73206e656568746f20652068696e
7	486778	gold	aken an at least partially supportive stance towards Scientology in relation to Germany . Richar	"d Cohen for example , writing in the Washington Post , said in 1996 : "" Scientology might be one weird religion , but the German"	6420436f68656e20666f72206578616d706c65202c2077726974696e6720696e207468652057617368696e67746f6e20506f7374202c207361696420696e2031393936203a202220536369656e746f6c6f6779206d69676874206265206f6e652077656972642072656c6967696f6e202c2062757420746865204765726d616e
7	486778	h1_greedy	aken an at least partially supportive stance towards Scientology in relation to Germany . Richar	d Indian states that the state of the state of the state of the state of the state . \n\n = = = Commons and control = = = \n\n The s	6420496e6469616e20737461746573207468617420746865207374617465206f6620746865207374617465206f6620746865207374617465206f6620746865207374617465206f6620746865207374617465202e200a0a203d203d203d20436f6d6d6f6e7320616e6420636f6e74726f6c203d203d203d200a0a205468652073
7	486778	h1_top_p	aken an at least partially supportive stance towards Scientology in relation to Germany . Richar	d Music was the highway to death , Meletan of Robert and Rainbow and Rangers and Russian . Monderberry Rootes , however , Religi	64204d757369632077617320746865206869676877617920746f206465617468202c204d656c6574616e206f6620526f6265727420616e64205261696e626f7720616e642052616e6765727320616e64205275737369616e202e204d6f6e646572626572727920526f6f746573202c20686f7765766572202c2052656c696769
7	486778	h16_greedy	aken an at least partially supportive stance towards Scientology in relation to Germany . Richar	dson            t               t               .               .               .               .               .               	64736f6e20202020202020202020202074202020202020202020202020202020742020202020202020202020202020202e2020202020202020202020202020202e2020202020202020202020202020202e2020202020202020202020202020202e2020202020202020202020202020202e202020202020202020202020202020
7	486778	h16_top_p	aken an at least partially supportive stance towards Scientology in relation to Germany . Richar	dsor  e hnaii teamiteeantoehaao , oeuuueoor n   fcrtai s oorlard  aie r   co diite    t oe er.eouye f lte eariae    esoresoaetts	64736f7220206520686e616969207465616d69746565616e746f656861616f202c206f65757575656f6f72206e2020206663727461692073206f6f726c61726420206169652072202020636f2064696974652020202074206f652065722e656f7579652066206c7465206561726961652020202065736f7265736f6165747473
8	529061	gold	 passage of a law to set uniform school textbook prices , a reform both he and Goebel had advoca	ted during the gubernatorial campaign . However , his passive leadership ensured that the General Assembly did little to address	74656420647572696e67207468652067756265726e61746f7269616c2063616d706169676e202e20486f7765766572202c206869732070617373697665206c65616465727368697020656e73757265642074686174207468652047656e6572616c20417373656d626c7920646964206c6974746c6520746f2061646472657373
8	529061	h1_greedy	 passage of a law to set uniform school textbook prices , a reform both he and Goebel had advoca	te . \n\n = = = Commonwealth = = = \n\n The state of the state of the state of the state of the state of the state of the state of t	7465202e200a0a203d203d203d20436f6d6d6f6e7765616c7468203d203d203d200a0a20546865207374617465206f6620746865207374617465206f6620746865207374617465206f6620746865207374617465206f6620746865207374617465206f6620746865207374617465206f6620746865207374617465206f662074
8	529061	h1_top_p	 passage of a law to set uniform school textbook prices , a reform both he and Goebel had advoca	te . \n\n The German maintained his theme pressure of the domantic into communities . Another non @-@ carried before the penetrate	7465202e200a0a20546865204765726d616e206d61696e7461696e656420686973207468656d65207072657373757265206f662074686520646f6d616e74696320696e746f20636f6d6d756e6974696573202e20416e6f74686572206e6f6e20402d402063617272696564206265666f7265207468652070656e657472617465
8	529061	h16_greedy	 passage of a law to set uniform school textbook prices , a reform both he and Goebel had advoca	te              a               .               .               .               \\xed               \\xed               \\xed               	74652020202020202020202020202020612020202020202020202020202020202e2020202020202020202020202020202e2020202020202020202020202020202e202020202020202020202020202020ed202020202020202020202020202020ed202020202020202020202020202020ed202020202020202020202020202020
8	529061	h16_top_p	 passage of a law to set uniform school textbook prices , a reform both he and Goebel had advoca	tede u realat dirfororn.o e ntaotielee dt t inner ten l   ooee somt sh nednss l aanrimrdra   te ai olt di r ort aaia e   ert h  	746564652075207265616c617420646972666f726f726e2e6f2065206e74616f7469656c6565206474207420696e6e65722074656e206c2020206f6f656520736f6d74207368206e65646e7373206c2061616e72696d726472612020207465206169206f6c742064692072206f72742061616961206520202065727420682020
9	576132	gold	"William Martin Scott , Fernand "" Fred "" Bonsor capt . , Frank Evershed , Donald "" Don "" Jowett ,"	 Charles Anderton , Harry James Wilkinson , Harry Bedford , William Yiend , John W. Cave , Frederick Lowrie , Arthur Robinson \n\n	20436861726c657320416e646572746f6e202c204861727279204a616d65732057696c6b696e736f6e202c20486172727920426564666f7264202c2057696c6c69616d205969656e64202c204a6f686e20572e2043617665202c2046726564657269636b204c6f77726965202c2041727468757220526f62696e736f6e200a0a
9	576132	h1_greedy	"William Martin Scott , Fernand "" Fred "" Bonsor capt . , Frank Evershed , Donald "" Don "" Jowett ,"	" "" "" When "" , "" We "" , "" We "" , "" We and "" We and "" We "" , "" We "" , "" We "" , "" We "" , "" We "" , "" We "" , "" We "" , "" We "" , "" We """	20222022205768656e2022202c20222057652022202c20222057652022202c202220576520616e64202220576520616e6420222057652022202c20222057652022202c20222057652022202c20222057652022202c20222057652022202c20222057652022202c20222057652022202c20222057652022202c20222057652022
9	576132	h1_top_p	"William Martin Scott , Fernand "" Fred "" Bonsor capt . , Frank Evershed , Donald "" Don "" Jowett ,"	" "" a book and because the chart team . \n\n = = Release moves the new market down , Taiyan Tech was also decided to leave the scho"	2022206120626f6f6b20616e64206265636175736520746865206368617274207465616d202e200a0a203d203d2052656c65617365206d6f76657320746865206e6577206d61726b657420646f776e202c2054616979616e20546563682077617320616c736f206465636964656420746f206c6561766520746865207363686f
9	576132	h16_greedy	"William Martin Scott , Fernand "" Fred "" Bonsor capt . , Frank Evershed , Donald "" Don "" Jowett ,"	" ""              ""               ""               ""               ""               ""               ""               ""               "	2022202020202020202020202020202022202020202020202020202020202020222020202020202020202020202020202220202020202020202020202020202022202020202020202020202020202020222020202020202020202020202020202220202020202020202020202020202022202020202020202020202020202020
9	576132	h16_top_p	"William Martin Scott , Fernand "" Fred "" Bonsor capt . , Frank Evershed , Donald "" Don "" Jowett ,"	" ""e  e ed ee tahesa  e t soer fremnrhertid ed  enel o n   ahroo .  e i ww rf td ao   nrert ot other s dice t ra .ots o nic   r  "	20226520206520656420656520746168657361202065207420736f6572206672656d6e726865727469642065642020656e656c206f206e2020206168726f6f202e202065206920777720726620746420616f2020206e72657274206f74206f74686572207320646963652074207261202e6f7473206f206e6963202020722020
10	829323	gold	set aside by the British War Office and each of the six colonial governments sent separate conti	ngents to serve with British formations , with two squadrons each of 125 men from New South Wales and Victoria , and one each fr	6e67656e747320746f2073657276652077697468204272697469736820666f726d6174696f6e73202c20776974682074776f207371756164726f6e732065616368206f6620313235206d656e2066726f6d204e657720536f7574682057616c657320616e6420566963746f726961202c20616e64206f6e652065616368206672
10	829323	h1_greedy	set aside by the British War Office and each of the six colonial governments sent separate conti	nued . \n\n = = = Commons and control = = = \n\n The first states that the state of the state of the state of the state of the state	6e756564202e200a0a203d203d203d20436f6d6d6f6e7320616e6420636f6e74726f6c203d203d203d200a0a2054686520666972737420737461746573207468617420746865207374617465206f6620746865207374617465206f6620746865207374617465206f6620746865207374617465206f6620746865207374617465
10	829323	h1_top_p	set aside by the British War Office and each of the six colonial governments sent separate conti	nued around the rest of the state . \n\n At the end of battery specimens , the country 's largest to include , but battle have bee	6e7565642061726f756e64207468652072657374206f6620746865207374617465202e200a0a2041742074686520656e64206f6620626174746572792073706563696d656e73202c2074686520636f756e747279202773206c61726765737420746f20696e636c756465202c2062757420626174746c65206861766520626565
10	829323	h16_greedy	set aside by the British War Office and each of the six colonial governments sent separate conti	nued t          t               t               .               .               .               \\xed               \\xed               	6e75656420742020202020202020202074202020202020202020202020202020742020202020202020202020202020202e2020202020202020202020202020202e2020202020202020202020202020202e202020202020202020202020202020ed202020202020202020202020202020ed202020202020202020202020202020
10	829323	h16_top_p	set aside by the British War Office and each of the six colonial governments sent separate conti	nued otril  reotitt  arte esiltor o  pe  e nnhl to  odntutl ndctinhe  tto  se r m t i u\nc  rn nte saus i   t hhe tot i or nlafsa	6e756564206f7472696c202072656f74697474202061727465206573696c746f72206f20207065202065206e6e686c20746f20206f646e7475746c206e646374696e6865202074746f202073652072206d2074206920750a632020726e206e746520736175732069202020742068686520746f742069206f72206e6c61667361
11	229330	gold	e Pac @-@ 12 favorite UCLA Bruins 79 \u2013 63 . Tim Hardaway , Jr. was named the Big Ten Player of	 the Week , and Trey Burke was named Big Ten Freshman of the Week . In an ACC \u2013 Big Ten Challenge game in late November , Mich	20746865205765656b202c20616e642054726579204275726b6520776173206e616d6564204269672054656e2046726573686d616e206f6620746865205765656b202e20496e20616e2041434320e28093204269672054656e204368616c6c656e67652067616d6520696e206c617465204e6f76656d626572202c204d696368
11	229330	h1_greedy	e Pac @-@ 12 favorite UCLA Bruins 79 \u2013 63 . Tim Hardaway , Jr. was named the Big Ten Player of	 the British and the Battle of the Battle of the Battle of the Battle of British and the Battle of Barbados . \n\n = = = Backgroun	20746865204272697469736820616e642074686520426174746c65206f662074686520426174746c65206f662074686520426174746c65206f662074686520426174746c65206f66204272697469736820616e642074686520426174746c65206f66204261726261646f73202e200a0a203d203d203d204261636b67726f756e
11	229330	h1_top_p	e Pac @-@ 12 favorite UCLA Bruins 79 \u2013 63 . Tim Hardaway , Jr. was named the Big Ten Player of	 the US Bell President Lincoln in September 2014 , when the British of Fame . She was an electric had portion of the Central Pre	207468652055532042656c6c20507265736964656e74204c696e636f6c6e20696e2053657074656d6265722032303134202c207768656e207468652042726974697368206f662046616d65202e205368652077617320616e20656c6563747269632068616420706f7274696f6e206f66207468652043656e7472616c20507265
11	229330	h16_greedy	e Pac @-@ 12 favorite UCLA Bruins 79 \u2013 63 . Tim Hardaway , Jr. was named the Big Ten Player of	 the Yaa        @               @               .                               \\xed               \\xed               \\xed               	2074686520596161202020202020202040202020202020202020202020202020402020202020202020202020202020202e20202020202020202020202020202020202020202020202020202020202020ed202020202020202020202020202020ed202020202020202020202020202020ed202020202020202020202020202020
11	229330	h16_top_p	e Pac @-@ 12 favorite UCLA Bruins 79 \u2013 63 . Tim Hardaway , Jr. was named the Big Ten Player of	 the tiar lctsc faa tneeiwosh eorirtitoofnr ielesann is n hen and hteard ni st eltlee  e tt tre.ci  iati oe lh ou iimtnte al ig 	207468652074696172206c637473632066616120746e656569776f736820656f7269727469746f6f666e722069656c6573616e6e206973206e2068656e20616e6420687465617264206e6920737420656c746c6565202065207474207472652e6369202069617469206f65206c68206f752069696d746e746520616c20696720
