method	sample	reference_accuracy	distinct_2	distinct_4	immediate_repeat	period_block_repeat	exact_block_repeat	repeated_4gram_coverage	collapsed	longest_identical_run	prompt_vocabulary_reuse	reference_vocabulary_overlap
gpt2_ar	0	0.015625	0.25396825396825395	0.32786885245901637	0.06349206349206349	0.06349206349206349	0.06349206349206349	0.7213114754098361	0.0	5.0	0.421875	0.46875
gpt2_ar	1	0.015625	0.1111111111111111	0.11475409836065574	0.0	0.0	0.0	0.9836065573770492	0.0	1.0	0.828125	0.515625
gpt2_ar	2	0.046875	0.07936507936507936	0.11475409836065574	0.6666666666666666	0.6666666666666666	0.6666666666666666	0.9836065573770492	1.0	10.0	0.015625	0.234375
gpt2_ar	3	0.015625	0.47619047619047616	0.7377049180327869	0.06349206349206349	0.06349206349206349	0.06349206349206349	0.47540983606557374	0.0	5.0	0.5	0.4375
gpt2_ar	4	0.0625	0.3492063492063492	0.5901639344262295	0.07936507936507936	0.07936507936507936	0.07936507936507936	0.639344262295082	0.0	6.0	0.40625	0.515625
gpt2_ar	5	0.015625	0.19047619047619047	0.21311475409836064	0.0	0.0	0.0	0.819672131147541	0.0	1.0	0.5625	0.09375
gpt2_ar	6	0.0	0.42857142857142855	0.7049180327868853	0.0	0.0	0.0	0.5409836065573771	0.0	1.0	0.515625	0.359375
gpt2_ar	7	0.03125	0.2698412698412698	0.39344262295081966	0.0	0.0	0.0	0.8852459016393442	0.0	1.0	0.828125	0.5625
gpt2_ar	8	0.0	0.3333333333333333	0.5573770491803278	0.06349206349206349	0.06349206349206349	0.06349206349206349	0.6885245901639344	0.0	5.0	0.515625	0.515625
gpt2_ar	9	0.0	0.2857142857142857	0.4262295081967213	0.0	0.0	0.0	0.9016393442622951	0.0	1.0	0.65625	0.296875
gpt2_ar	10	0.078125	0.2698412698412698	0.32786885245901637	0.0	0.0	0.0	0.7213114754098361	0.0	1.0	0.828125	0.578125
gpt2_ar	11	0.015625	0.3333333333333333	0.5245901639344263	0.1746031746031746	0.1746031746031746	0.1746031746031746	0.6885245901639344	1.0	8.0	0.3125	0.515625
gpt2_ar	12	0.0	0.1746031746031746	0.2459016393442623	0.0	0.0	0.0	0.8688524590163934	0.0	1.0	0.109375	0.328125
gpt2_ar	13	0.0	0.2222222222222222	0.29508196721311475	0.4603174603174603	0.4603174603174603	0.4603174603174603	0.8360655737704918	1.0	12.0	0.0625	0.234375
gpt2_ar	14	0.03125	0.4126984126984127	0.639344262295082	0.06349206349206349	0.06349206349206349	0.06349206349206349	0.5409836065573771	0.0	5.0	0.453125	0.375
gpt2_ar	15	0.03125	0.5079365079365079	0.8032786885245902	0.07936507936507936	0.07936507936507936	0.07936507936507936	0.3442622950819672	0.0	6.0	0.4375	0.53125
gpt2_ar	16	0.015625	0.06349206349206349	0.06557377049180328	0.0	0.0	0.0	0.9672131147540983	1.0	1.0	0.5	0.015625
gpt2_ar	17	0.0	0.4126984126984127	0.5901639344262295	0.2698412698412698	0.2698412698412698	0.2698412698412698	0.5737704918032787	1.0	8.0	0.28125	0.1875
gpt2_ar	18	0.03125	0.47619047619047616	0.8032786885245902	0.06349206349206349	0.06349206349206349	0.06349206349206349	0.39344262295081966	0.0	5.0	0.328125	0.4375
gpt2_ar	19	0.03125	0.19047619047619047	0.2459016393442623	0.0	0.0	0.0	0.9672131147540983	0.0	1.0	0.21875	0.546875
gpt2_ar	20	0.0	0.4603174603174603	0.6721311475409836	0.2222222222222222	0.2222222222222222	0.2222222222222222	0.5245901639344263	1.0	10.0	0.4375	0.40625
gpt2_ar	21	0.03125	0.20634920634920634	0.3114754098360656	0.0	0.0	0.0	0.819672131147541	0.0	1.0	0.53125	0.953125
gpt2_ar	22	0.0	0.30158730158730157	0.4426229508196721	0.015873015873015872	0.015873015873015872	0.015873015873015872	0.7377049180327869	0.0	2.0	0.046875	0.078125
gpt2_ar	23	0.0	0.14285714285714285	0.18032786885245902	0.6507936507936508	0.6507936507936508	0.6507936507936508	0.9180327868852459	1.0	11.0	0.046875	0.046875
gpt2_ar	24	0.03125	0.5396825396825397	0.819672131147541	0.0	0.0	0.0	0.3442622950819672	0.0	1.0	0.375	0.40625
gpt2_ar	25	0.0	0.4444444444444444	0.7704918032786885	0.07936507936507936	0.07936507936507936	0.07936507936507936	0.4426229508196721	0.0	6.0	0.453125	0.359375
gpt2_ar	26	0.015625	0.36507936507936506	0.5737704918032787	0.07936507936507936	0.07936507936507936	0.07936507936507936	0.6229508196721312	0.0	6.0	0.671875	0.578125
gpt2_ar	27	0.0	0.4444444444444444	0.7377049180327869	0.1111111111111111	0.1111111111111111	0.1111111111111111	0.47540983606557374	0.0	5.0	0.703125	0.6875
gpt2_ar	28	0.0	0.1111111111111111	0.11475409836065574	0.0	0.0	0.0	0.9836065573770492	0.0	1.0	0.484375	0.484375
gpt2_ar	29	0.015625	0.09523809523809523	0.09836065573770492	0.0	0.0	0.0	0.9508196721311475	1.0	1.0	0.96875	0.375
gpt2_ar	30	0.015625	0.047619047619047616	0.04918032786885246	0.0	0.0	0.0	1.0	1.0	1.0	1.0	0.34375
gpt2_ar	31	0.015625	0.2698412698412698	0.4098360655737705	0.0	0.0	0.0	0.7049180327868853	0.0	1.0	0.234375	0.21875
gpt2_ar	32	0.015625	0.1746031746031746	0.2459016393442623	0.0	0.0	0.0	0.9508196721311475	0.0	1.0	0.6875	0.625
gpt2_ar	33	0.015625	0.1746031746031746	0.22950819672131148	0.0	0.0	0.0	0.8524590163934426	0.0	1.0	0.5625	0.546875
gpt2_ar	34	0.0	0.42857142857142855	0.7377049180327869	0.07936507936507936	0.07936507936507936	0.07936507936507936	0.47540983606557374	0.0	6.0	0.59375	0.34375
gpt2_ar	35	0.03125	0.23809523809523808	0.39344262295081966	0.0	0.0	0.0	0.8524590163934426	0.0	1.0	0.390625	0.265625
gpt2_ar	36	0.015625	0.2222222222222222	0.36065573770491804	0.0	0.0	0.0	0.9344262295081968	0.0	1.0	0.484375	0.375
gpt2_ar	37	0.0	0.19047619047619047	0.32786885245901637	0.015873015873015872	0.015873015873015872	0.015873015873015872	0.7704918032786885	0.0	2.0	1.0	0.609375
gpt2_ar	38	0.03125	0.4444444444444444	0.7049180327868853	0.0	0.0	0.0	0.5409836065573771	0.0	1.0	0.65625	0.46875
gpt2_ar	39	0.0625	0.07936507936507936	0.08196721311475409	0.0	0.0	0.0	0.9672131147540983	1.0	1.0	1.0	0.671875
gpt2_ar	40	0.03125	0.3333333333333333	0.5245901639344263	0.07936507936507936	0.07936507936507936	0.07936507936507936	0.6065573770491803	0.0	6.0	0.578125	0.34375
gpt2_ar	41	0.03125	0.2857142857142857	0.39344262295081966	0.0	0.0	0.0	0.9180327868852459	0.0	1.0	0.40625	0.390625
gpt2_ar	42	0.03125	0.31746031746031744	0.5081967213114754	0.19047619047619047	0.19047619047619047	0.19047619047619047	0.7213114754098361	1.0	9.0	0.328125	0.453125
gpt2_ar	43	0.015625	0.06349206349206349	0.06557377049180328	0.0	0.0	0.0	0.9836065573770492	1.0	1.0	1.0	0.671875
gpt2_ar	44	0.03125	0.4126984126984127	0.7540983606557377	0.0	0.0	0.0	0.39344262295081966	0.0	1.0	0.5	0.65625
gpt2_ar	45	0.0	0.1111111111111111	0.18032786885245902	0.6825396825396826	0.6825396825396826	0.6825396825396826	0.9180327868852459	1.0	11.0	1.0	0.96875
gpt2_ar	46	0.03125	0.09523809523809523	0.09836065573770492	0.0	0.0	0.0	0.9508196721311475	1.0	1.0	0.65625	0.34375
gpt2_ar	47	0.0	0.38095238095238093	0.6557377049180327	0.0	0.0	0.0	0.5245901639344263	0.0	1.0	0.34375	0.515625
gpt2_ar	48	0.0	0.14285714285714285	0.14754098360655737	0.0	0.0	0.0	0.8852459016393442	0.0	1.0	0.03125	0.0625
gpt2_ar	49	0.03125	0.06349206349206349	0.09836065573770492	0.6825396825396826	0.6825396825396826	0.6825396825396826	1.0	1.0	9.0	0.0	0.21875
gpt2_ar	50	0.03125	0.09523809523809523	0.09836065573770492	0.0	0.0	0.0	0.9508196721311475	1.0	1.0	0.984375	0.671875
gpt2_ar	51	0.03125	0.3492063492063492	0.5081967213114754	0.015873015873015872	0.015873015873015872	0.015873015873015872	0.6885245901639344	0.0	2.0	0.421875	0.578125
gpt2_ar	52	0.03125	0.1111111111111111	0.14754098360655737	0.0	0.0	0.0	1.0	1.0	1.0	0.546875	0.640625
gpt2_ar	53	0.0	0.36507936507936506	0.6065573770491803	0.07936507936507936	0.07936507936507936	0.07936507936507936	0.5737704918032787	0.0	6.0	0.515625	0.390625
gpt2_ar	54	0.0625	0.3968253968253968	0.5081967213114754	0.06349206349206349	0.06349206349206349	0.06349206349206349	0.7213114754098361	0.0	5.0	0.5	0.40625
gpt2_ar	55	0.0	0.20634920634920634	0.3114754098360656	0.0	0.0	0.0	0.7704918032786885	0.0	1.0	0.734375	0.359375
gpt2_ar	56	0.0	0.06349206349206349	0.06557377049180328	0.0	0.0	0.0	0.9672131147540983	1.0	1.0	0.015625	0.015625
gpt2_ar	57	0.0	0.4603174603174603	0.639344262295082	0.09523809523809523	0.09523809523809523	0.09523809523809523	0.5737704918032787	0.0	7.0	0.390625	0.59375
gpt2_ar	58	0.03125	0.47619047619047616	0.7049180327868853	0.0	0.0	0.0	0.47540983606557374	0.0	1.0	0.453125	0.375
gpt2_ar	59	0.03125	0.2857142857142857	0.45901639344262296	0.06349206349206349	0.06349206349206349	0.06349206349206349	0.7704918032786885	0.0	3.0	0.375	0.515625
gpt2_ar	60	0.0	0.19047619047619047	0.2786885245901639	0.5396825396825397	0.5396825396825397	0.5396825396825397	0.8688524590163934	1.0	11.0	0.125	0.1875
gpt2_ar	61	0.015625	0.3492063492063492	0.5737704918032787	0.07936507936507936	0.07936507936507936	0.07936507936507936	0.6065573770491803	0.0	6.0	0.515625	0.484375
gpt2_ar	62	0.0	0.5079365079365079	0.6557377049180327	0.07936507936507936	0.07936507936507936	0.07936507936507936	0.4918032786885246	0.0	6.0	0.140625	0.296875
gpt2_ar	63	0.015625	0.42857142857142855	0.6557377049180327	0.0	0.0	0.0	0.5573770491803278	0.0	1.0	0.34375	0.640625
prior_block2	0	0.0625	0.38095238095238093	0.5245901639344263	0.09523809523809523	0.3870967741935484	0.22580645161290322	0.6229508196721312	0.0	2.0	0.703125	0.734375
prior_block2	1	0.0	0.5555555555555556	0.8360655737704918	0.19047619047619047	0.1935483870967742	0.06451612903225806	0.29508196721311475	0.0	5.0	0.28125	0.28125
prior_block2	2	0.0625	0.4126984126984127	0.5245901639344263	0.0	0.6129032258064516	0.4838709677419355	0.5409836065573771	0.0	1.0	0.171875	0.203125
prior_block2	3	0.0	0.3968253968253968	0.6885245901639344	0.3492063492063492	0.3225806451612903	0.16129032258064516	0.4098360655737705	0.0	7.0	0.328125	0.25
prior_block2	4	0.015625	0.30158730158730157	0.4426229508196721	0.7142857142857143	0.6451612903225806	0.5483870967741935	0.5737704918032787	1.0	29.0	0.828125	0.140625
prior_block2	5	0.03125	0.5079365079365079	0.7213114754098361	0.30158730158730157	0.4032258064516129	0.2903225806451613	0.32786885245901637	1.0	15.0	0.3125	0.171875
prior_block2	6	0.0	0.25396825396825395	0.47540983606557374	0.42857142857142855	0.22580645161290322	0.06451612903225806	0.7540983606557377	0.0	5.0	0.140625	0.09375
prior_block2	7	0.03125	0.7142857142857143	0.8524590163934426	0.23809523809523808	0.22580645161290322	0.16129032258064516	0.18032786885245902	1.0	12.0	0.703125	0.59375
prior_block2	8	0.0	0.2222222222222222	0.3442622950819672	0.6031746031746031	0.6612903225806451	0.4838709677419355	0.8032786885245902	1.0	29.0	0.09375	0.78125
prior_block2	9	0.0	0.47619047619047616	0.7704918032786885	0.09523809523809523	0.11290322580645161	0.03225806451612903	0.4098360655737705	0.0	2.0	0.5	0.234375
prior_block2	10	0.046875	0.7619047619047619	0.9672131147540983	0.047619047619047616	0.16129032258064516	0.0	0.06557377049180328	0.0	2.0	0.578125	0.40625
prior_block2	11	0.046875	0.8253968253968254	0.9508196721311475	0.06349206349206349	0.0967741935483871	0.06451612903225806	0.08196721311475409	0.0	2.0	0.296875	0.28125
prior_block2	12	0.03125	0.49206349206349204	0.8032786885245902	0.015873015873015872	0.2903225806451613	0.12903225806451613	0.29508196721311475	0.0	2.0	0.703125	0.828125
prior_block2	13	0.0	0.5555555555555556	0.8524590163934426	0.12698412698412698	0.12903225806451613	0.0	0.2459016393442623	0.0	3.0	0.3125	0.375
prior_block2	14	0.0	0.2698412698412698	0.4098360655737705	0.6984126984126984	0.6290322580645161	0.4838709677419355	0.6557377049180327	1.0	12.0	0.90625	0.109375
prior_block2	15	0.0	0.38095238095238093	0.5737704918032787	0.20634920634920634	0.4838709677419355	0.22580645161290322	0.5737704918032787	0.0	6.0	0.140625	0.171875
prior_block2	16	0.046875	0.5079365079365079	0.8524590163934426	0.031746031746031744	0.08064516129032258	0.03225806451612903	0.26229508196721313	0.0	2.0	0.765625	0.609375
prior_block2	17	0.015625	0.25396825396825395	0.5245901639344263	0.031746031746031744	0.0	0.0	0.7704918032786885	0.0	2.0	0.9375	0.5
prior_block2	18	0.0	0.15873015873015872	0.29508196721311475	0.015873015873015872	0.8064516129032258	0.7419354838709677	0.7704918032786885	1.0	2.0	0.109375	0.109375
prior_block2	19	0.015625	0.5555555555555556	0.819672131147541	0.31746031746031744	0.3064516129032258	0.16129032258064516	0.21311475409836064	1.0	11.0	0.625	0.6875
prior_block2	20	0.03125	0.6349206349206349	0.819672131147541	0.031746031746031744	0.20967741935483872	0.16129032258064516	0.2786885245901639	0.0	2.0	0.609375	0.484375
prior_block2	21	0.015625	0.31746031746031744	0.45901639344262296	0.6349206349206349	0.5806451612903226	0.5161290322580645	0.6229508196721312	1.0	16.0	0.90625	0.9375
prior_block2	22	0.0	0.6190476190476191	0.8852459016393442	0.12698412698412698	0.03225806451612903	0.0	0.19672131147540983	0.0	3.0	0.421875	0.15625
prior_block2	23	0.0	0.5396825396825397	0.7049180327868853	0.09523809523809523	0.3709677419354839	0.25806451612903225	0.3770491803278688	0.0	3.0	0.40625	0.25
prior_block2	24	0.03125	0.36507936507936506	0.639344262295082	0.38095238095238093	0.3548387096774194	0.06451612903225806	0.5081967213114754	0.0	6.0	0.75	0.859375
prior_block2	25	0.0	0.3968253968253968	0.5409836065573771	0.5555555555555556	0.5161290322580645	0.3870967741935484	0.5081967213114754	1.0	20.0	0.890625	0.1875
prior_block2	26	0.03125	0.7777777777777778	0.9180327868852459	0.015873015873015872	0.08064516129032258	0.06451612903225806	0.16393442622950818	0.0	2.0	0.546875	0.421875
prior_block2	27	0.015625	0.2698412698412698	0.4098360655737705	0.0	0.5	0.3225806451612903	0.8032786885245902	0.0	1.0	0.171875	0.25
prior_block2	28	0.0	0.4126984126984127	0.6229508196721312	0.5714285714285714	0.5	0.3870967741935484	0.39344262295081966	1.0	18.0	0.109375	0.265625
prior_block2	29	0.046875	0.8095238095238095	0.9672131147540983	0.015873015873015872	0.04838709677419355	0.0	0.06557377049180328	0.0	2.0	0.4375	0.421875
prior_block2	30	0.015625	0.6190476190476191	0.9180327868852459	0.1746031746031746	0.24193548387096775	0.12903225806451613	0.13114754098360656	0.0	5.0	0.34375	0.46875
prior_block2	31	0.015625	0.3333333333333333	0.5737704918032787	0.15873015873015872	0.5	0.25806451612903225	0.5245901639344263	0.0	3.0	0.46875	0.15625
prior_block2	32	0.03125	0.7936507936507936	0.9672131147540983	0.031746031746031744	0.11290322580645161	0.03225806451612903	0.06557377049180328	0.0	2.0	0.21875	0.5
prior_block2	33	0.03125	0.6984126984126984	0.819672131147541	0.031746031746031744	0.22580645161290322	0.22580645161290322	0.21311475409836064	0.0	2.0	0.234375	0.515625
prior_block2	34	0.015625	0.6984126984126984	0.9016393442622951	0.015873015873015872	0.22580645161290322	0.0967741935483871	0.13114754098360656	0.0	2.0	0.40625	0.1875
prior_block2	35	0.015625	0.5873015873015873	0.8852459016393442	0.2857142857142857	0.3064516129032258	0.16129032258064516	0.16393442622950818	0.0	6.0	0.25	0.171875
prior_block2	36	0.0	0.42857142857142855	0.6065573770491803	0.5555555555555556	0.532258064516129	0.3225806451612903	0.4262295081967213	1.0	12.0	0.234375	0.25
prior_block2	37	0.0	0.2857142857142857	0.5081967213114754	0.07936507936507936	0.5161290322580645	0.3870967741935484	0.5901639344262295	0.0	2.0	0.609375	0.609375
prior_block2	38	0.015625	0.5079365079365079	0.8032786885245902	0.3492063492063492	0.1935483870967742	0.03225806451612903	0.32786885245901637	0.0	4.0	0.875	0.390625
prior_block2	39	0.0625	0.4603174603174603	0.8688524590163934	0.12698412698412698	0.08064516129032258	0.0	0.2459016393442623	0.0	3.0	0.71875	0.578125
prior_block2	40	0.015625	0.3333333333333333	0.5737704918032787	0.06349206349206349	0.41935483870967744	0.3225806451612903	0.5573770491803278	0.0	3.0	0.984375	0.1875
prior_block2	41	0.03125	0.49206349206349204	0.7540983606557377	0.3968253968253968	0.25806451612903225	0.0967741935483871	0.36065573770491804	1.0	10.0	0.234375	0.265625
prior_block2	42	0.015625	0.14285714285714285	0.29508196721311475	0.06349206349206349	0.7096774193548387	0.5483870967741935	0.819672131147541	1.0	2.0	0.015625	0.078125
prior_block2	43	0.015625	0.42857142857142855	0.8524590163934426	0.23809523809523808	0.27419354838709675	0.12903225806451613	0.26229508196721313	0.0	4.0	0.375	0.109375
prior_block2	44	0.03125	0.3492063492063492	0.5737704918032787	0.5555555555555556	0.5	0.3870967741935484	0.45901639344262296	1.0	12.0	0.84375	0.890625
prior_block2	45	0.0	0.30158730158730157	0.47540983606557374	0.5079365079365079	0.6612903225806451	0.5483870967741935	0.6065573770491803	1.0	26.0	0.1875	0.1875
prior_block2	46	0.0	0.42857142857142855	0.5737704918032787	0.14285714285714285	0.5806451612903226	0.4838709677419355	0.5081967213114754	0.0	5.0	0.859375	0.46875
prior_block2	47	0.0	0.4444444444444444	0.6065573770491803	0.031746031746031744	0.4838709677419355	0.3548387096774194	0.4262295081967213	0.0	2.0	0.15625	0.15625
prior_block2	48	0.046875	0.30158730158730157	0.4262295081967213	0.015873015873015872	0.7258064516129032	0.5483870967741935	0.6229508196721312	0.0	2.0	0.921875	0.890625
prior_block2	49	0.03125	0.6984126984126984	0.9180327868852459	0.047619047619047616	0.1935483870967742	0.06451612903225806	0.14754098360655737	0.0	3.0	0.28125	0.328125
prior_block2	50	0.0	0.30158730158730157	0.5573770491803278	0.19047619047619047	0.0	0.0	0.6065573770491803	0.0	2.0	0.140625	0.125
prior_block2	51	0.078125	0.6984126984126984	0.8688524590163934	0.1111111111111111	0.03225806451612903	0.0	0.19672131147540983	0.0	4.0	0.375	0.359375
prior_block2	52	0.03125	0.2222222222222222	0.39344262295081966	0.031746031746031744	0.7096774193548387	0.6129032258064516	0.7213114754098361	1.0	2.0	0.90625	0.734375
prior_block2	53	0.0	0.1111111111111111	0.2459016393442623	0.7301587301587301	0.8387096774193549	0.7096774193548387	0.8360655737704918	1.0	45.0	0.03125	0.03125
prior_block2	54	0.0	0.5873015873015873	0.7540983606557377	0.14285714285714285	0.3548387096774194	0.22580645161290322	0.3114754098360656	0.0	4.0	0.3125	0.203125
prior_block2	55	0.015625	0.49206349206349204	0.8360655737704918	0.031746031746031744	0.14516129032258066	0.03225806451612903	0.26229508196721313	0.0	2.0	0.65625	0.234375
prior_block2	56	0.03125	0.47619047619047616	0.6885245901639344	0.3333333333333333	0.3387096774193548	0.1935483870967742	0.4262295081967213	1.0	11.0	0.203125	0.28125
prior_block2	57	0.0	0.6031746031746031	0.7540983606557377	0.031746031746031744	0.3387096774193548	0.22580645161290322	0.29508196721311475	0.0	2.0	0.390625	0.4375
prior_block2	58	0.03125	0.6349206349206349	0.8524590163934426	0.031746031746031744	0.0	0.0	0.29508196721311475	0.0	2.0	0.53125	0.4375
prior_block2	59	0.03125	0.30158730158730157	0.39344262295081966	0.7142857142857143	0.6612903225806451	0.5806451612903226	0.639344262295082	1.0	24.0	0.921875	0.890625
prior_block2	60	0.0	0.42857142857142855	0.5409836065573771	0.0	0.5806451612903226	0.41935483870967744	0.6229508196721312	0.0	1.0	0.640625	0.21875
prior_block2	61	0.015625	0.42857142857142855	0.7049180327868853	0.4603174603174603	0.3709677419354839	0.1935483870967742	0.3442622950819672	1.0	14.0	0.234375	0.1875
prior_block2	62	0.015625	0.47619047619047616	0.8360655737704918	0.07936507936507936	0.0967741935483871	0.03225806451612903	0.29508196721311475	0.0	2.0	0.3125	0.5
prior_block2	63	0.0	0.06349206349206349	0.09836065573770492	0.0	0.967741935483871	0.9354838709677419	0.9344262295081968	1.0	1.0	0.0	0.015625
prior_block4	0	0.015625	0.5238095238095238	0.8032786885245902	0.25396825396825395	0.38333333333333336	0.06666666666666667	0.29508196721311475	0.0	3.0	0.359375	0.671875
prior_block4	1	0.03125	0.4603174603174603	0.9180327868852459	0.19047619047619047	0.2	0.0	0.14754098360655737	0.0	5.0	0.5625	0.5625
prior_block4	2	0.046875	0.5873015873015873	0.8032786885245902	0.047619047619047616	0.21666666666666667	0.06666666666666667	0.3770491803278688	0.0	2.0	0.609375	0.609375
prior_block4	3	0.078125	0.6031746031746031	0.9180327868852459	0.2222222222222222	0.18333333333333332	0.0	0.16393442622950818	0.0	5.0	0.421875	0.34375
prior_block4	4	0.015625	0.3333333333333333	0.5737704918032787	0.4603174603174603	0.6	0.3333333333333333	0.5409836065573771	1.0	21.0	0.890625	0.375
prior_block4	5	0.015625	0.5714285714285714	0.8688524590163934	0.12698412698412698	0.3333333333333333	0.06666666666666667	0.26229508196721313	0.0	3.0	0.859375	0.5
prior_block4	6	0.015625	0.3492063492063492	0.6557377049180327	0.30158730158730157	0.35	0.0	0.5573770491803278	0.0	5.0	0.921875	0.4375
prior_block4	7	0.015625	0.7142857142857143	0.9344262295081968	0.07936507936507936	0.25	0.06666666666666667	0.11475409836065574	0.0	3.0	0.578125	0.5
prior_block4	8	0.03125	0.7142857142857143	0.9836065573770492	0.1111111111111111	0.11666666666666667	0.0	0.03278688524590164	0.0	3.0	0.546875	0.609375
prior_block4	9	0.0	0.42857142857142855	0.7704918032786885	0.31746031746031744	0.3333333333333333	0.13333333333333333	0.32786885245901637	1.0	10.0	0.5	0.28125
prior_block4	10	0.046875	0.3492063492063492	0.5737704918032787	0.5873015873015873	0.6166666666666667	0.2	0.4426229508196721	1.0	17.0	0.234375	0.890625
prior_block4	11	0.03125	0.6349206349206349	0.9672131147540983	0.047619047619047616	0.13333333333333333	0.0	0.06557377049180328	0.0	2.0	0.5625	0.546875
prior_block4	12	0.015625	0.4603174603174603	0.819672131147541	0.20634920634920634	0.11666666666666667	0.0	0.29508196721311475	0.0	4.0	0.578125	0.390625
prior_block4	13	0.015625	0.6031746031746031	0.9180327868852459	0.12698412698412698	0.2	0.0	0.16393442622950818	0.0	2.0	0.65625	0.484375
prior_block4	14	0.015625	0.5555555555555556	0.8032786885245902	0.14285714285714285	0.36666666666666664	0.2	0.3442622950819672	0.0	2.0	0.765625	0.484375
prior_block4	15	0.03125	0.5396825396825397	0.9344262295081968	0.19047619047619047	0.35	0.0	0.13114754098360656	0.0	5.0	0.46875	0.5625
prior_block4	16	0.0625	0.3492063492063492	0.7049180327868853	0.38095238095238093	0.38333333333333336	0.0	0.45901639344262296	0.0	6.0	0.875	0.90625
prior_block4	17	0.015625	0.4126984126984127	0.7704918032786885	0.15873015873015872	0.3	0.0	0.4098360655737705	0.0	2.0	0.9375	0.515625
prior_block4	18	0.0	0.6349206349206349	0.9016393442622951	0.2698412698412698	0.26666666666666666	0.0	0.14754098360655737	0.0	6.0	0.578125	0.359375
prior_block4	19	0.03125	0.6825396825396826	0.9672131147540983	0.06349206349206349	0.13333333333333333	0.0	0.06557377049180328	0.0	3.0	0.390625	0.46875
prior_block4	20	0.09375	0.7142857142857143	0.9836065573770492	0.20634920634920634	0.11666666666666667	0.0	0.03278688524590164	0.0	5.0	0.4375	0.59375
prior_block4	21	0.0	0.6190476190476191	0.8852459016393442	0.1746031746031746	0.06666666666666667	0.0	0.21311475409836064	0.0	5.0	0.40625	0.453125
prior_block4	22	0.015625	0.5079365079365079	0.9344262295081968	0.09523809523809523	0.2833333333333333	0.0	0.13114754098360656	0.0	2.0	0.59375	0.375
prior_block4	23	0.0	0.7936507936507936	0.9836065573770492	0.09523809523809523	0.1	0.0	0.03278688524590164	0.0	3.0	0.59375	0.40625
prior_block4	24	0.0	0.4444444444444444	0.7868852459016393	0.30158730158730157	0.36666666666666664	0.0	0.36065573770491804	0.0	6.0	0.71875	0.84375
prior_block4	25	0.015625	0.5396825396825397	0.9508196721311475	0.20634920634920634	0.2	0.0	0.09836065573770492	0.0	3.0	0.890625	0.390625
prior_block4	26	0.046875	0.7619047619047619	1.0	0.1746031746031746	0.1	0.0	0.0	0.0	3.0	0.515625	0.59375
prior_block4	27	0.015625	0.6031746031746031	0.8360655737704918	0.2857142857142857	0.31666666666666665	0.06666666666666667	0.2786885245901639	0.0	3.0	0.265625	0.328125
prior_block4	28	0.0	0.42857142857142855	0.8360655737704918	0.2222222222222222	0.2833333333333333	0.0	0.32786885245901637	0.0	3.0	0.828125	0.40625
prior_block4	29	0.03125	0.746031746031746	0.9672131147540983	0.12698412698412698	0.16666666666666666	0.0	0.06557377049180328	0.0	3.0	0.765625	0.578125
prior_block4	30	0.0	0.6190476190476191	0.9016393442622951	0.25396825396825395	0.2	0.0	0.16393442622950818	0.0	3.0	0.484375	0.34375
prior_block4	31	0.015625	0.20634920634920634	0.3442622950819672	0.7142857142857143	0.6666666666666666	0.3333333333333333	0.7540983606557377	1.0	12.0	0.203125	0.1875
prior_block4	32	0.03125	0.42857142857142855	0.5901639344262295	0.36507936507936506	0.5333333333333333	0.4	0.4918032786885246	0.0	4.0	0.203125	0.640625
prior_block4	33	0.0	0.7936507936507936	1.0	0.047619047619047616	0.13333333333333333	0.0	0.0	0.0	2.0	0.484375	0.5625
prior_block4	34	0.0	0.5238095238095238	0.8688524590163934	0.1746031746031746	0.36666666666666664	0.13333333333333333	0.21311475409836064	0.0	2.0	0.5625	0.328125
prior_block4	35	0.046875	0.47619047619047616	0.8524590163934426	0.1111111111111111	0.2	0.0	0.2786885245901639	0.0	3.0	0.5625	0.546875
prior_block4	36	0.03125	0.23809523809523808	0.3442622950819672	0.7301587301587301	0.75	0.4666666666666667	0.7213114754098361	1.0	34.0	0.140625	0.953125
prior_block4	37	0.015625	0.36507936507936506	0.6885245901639344	0.31746031746031744	0.25	0.0	0.4918032786885246	0.0	3.0	0.53125	0.5625
prior_block4	38	0.03125	0.3492063492063492	0.819672131147541	0.2698412698412698	0.5833333333333334	0.0	0.3442622950819672	0.0	2.0	0.921875	0.96875
prior_block4	39	0.09375	0.20634920634920634	0.45901639344262296	0.49206349206349204	0.5666666666666667	0.13333333333333333	0.7540983606557377	0.0	7.0	0.984375	0.96875
prior_block4	40	0.015625	0.7142857142857143	0.9672131147540983	0.1111111111111111	0.1	0.0	0.06557377049180328	0.0	3.0	0.703125	0.296875
prior_block4	41	0.015625	0.5396825396825397	0.9508196721311475	0.12698412698412698	0.2	0.0	0.06557377049180328	0.0	2.0	0.4375	0.53125
prior_block4	42	0.03125	0.3333333333333333	0.7213114754098361	0.2222222222222222	0.26666666666666666	0.0	0.45901639344262296	0.0	3.0	0.3125	0.53125
prior_block4	43	0.015625	0.42857142857142855	0.7377049180327869	0.36507936507936506	0.48333333333333334	0.13333333333333333	0.3770491803278688	1.0	12.0	0.421875	0.28125
prior_block4	44	0.03125	0.36507936507936506	0.639344262295082	0.3968253968253968	0.45	0.0	0.5081967213114754	1.0	9.0	0.828125	0.890625
prior_block4	45	0.015625	0.6984126984126984	0.9344262295081968	0.20634920634920634	0.23333333333333334	0.0	0.09836065573770492	0.0	7.0	0.796875	0.375
prior_block4	46	0.015625	0.42857142857142855	0.8032786885245902	0.31746031746031744	0.3333333333333333	0.0	0.3442622950819672	0.0	4.0	0.828125	0.3125
prior_block4	47	0.046875	0.6349206349206349	0.9016393442622951	0.20634920634920634	0.21666666666666667	0.0	0.18032786885245902	0.0	4.0	0.4375	0.515625
prior_block4	48	0.03125	0.4126984126984127	0.7540983606557377	0.2698412698412698	0.38333333333333336	0.06666666666666667	0.3770491803278688	0.0	3.0	0.828125	0.859375
prior_block4	49	0.046875	0.5396825396825397	0.8688524590163934	0.1111111111111111	0.1	0.0	0.2459016393442623	0.0	2.0	0.46875	0.59375
prior_block4	50	0.0	0.47619047619047616	0.6229508196721312	0.4444444444444444	0.48333333333333334	0.2	0.4426229508196721	1.0	16.0	0.890625	0.28125
prior_block4	51	0.015625	0.3333333333333333	0.6885245901639344	0.23809523809523808	0.48333333333333334	0.06666666666666667	0.47540983606557374	0.0	3.0	0.125	0.203125
prior_block4	52	0.03125	0.23809523809523808	0.47540983606557374	0.3333333333333333	0.48333333333333334	0.06666666666666667	0.7704918032786885	0.0	3.0	0.859375	0.96875
prior_block4	53	0.03125	0.7301587301587301	1.0	0.12698412698412698	0.11666666666666667	0.0	0.0	0.0	3.0	0.453125	0.421875
prior_block4	54	0.046875	0.2222222222222222	0.39344262295081966	0.4603174603174603	0.8333333333333334	0.5333333333333333	0.7540983606557377	1.0	23.0	0.4375	0.96875
prior_block4	55	0.0	0.5396825396825397	0.9016393442622951	0.2222222222222222	0.21666666666666667	0.0	0.18032786885245902	0.0	5.0	0.390625	0.203125
prior_block4	56	0.046875	0.873015873015873	1.0	0.06349206349206349	0.05	0.0	0.0	0.0	2.0	0.5	0.546875
prior_block4	57	0.03125	0.5238095238095238	0.9344262295081968	0.19047619047619047	0.23333333333333334	0.0	0.13114754098360656	0.0	3.0	0.625	0.609375
prior_block4	58	0.125	0.4126984126984127	0.7049180327868853	0.5555555555555556	0.43333333333333335	0.06666666666666667	0.39344262295081966	1.0	9.0	0.4375	0.4375
prior_block4	59	0.046875	0.38095238095238093	0.7049180327868853	0.19047619047619047	0.2833333333333333	0.0	0.45901639344262296	0.0	4.0	0.5	0.5
prior_block4	60	0.03125	0.47619047619047616	0.6557377049180327	0.4126984126984127	0.5166666666666667	0.26666666666666666	0.4262295081967213	1.0	20.0	0.34375	0.90625
prior_block4	61	0.03125	0.5873015873015873	0.8688524590163934	0.2698412698412698	0.36666666666666664	0.0	0.18032786885245902	1.0	8.0	0.34375	0.296875
prior_block4	62	0.015625	0.31746031746031744	0.7213114754098361	0.1746031746031746	0.4166666666666667	0.06666666666666667	0.5245901639344263	0.0	3.0	0.65625	0.6875
prior_block4	63	0.03125	0.38095238095238093	0.7704918032786885	0.14285714285714285	0.31666666666666665	0.13333333333333333	0.36065573770491804	0.0	4.0	0.71875	0.71875
prior_block8	0	0.03125	0.6031746031746031	1.0	0.2857142857142857	0.2857142857142857	0.0	0.0	0.0	4.0	0.890625	0.875
prior_block8	1	0.0	0.4603174603174603	0.9016393442622951	0.25396825396825395	0.375	0.0	0.16393442622950818	0.0	3.0	0.859375	0.84375
prior_block8	2	0.046875	0.3492063492063492	0.639344262295082	0.5396825396825397	0.5357142857142857	0.0	0.5409836065573771	0.0	7.0	0.125	0.328125
prior_block8	3	0.09375	0.3492063492063492	0.7704918032786885	0.30158730158730157	0.375	0.0	0.4098360655737705	0.0	4.0	0.765625	0.796875
prior_block8	4	0.046875	0.3968253968253968	0.7704918032786885	0.31746031746031744	0.39285714285714285	0.14285714285714285	0.4262295081967213	0.0	3.0	0.859375	0.84375
prior_block8	5	0.046875	0.4126984126984127	0.7540983606557377	0.36507936507936506	0.42857142857142855	0.0	0.3442622950819672	0.0	5.0	0.828125	0.78125
prior_block8	6	0.015625	0.3492063492063492	0.8524590163934426	0.36507936507936506	0.4642857142857143	0.0	0.2459016393442623	0.0	4.0	0.953125	0.765625
prior_block8	7	0.03125	0.4603174603174603	0.8852459016393442	0.2857142857142857	0.32142857142857145	0.0	0.21311475409836064	0.0	3.0	0.8125	0.75
prior_block8	8	0.0	0.49206349206349204	0.8032786885245902	0.31746031746031744	0.26785714285714285	0.0	0.3442622950819672	0.0	4.0	0.765625	0.484375
prior_block8	9	0.0	0.42857142857142855	0.819672131147541	0.36507936507936506	0.21428571428571427	0.0	0.32786885245901637	0.0	5.0	0.796875	0.46875
prior_block8	10	0.0625	0.5555555555555556	0.9344262295081968	0.2698412698412698	0.32142857142857145	0.0	0.09836065573770492	0.0	3.0	0.8125	0.75
prior_block8	11	0.03125	0.42857142857142855	0.9672131147540983	0.30158730158730157	0.4107142857142857	0.0	0.06557377049180328	0.0	4.0	0.921875	0.703125
prior_block8	12	0.03125	0.25396825396825395	0.7704918032786885	0.38095238095238093	0.5	0.0	0.39344262295081966	1.0	5.0	0.921875	0.796875
prior_block8	13	0.0625	0.23809523809523808	0.639344262295082	0.3968253968253968	0.4642857142857143	0.0	0.5737704918032787	0.0	4.0	0.96875	0.890625
prior_block8	14	0.015625	0.42857142857142855	0.8688524590163934	0.30158730158730157	0.42857142857142855	0.0	0.22950819672131148	0.0	3.0	0.828125	0.828125
prior_block8	15	0.0625	0.5079365079365079	0.9180327868852459	0.3492063492063492	0.4107142857142857	0.0	0.14754098360655737	0.0	4.0	0.390625	0.640625
prior_block8	16	0.0625	0.2222222222222222	0.5573770491803278	0.4126984126984127	0.5892857142857143	0.0	0.639344262295082	1.0	4.0	0.90625	0.921875
prior_block8	17	0.015625	0.3968253968253968	0.819672131147541	0.30158730158730157	0.44642857142857145	0.0	0.3442622950819672	0.0	5.0	0.890625	0.75
prior_block8	18	0.015625	0.2857142857142857	0.6557377049180327	0.4126984126984127	0.5714285714285714	0.0	0.47540983606557374	1.0	5.0	0.875	0.796875
prior_block8	19	0.015625	0.4603174603174603	0.8688524590163934	0.30158730158730157	0.2857142857142857	0.0	0.19672131147540983	0.0	4.0	0.4375	0.8125
prior_block8	20	0.03125	0.3492063492063492	0.7868852459016393	0.3333333333333333	0.4642857142857143	0.0	0.39344262295081966	0.0	5.0	0.90625	0.546875
prior_block8	21	0.03125	0.49206349206349204	0.9344262295081968	0.2857142857142857	0.375	0.0	0.11475409836065574	0.0	4.0	0.828125	0.90625
prior_block8	22	0.015625	0.4603174603174603	0.9180327868852459	0.31746031746031744	0.48214285714285715	0.0	0.16393442622950818	0.0	4.0	0.765625	0.796875
prior_block8	23	0.046875	0.5714285714285714	0.8852459016393442	0.3492063492063492	0.23214285714285715	0.0	0.16393442622950818	0.0	5.0	0.859375	0.828125
prior_block8	24	0.03125	0.4603174603174603	0.9508196721311475	0.3492063492063492	0.3392857142857143	0.0	0.08196721311475409	0.0	3.0	0.46875	0.734375
prior_block8	25	0.03125	0.3492063492063492	0.7377049180327869	0.25396825396825395	0.39285714285714285	0.0	0.4262295081967213	0.0	4.0	0.90625	0.75
prior_block8	26	0.015625	0.2698412698412698	0.5573770491803278	0.3492063492063492	0.6964285714285714	0.2857142857142857	0.7704918032786885	0.0	5.0	0.9375	0.75
prior_block8	27	0.078125	0.38095238095238093	0.8524590163934426	0.2857142857142857	0.44642857142857145	0.0	0.29508196721311475	0.0	4.0	0.734375	0.75
prior_block8	28	0.03125	0.36507936507936506	0.8360655737704918	0.2698412698412698	0.44642857142857145	0.0	0.29508196721311475	0.0	3.0	0.859375	0.71875
prior_block8	29	0.046875	0.6031746031746031	0.9672131147540983	0.25396825396825395	0.23214285714285715	0.0	0.06557377049180328	0.0	3.0	0.828125	0.8125
prior_block8	30	0.03125	0.4444444444444444	0.8360655737704918	0.30158730158730157	0.35714285714285715	0.0	0.3114754098360656	0.0	6.0	0.859375	0.828125
prior_block8	31	0.03125	0.6190476190476191	0.9672131147540983	0.30158730158730157	0.23214285714285715	0.0	0.06557377049180328	0.0	5.0	0.796875	0.75
prior_block8	32	0.015625	0.5873015873015873	0.9672131147540983	0.2222222222222222	0.14285714285714285	0.0	0.06557377049180328	0.0	3.0	0.671875	0.765625
prior_block8	33	0.03125	0.4603174603174603	0.819672131147541	0.3333333333333333	0.4107142857142857	0.0	0.36065573770491804	0.0	3.0	0.5625	0.671875
prior_block8	34	0.015625	0.42857142857142855	0.8524590163934426	0.2857142857142857	0.5178571428571429	0.0	0.26229508196721313	0.0	5.0	0.921875	0.515625
prior_block8	35	0.046875	0.4444444444444444	0.7704918032786885	0.2698412698412698	0.42857142857142855	0.0	0.39344262295081966	0.0	3.0	0.734375	0.703125
prior_block8	36	0.03125	0.4603174603174603	0.8688524590163934	0.31746031746031744	0.375	0.0	0.22950819672131148	0.0	4.0	0.890625	0.8125
prior_block8	37	0.015625	0.3968253968253968	0.7540983606557377	0.3333333333333333	0.39285714285714285	0.0	0.4098360655737705	0.0	5.0	0.90625	0.9375
prior_block8	38	0.078125	0.38095238095238093	0.9016393442622951	0.36507936507936506	0.32142857142857145	0.0	0.18032786885245902	0.0	4.0	0.859375	0.921875
prior_block8	39	0.03125	0.2857142857142857	0.5901639344262295	0.4126984126984127	0.5892857142857143	0.0	0.6065573770491803	0.0	6.0	1.0	0.984375
prior_block8	40	0.0625	0.30158730158730157	0.6557377049180327	0.3492063492063492	0.4642857142857143	0.0	0.5573770491803278	0.0	5.0	0.90625	0.75
prior_block8	41	0.109375	0.31746031746031744	0.8032786885245902	0.31746031746031744	0.35714285714285715	0.0	0.3442622950819672	0.0	5.0	0.8125	0.953125
prior_block8	42	0.109375	0.3968253968253968	0.6557377049180327	0.3333333333333333	0.44642857142857145	0.14285714285714285	0.5409836065573771	0.0	5.0	0.328125	0.828125
prior_block8	43	0.046875	0.3968253968253968	0.8524590163934426	0.36507936507936506	0.44642857142857145	0.0	0.2459016393442623	0.0	5.0	0.875	0.8125
prior_block8	44	0.09375	0.42857142857142855	0.8524590163934426	0.25396825396825395	0.35714285714285715	0.0	0.26229508196721313	0.0	3.0	0.515625	0.828125
prior_block8	45	0.03125	0.3968253968253968	0.7049180327868853	0.4444444444444444	0.375	0.0	0.4426229508196721	0.0	6.0	0.890625	0.671875
prior_block8	46	0.015625	0.25396825396825395	0.6885245901639344	0.3333333333333333	0.5357142857142857	0.0	0.5245901639344263	0.0	5.0	0.890625	0.859375
prior_block8	47	0.046875	0.5873015873015873	0.8852459016393442	0.19047619047619047	0.3392857142857143	0.0	0.21311475409836064	0.0	4.0	0.6875	0.765625
prior_block8	48	0.03125	0.36507936507936506	0.7704918032786885	0.36507936507936506	0.5	0.0	0.39344262295081966	0.0	5.0	0.84375	0.890625
prior_block8	49	0.0625	0.4444444444444444	0.8688524590163934	0.2698412698412698	0.4107142857142857	0.0	0.22950819672131148	0.0	4.0	0.46875	0.578125
prior_block8	50	0.03125	0.5714285714285714	0.9836065573770492	0.23809523809523808	0.17857142857142858	0.0	0.03278688524590164	0.0	4.0	0.90625	0.796875
prior_block8	51	0.03125	0.3333333333333333	0.7704918032786885	0.36507936507936506	0.375	0.0	0.4098360655737705	0.0	5.0	0.390625	0.828125
prior_block8	52	0.0625	0.23809523809523808	0.5901639344262295	0.4444444444444444	0.5357142857142857	0.0	0.6065573770491803	0.0	6.0	0.859375	0.953125
prior_block8	53	0.0	0.42857142857142855	0.8360655737704918	0.2698412698412698	0.4642857142857143	0.0	0.32786885245901637	0.0	3.0	0.796875	0.75
prior_block8	54	0.046875	0.49206349206349204	0.8852459016393442	0.36507936507936506	0.375	0.0	0.18032786885245902	0.0	6.0	0.515625	0.953125
prior_block8	55	0.03125	0.1746031746031746	0.39344262295081966	0.5396825396825397	0.75	0.14285714285714285	0.8032786885245902	1.0	5.0	1.0	0.84375
prior_block8	56	0.015625	0.3333333333333333	0.7213114754098361	0.30158730158730157	0.5357142857142857	0.14285714285714285	0.45901639344262296	0.0	3.0	0.921875	0.796875
prior_block8	57	0.046875	0.5396825396825397	0.9180327868852459	0.3492063492063492	0.23214285714285715	0.0	0.16393442622950818	0.0	4.0	0.953125	0.8125
prior_block8	58	0.109375	0.5396825396825397	0.7213114754098361	0.49206349206349204	0.32142857142857145	0.0	0.32786885245901637	1.0	14.0	0.828125	0.84375
prior_block8	59	0.03125	0.4444444444444444	0.8852459016393442	0.23809523809523808	0.3392857142857143	0.0	0.22950819672131148	0.0	3.0	0.84375	0.84375
prior_block8	60	0.015625	0.47619047619047616	0.9508196721311475	0.25396825396825395	0.35714285714285715	0.0	0.09836065573770492	0.0	4.0	0.84375	0.875
prior_block8	61	0.015625	0.4126984126984127	0.8688524590163934	0.30158730158730157	0.375	0.0	0.2459016393442623	0.0	3.0	0.9375	0.796875
prior_block8	62	0.03125	0.30158730158730157	0.639344262295082	0.3333333333333333	0.5535714285714286	0.14285714285714285	0.5737704918032787	0.0	3.0	0.5	0.875
prior_block8	63	0.015625	0.5873015873015873	0.9508196721311475	0.25396825396825395	0.10714285714285714	0.0	0.09836065573770492	0.0	5.0	0.671875	0.734375
prior_block16	0	0.03125	0.42857142857142855	0.7049180327868853	0.5238095238095238	0.3333333333333333	0.0	0.36065573770491804	1.0	13.0	0.71875	0.796875
prior_block16	1	0.03125	0.4126984126984127	0.7049180327868853	0.47619047619047616	0.20833333333333334	0.0	0.4098360655737705	0.0	7.0	0.875	0.875
prior_block16	2	0.0625	0.4444444444444444	0.7868852459016393	0.42857142857142855	0.3125	0.0	0.3114754098360656	0.0	4.0	0.953125	0.828125
prior_block16	3	0.046875	0.3968253968253968	0.7213114754098361	0.49206349206349204	0.3125	0.0	0.39344262295081966	1.0	8.0	0.890625	0.921875
prior_block16	4	0.09375	0.2698412698412698	0.639344262295082	0.4444444444444444	0.375	0.0	0.6065573770491803	1.0	8.0	0.96875	0.96875
prior_block16	5	0.015625	0.2698412698412698	0.5409836065573771	0.5873015873015873	0.4583333333333333	0.0	0.6065573770491803	1.0	11.0	0.921875	0.859375
prior_block16	6	0.0625	0.3333333333333333	0.6885245901639344	0.42857142857142855	0.4375	0.0	0.39344262295081966	0.0	6.0	0.9375	0.859375
prior_block16	7	0.046875	0.30158730158730157	0.6885245901639344	0.5555555555555556	0.3958333333333333	0.0	0.4426229508196721	1.0	9.0	0.921875	0.875
prior_block16	8	0.015625	0.3333333333333333	0.7213114754098361	0.3968253968253968	0.4375	0.0	0.3770491803278688	1.0	8.0	0.921875	0.5
prior_block16	9	0.015625	0.31746031746031744	0.6885245901639344	0.4603174603174603	0.5625	0.0	0.47540983606557374	1.0	9.0	0.921875	0.578125
prior_block16	10	0.078125	0.3492063492063492	0.639344262295082	0.49206349206349204	0.4375	0.0	0.4918032786885246	1.0	8.0	0.875	0.890625
prior_block16	11	0.0625	0.3968253968253968	0.7704918032786885	0.38095238095238093	0.3125	0.0	0.3442622950819672	0.0	5.0	0.875	0.84375
prior_block16	12	0.0625	0.23809523809523808	0.5409836065573771	0.5714285714285714	0.5416666666666666	0.0	0.639344262295082	1.0	11.0	0.90625	0.765625
prior_block16	13	0.03125	0.3333333333333333	0.6065573770491803	0.5714285714285714	0.625	0.0	0.5245901639344263	1.0	8.0	0.765625	0.875
prior_block16	14	0.0	0.3333333333333333	0.6229508196721312	0.42857142857142855	0.5833333333333334	0.0	0.5409836065573771	0.0	7.0	0.90625	0.890625
prior_block16	15	0.046875	0.31746031746031744	0.5901639344262295	0.5238095238095238	0.5625	0.0	0.5409836065573771	1.0	9.0	0.3125	0.890625
prior_block16	16	0.078125	0.38095238095238093	0.819672131147541	0.4126984126984127	0.3958333333333333	0.0	0.3442622950819672	0.0	5.0	0.859375	0.9375
prior_block16	17	0.046875	0.2857142857142857	0.5737704918032787	0.5555555555555556	0.5625	0.0	0.5901639344262295	1.0	10.0	0.953125	0.859375
prior_block16	18	0.046875	0.31746031746031744	0.6557377049180327	0.4444444444444444	0.5833333333333334	0.0	0.4426229508196721	1.0	10.0	0.9375	0.78125
prior_block16	19	0.0	0.4603174603174603	0.8852459016393442	0.38095238095238093	0.3125	0.0	0.21311475409836064	0.0	4.0	0.484375	0.890625
prior_block16	20	0.03125	0.2857142857142857	0.5737704918032787	0.5714285714285714	0.5	0.0	0.5409836065573771	1.0	13.0	0.953125	0.890625
prior_block16	21	0.015625	0.38095238095238093	0.6557377049180327	0.42857142857142855	0.4791666666666667	0.0	0.47540983606557374	0.0	6.0	0.90625	0.9375
prior_block16	22	0.0	0.4126984126984127	0.6557377049180327	0.5555555555555556	0.5416666666666666	0.0	0.3770491803278688	1.0	11.0	0.796875	0.796875
prior_block16	23	0.015625	0.3968253968253968	0.7049180327868853	0.4603174603174603	0.3958333333333333	0.0	0.4262295081967213	1.0	8.0	0.921875	0.90625
prior_block16	24	0.015625	0.49206349206349204	0.819672131147541	0.3968253968253968	0.3541666666666667	0.0	0.26229508196721313	0.0	6.0	0.328125	0.8125
prior_block16	25	0.015625	0.3492063492063492	0.7213114754098361	0.4603174603174603	0.4791666666666667	0.0	0.39344262295081966	1.0	8.0	0.859375	0.78125
prior_block16	26	0.046875	0.2698412698412698	0.5737704918032787	0.4126984126984127	0.5625	0.0	0.6065573770491803	0.0	5.0	0.953125	0.921875
prior_block16	27	0.046875	0.3492063492063492	0.7049180327868853	0.4444444444444444	0.4583333333333333	0.0	0.4262295081967213	0.0	6.0	0.921875	0.921875
prior_block16	28	0.0	0.4603174603174603	0.819672131147541	0.5079365079365079	0.22916666666666666	0.0	0.22950819672131148	0.0	7.0	0.859375	0.78125
prior_block16	29	0.109375	0.23809523809523808	0.47540983606557374	0.5238095238095238	0.4791666666666667	0.0	0.6557377049180327	1.0	8.0	0.9375	0.9375
prior_block16	30	0.0	0.38095238095238093	0.6885245901639344	0.4603174603174603	0.4791666666666667	0.0	0.4426229508196721	1.0	11.0	0.859375	0.859375
prior_block16	31	0.0625	0.47619047619047616	0.8688524590163934	0.30158730158730157	0.22916666666666666	0.0	0.2459016393442623	0.0	6.0	0.890625	0.6875
prior_block16	32	0.046875	0.5396825396825397	0.8360655737704918	0.4126984126984127	0.375	0.0	0.19672131147540983	1.0	8.0	0.796875	0.78125
prior_block16	33	0.0625	0.4603174603174603	0.819672131147541	0.42857142857142855	0.3958333333333333	0.0	0.29508196721311475	0.0	6.0	0.75	0.78125
prior_block16	34	0.03125	0.31746031746031744	0.5901639344262295	0.5396825396825397	0.5208333333333334	0.0	0.5737704918032787	1.0	8.0	0.921875	0.65625
prior_block16	35	0.046875	0.38095238095238093	0.7377049180327869	0.5079365079365079	0.3333333333333333	0.0	0.3770491803278688	1.0	9.0	0.921875	0.828125
prior_block16	36	0.015625	0.2857142857142857	0.6065573770491803	0.49206349206349204	0.4583333333333333	0.0	0.5409836065573771	1.0	11.0	0.984375	0.96875
prior_block16	37	0.015625	0.36507936507936506	0.6557377049180327	0.5873015873015873	0.5416666666666666	0.0	0.45901639344262296	1.0	13.0	0.875	0.890625
prior_block16	38	0.03125	0.3492063492063492	0.6721311475409836	0.49206349206349204	0.375	0.0	0.4262295081967213	1.0	10.0	0.921875	0.90625
prior_block16	39	0.046875	0.23809523809523808	0.5081967213114754	0.5714285714285714	0.6041666666666666	0.0	0.6229508196721312	1.0	11.0	0.984375	0.984375
prior_block16	40	0.046875	0.31746031746031744	0.6721311475409836	0.4603174603174603	0.3541666666666667	0.0	0.47540983606557374	1.0	6.0	0.90625	0.859375
prior_block16	41	0.078125	0.3333333333333333	0.6557377049180327	0.42857142857142855	0.375	0.0	0.5245901639344263	0.0	7.0	0.828125	0.96875
prior_block16	42	0.078125	0.36507936507936506	0.8032786885245902	0.3492063492063492	0.4583333333333333	0.0	0.3442622950819672	0.0	6.0	0.484375	0.9375
prior_block16	43	0.046875	0.31746031746031744	0.5737704918032787	0.5396825396825397	0.5833333333333334	0.0	0.5573770491803278	1.0	9.0	0.9375	0.9375
prior_block16	44	0.03125	0.4126984126984127	0.8524590163934426	0.4126984126984127	0.2916666666666667	0.0	0.22950819672131148	0.0	6.0	0.515625	0.921875
prior_block16	45	0.03125	0.3968253968253968	0.7213114754098361	0.47619047619047616	0.375	0.0	0.3442622950819672	1.0	11.0	0.890625	0.796875
prior_block16	46	0.046875	0.3492063492063492	0.7540983606557377	0.42857142857142855	0.3125	0.0	0.3770491803278688	1.0	9.0	0.921875	0.875
prior_block16	47	0.0	0.4444444444444444	0.8688524590163934	0.31746031746031744	0.14583333333333334	0.0	0.22950819672131148	0.0	4.0	0.828125	0.859375
prior_block16	48	0.015625	0.2857142857142857	0.5573770491803278	0.5555555555555556	0.625	0.0	0.5737704918032787	1.0	12.0	0.890625	0.90625
prior_block16	49	0.015625	0.3968253968253968	0.7213114754098361	0.5238095238095238	0.3333333333333333	0.0	0.36065573770491804	1.0	10.0	0.453125	0.875
prior_block16	50	0.046875	0.31746031746031744	0.7049180327868853	0.3968253968253968	0.4583333333333333	0.0	0.45901639344262296	0.0	7.0	0.921875	0.9375
prior_block16	51	0.03125	0.4603174603174603	0.8852459016393442	0.2857142857142857	0.16666666666666666	0.0	0.21311475409836064	0.0	4.0	0.421875	0.828125
prior_block16	52	0.0625	0.2698412698412698	0.5573770491803278	0.5396825396825397	0.5416666666666666	0.0	0.5573770491803278	1.0	13.0	0.8125	0.96875
prior_block16	53	0.03125	0.5238095238095238	0.8032786885245902	0.36507936507936506	0.3333333333333333	0.0	0.26229508196721313	1.0	13.0	0.765625	0.765625
prior_block16	54	0.03125	0.30158730158730157	0.7049180327868853	0.4126984126984127	0.3125	0.0	0.4262295081967213	0.0	7.0	0.796875	0.96875
prior_block16	55	0.015625	0.25396825396825395	0.5409836065573771	0.5714285714285714	0.5833333333333334	0.0	0.6229508196721312	1.0	8.0	0.9375	0.8125
prior_block16	56	0.03125	0.36507936507936506	0.7213114754098361	0.5555555555555556	0.3333333333333333	0.0	0.39344262295081966	1.0	13.0	0.875	0.890625
prior_block16	57	0.0625	0.36507936507936506	0.7377049180327869	0.5238095238095238	0.375	0.0	0.32786885245901637	1.0	11.0	0.953125	0.90625
prior_block16	58	0.046875	0.42857142857142855	0.7868852459016393	0.4126984126984127	0.3125	0.0	0.3442622950819672	0.0	5.0	0.9375	0.90625
prior_block16	59	0.046875	0.4444444444444444	0.7868852459016393	0.4603174603174603	0.4166666666666667	0.0	0.36065573770491804	0.0	7.0	0.8125	0.796875
prior_block16	60	0.03125	0.30158730158730157	0.6557377049180327	0.5079365079365079	0.5	0.0	0.5081967213114754	1.0	9.0	0.953125	0.890625
prior_block16	61	0.0	0.42857142857142855	0.819672131147541	0.3492063492063492	0.1875	0.0	0.26229508196721313	1.0	10.0	0.921875	0.875
prior_block16	62	0.03125	0.30158730158730157	0.6557377049180327	0.49206349206349204	0.5416666666666666	0.0	0.4426229508196721	1.0	8.0	0.296875	0.9375
prior_block16	63	0.015625	0.4444444444444444	0.819672131147541	0.4603174603174603	0.2916666666666667	0.0	0.26229508196721313	1.0	8.0	0.625	0.515625
prior_block32	0	0.03125	0.3968253968253968	0.7213114754098361	0.47619047619047616	0.34375	0.0	0.4098360655737705	0.0	7.0	0.890625	0.671875
prior_block32	1	0.0625	0.31746031746031744	0.6065573770491803	0.5079365079365079	0.5	0.0	0.5081967213114754	1.0	12.0	0.90625	0.90625
prior_block32	2	0.046875	0.31746031746031744	0.6557377049180327	0.5238095238095238	0.34375	0.0	0.4918032786885246	1.0	12.0	0.953125	0.953125
prior_block32	3	0.09375	0.36507936507936506	0.7868852459016393	0.3968253968253968	0.15625	0.0	0.3442622950819672	0.0	6.0	0.921875	0.90625
prior_block32	4	0.078125	0.3968253968253968	0.6885245901639344	0.5555555555555556	0.375	0.0	0.4098360655737705	1.0	10.0	0.890625	0.9375
prior_block32	5	0.046875	0.20634920634920634	0.45901639344262296	0.6666666666666666	0.625	0.0	0.639344262295082	1.0	9.0	0.96875	0.875
prior_block32	6	0.015625	0.38095238095238093	0.6557377049180327	0.5555555555555556	0.4375	0.0	0.4426229508196721	1.0	11.0	0.953125	0.890625
prior_block32	7	0.03125	0.5238095238095238	0.9016393442622951	0.3333333333333333	0.15625	0.0	0.16393442622950818	0.0	6.0	0.78125	0.828125
prior_block32	8	0.03125	0.4603174603174603	0.9016393442622951	0.3968253968253968	0.15625	0.0	0.16393442622950818	0.0	7.0	0.921875	0.578125
prior_block32	9	0.015625	0.4126984126984127	0.6229508196721312	0.5555555555555556	0.40625	0.0	0.4262295081967213	1.0	12.0	0.953125	0.671875
prior_block32	10	0.046875	0.3968253968253968	0.6229508196721312	0.5079365079365079	0.34375	0.0	0.5081967213114754	1.0	11.0	0.828125	0.921875
prior_block32	11	0.015625	0.3968253968253968	0.7377049180327869	0.4603174603174603	0.28125	0.0	0.3770491803278688	1.0	9.0	0.890625	0.890625
prior_block32	12	0.046875	0.36507936507936506	0.7868852459016393	0.36507936507936506	0.34375	0.0	0.32786885245901637	0.0	6.0	0.890625	0.71875
prior_block32	13	0.03125	0.2857142857142857	0.5901639344262295	0.5714285714285714	0.4375	0.0	0.5081967213114754	1.0	11.0	0.859375	0.921875
prior_block32	14	0.03125	0.4444444444444444	0.7868852459016393	0.49206349206349204	0.375	0.0	0.29508196721311475	1.0	10.0	0.828125	0.921875
prior_block32	15	0.0625	0.3968253968253968	0.7213114754098361	0.5079365079365079	0.375	0.0	0.32786885245901637	1.0	9.0	0.3125	0.84375
prior_block32	16	0.03125	0.36507936507936506	0.639344262295082	0.6190476190476191	0.40625	0.0	0.4098360655737705	1.0	11.0	0.890625	0.890625
prior_block32	17	0.078125	0.4444444444444444	0.7049180327868853	0.5714285714285714	0.375	0.0	0.32786885245901637	1.0	11.0	0.828125	0.828125
prior_block32	18	0.03125	0.30158730158730157	0.6557377049180327	0.5555555555555556	0.25	0.0	0.4426229508196721	1.0	11.0	0.90625	0.8125
prior_block32	19	0.03125	0.36507936507936506	0.6885245901639344	0.5873015873015873	0.1875	0.0	0.39344262295081966	1.0	14.0	0.5625	0.9375
prior_block32	20	0.03125	0.30158730158730157	0.6229508196721312	0.38095238095238093	0.4375	0.0	0.5081967213114754	0.0	4.0	0.90625	0.953125
prior_block32	21	0.03125	0.42857142857142855	0.7377049180327869	0.5238095238095238	0.0625	0.0	0.3442622950819672	1.0	10.0	0.59375	0.84375
prior_block32	22	0.015625	0.36507936507936506	0.7213114754098361	0.4444444444444444	0.4375	0.0	0.36065573770491804	0.0	7.0	0.90625	0.84375
prior_block32	23	0.015625	0.42857142857142855	0.8032786885245902	0.5079365079365079	0.15625	0.0	0.29508196721311475	1.0	10.0	0.859375	0.84375
prior_block32	24	0.046875	0.3333333333333333	0.8524590163934426	0.3492063492063492	0.3125	0.0	0.2786885245901639	0.0	4.0	0.5	0.96875
prior_block32	25	0.03125	0.3968253968253968	0.7704918032786885	0.42857142857142855	0.21875	0.0	0.36065573770491804	0.0	5.0	0.90625	0.84375
prior_block32	26	0.046875	0.3968253968253968	0.9344262295081968	0.36507936507936506	0.28125	0.0	0.13114754098360656	0.0	5.0	0.9375	0.8125
prior_block32	27	0.03125	0.42857142857142855	0.7868852459016393	0.3968253968253968	0.3125	0.0	0.32786885245901637	0.0	6.0	0.84375	0.875
prior_block32	28	0.015625	0.5238095238095238	0.7868852459016393	0.4444444444444444	0.28125	0.0	0.26229508196721313	1.0	11.0	0.765625	0.78125
prior_block32	29	0.03125	0.3492063492063492	0.8032786885245902	0.4603174603174603	0.3125	0.0	0.32786885245901637	0.0	6.0	0.921875	0.90625
prior_block32	30	0.015625	0.42857142857142855	0.7540983606557377	0.5396825396825397	0.25	0.0	0.36065573770491804	0.0	7.0	0.828125	0.78125
prior_block32	31	0.09375	0.42857142857142855	0.9016393442622951	0.4126984126984127	0.15625	0.0	0.14754098360655737	0.0	6.0	0.875	0.84375
prior_block32	32	0.03125	0.49206349206349204	0.8524590163934426	0.38095238095238093	0.125	0.0	0.26229508196721313	0.0	4.0	0.734375	0.796875
prior_block32	33	0.0625	0.4444444444444444	0.8688524590163934	0.4126984126984127	0.21875	0.0	0.18032786885245902	1.0	8.0	0.828125	0.859375
prior_block32	34	0.03125	0.23809523809523808	0.6065573770491803	0.5714285714285714	0.3125	0.0	0.5737704918032787	1.0	8.0	0.984375	0.625
prior_block32	35	0.03125	0.5079365079365079	0.9180327868852459	0.3968253968253968	0.15625	0.0	0.13114754098360656	0.0	7.0	0.828125	0.71875
prior_block32	36	0.03125	0.2857142857142857	0.5409836065573771	0.6190476190476191	0.46875	0.0	0.5737704918032787	1.0	15.0	0.953125	0.96875
prior_block32	37	0.03125	0.42857142857142855	0.6557377049180327	0.5555555555555556	0.40625	0.0	0.45901639344262296	1.0	10.0	0.8125	0.84375
prior_block32	38	0.03125	0.42857142857142855	0.7868852459016393	0.4444444444444444	0.28125	0.0	0.2786885245901639	1.0	11.0	0.90625	0.84375
prior_block32	39	0.03125	0.25396825396825395	0.47540983606557374	0.6507936507936508	0.53125	0.0	0.639344262295082	1.0	12.0	0.984375	0.96875
prior_block32	40	0.03125	0.3492063492063492	0.7213114754098361	0.42857142857142855	0.34375	0.0	0.4098360655737705	0.0	7.0	0.84375	0.8125
prior_block32	41	0.109375	0.3333333333333333	0.7540983606557377	0.47619047619047616	0.1875	0.0	0.4098360655737705	0.0	7.0	0.921875	0.921875
prior_block32	42	0.03125	0.36507936507936506	0.7868852459016393	0.4126984126984127	0.40625	0.0	0.3442622950819672	0.0	6.0	0.328125	0.875
prior_block32	43	0.046875	0.38095238095238093	0.7377049180327869	0.5238095238095238	0.4375	0.0	0.32786885245901637	1.0	11.0	0.921875	0.875
prior_block32	44	0.0625	0.5079365079365079	0.819672131147541	0.4444444444444444	0.125	0.0	0.29508196721311475	0.0	7.0	0.515625	0.75
prior_block32	45	0.015625	0.4126984126984127	0.7213114754098361	0.5873015873015873	0.0625	0.0	0.39344262295081966	1.0	9.0	0.8125	0.71875
prior_block32	46	0.0625	0.3333333333333333	0.6229508196721312	0.4603174603174603	0.375	0.0	0.5573770491803278	0.0	5.0	0.890625	0.921875
prior_block32	47	0.03125	0.5079365079365079	0.9508196721311475	0.4444444444444444	0.0625	0.0	0.09836065573770492	0.0	4.0	0.671875	0.78125
prior_block32	48	0.0	0.49206349206349204	0.9016393442622951	0.42857142857142855	0.34375	0.0	0.18032786885245902	0.0	4.0	0.6875	0.796875
prior_block32	49	0.046875	0.4444444444444444	0.7377049180327869	0.5396825396825397	0.375	0.0	0.29508196721311475	1.0	15.0	0.390625	0.75
prior_block32	50	0.0625	0.30158730158730157	0.5737704918032787	0.6666666666666666	0.625	0.0	0.4918032786885246	1.0	11.0	0.921875	0.90625
prior_block32	51	0.0	0.25396825396825395	0.5573770491803278	0.5873015873015873	0.53125	0.0	0.5573770491803278	1.0	13.0	0.21875	0.875
prior_block32	52	0.03125	0.47619047619047616	0.8032786885245902	0.3492063492063492	0.09375	0.0	0.3114754098360656	0.0	7.0	0.5	0.90625
prior_block32	53	0.0625	0.3492063492063492	0.6557377049180327	0.5396825396825397	0.4375	0.0	0.47540983606557374	1.0	13.0	0.875	0.875
prior_block32	54	0.015625	0.42857142857142855	0.8524590163934426	0.36507936507936506	0.5	0.0	0.22950819672131148	0.0	6.0	0.75	0.921875
prior_block32	55	0.03125	0.3492063492063492	0.7377049180327869	0.5238095238095238	0.46875	0.0	0.3442622950819672	1.0	8.0	0.9375	0.75
prior_block32	56	0.046875	0.31746031746031744	0.6065573770491803	0.5714285714285714	0.3125	0.0	0.47540983606557374	1.0	12.0	0.9375	0.953125
prior_block32	57	0.03125	0.4126984126984127	0.7213114754098361	0.4444444444444444	0.34375	0.0	0.4098360655737705	0.0	6.0	0.953125	0.875
prior_block32	58	0.09375	0.42857142857142855	0.9016393442622951	0.3492063492063492	0.21875	0.0	0.11475409836065574	1.0	9.0	0.90625	0.96875
prior_block32	59	0.0625	0.4444444444444444	0.8032786885245902	0.47619047619047616	0.21875	0.0	0.26229508196721313	1.0	9.0	0.78125	0.765625
prior_block32	60	0.015625	0.38095238095238093	0.7868852459016393	0.47619047619047616	0.15625	0.0	0.3114754098360656	0.0	7.0	0.953125	0.90625
prior_block32	61	0.046875	0.2857142857142857	0.6557377049180327	0.5079365079365079	0.125	0.0	0.4918032786885246	1.0	10.0	0.96875	0.96875
prior_block32	62	0.0	0.38095238095238093	0.6885245901639344	0.5555555555555556	0.46875	0.0	0.39344262295081966	1.0	16.0	0.28125	0.859375
prior_block32	63	0.0	0.3333333333333333	0.7377049180327869	0.47619047619047616	0.375	0.0	0.39344262295081966	1.0	8.0	0.828125	0.4375
