condition	relative_mse	accuracy
gold	0.0	0.99969482421875
model_k	0.007554447598522529	0.325958251953125
random_0.001	1e-06	0.998626708984375
kerr_0.001	1e-06	0.9995880126953125
random_0.003	9e-06	0.9650421142578125
kerr_0.003	9e-06	0.885986328125
random_0.01	0.0001	0.387420654296875
kerr_0.01	0.0001	0.4998779296875
random_0.02	0.0004	0.1405181884765625
kerr_0.02	0.0004	0.45062255859375
random_0.03	0.0009	0.0970611572265625
kerr_0.03	0.0009	0.450408935546875
random_0.05	0.0025000000000000005	0.0675811767578125
kerr_0.05	0.0025000000000000005	0.4038848876953125
random_0.085	0.007225000000000001	0.03448486328125
kerr_0.085	0.007225000000000001	0.3260498046875
random_0.12	0.0144	0.0186920166015625
kerr_0.12	0.0144	0.255096435546875
random_0.2	0.04000000000000001	0.008544921875
kerr_0.2	0.04000000000000001	0.1480865478515625
random_0.3	0.09	0.0053253173828125
kerr_0.3	0.09	0.1058197021484375
random_0.5	0.25	0.003631591796875
kerr_0.5	0.25	0.080841064453125
random_1.0	1.0	0.0018768310546875
kerr_1.0	1.0	0.062713623046875
