condition	step	horizon	output_weight_multiplier	p_rms	logit_rms	stored_hidden_relative_mse_vs_unit	stored_memory_relative_mse_vs_unit
boundary_step0300	300	1	0.5	13.81404972076416	185.59060668945312	0.0	0.0
boundary_step0300	300	2	0.5	2.717194080352783	47.87251281738281	3.202159776216889e-15	5.0122217506542825e-15
boundary_step0300	300	3	0.5	2.51478910446167	42.366920471191406	8.545274947716064e-15	1.0441762234860655e-14
boundary_step0300	300	4	0.5	1.8609774112701416	33.229766845703125	1.633497211193241e-13	5.949479461603985e-14
boundary_step0300	300	5	0.5	2.280498504638672	45.007606506347656	6.178301793779983e-12	2.5994679499208306e-12
boundary_step0300	300	6	0.5	3.101407051086426	54.7547721862793	2.7294180804382506e-11	1.2076568911556507e-11
boundary_step0300	300	7	0.5	2.6766552925109863	49.24327087402344	3.0713434018281305e-09	8.576601651100191e-10
boundary_step0300	300	8	0.5	2.1231167316436768	41.680782318115234	4.406614806384823e-08	2.0115058063652214e-08
boundary_step0300	300	9	0.5	2.6585209369659424	48.071170806884766	4.896319865110854e-07	2.5431015160393144e-07
boundary_step0300	300	10	0.5	2.880079746246338	52.43487548828125	2.8333699447102845e-05	8.480421456624754e-06
boundary_step0300	300	11	0.5	2.4104251861572266	44.80664825439453	0.00028765134629793465	0.0003173894074279815
boundary_step0300	300	12	0.5	2.66972017288208	47.12914276123047	0.000855552963912487	0.0006039474392309785
boundary_step0300	300	13	0.5	2.75990629196167	48.556732177734375	0.02908569946885109	0.0053316568955779076
boundary_step0300	300	14	0.5	2.4043524265289307	44.990928649902344	0.27255237102508545	0.05468474328517914
boundary_step0300	300	15	0.5	2.8266024589538574	49.37586212158203	0.26982808113098145	0.1486654281616211
boundary_step0300	300	16	0.5	3.191802740097046	53.79546356201172	0.5633471608161926	0.15749073028564453
boundary_step0300	300	1	1.0	27.62809944152832	369.23126220703125	0.0	0.0
boundary_step0300	300	2	1.0	5.434388160705566	87.93476867675781	0.0	0.0
boundary_step0300	300	3	1.0	5.02957820892334	79.80682373046875	0.0	0.0
boundary_step0300	300	4	1.0	3.721954822540283	61.075408935546875	0.0	0.0
boundary_step0300	300	5	1.0	4.560997009277344	74.26264953613281	0.0	0.0
boundary_step0300	300	6	1.0	6.202810287475586	98.3730697631836	0.0	0.0
boundary_step0300	300	7	1.0	5.353309631347656	87.37010192871094	0.0	0.0
boundary_step0300	300	8	1.0	4.246217727661133	70.20475769042969	0.0	0.0
boundary_step0300	300	9	1.0	5.317061901092529	84.27494812011719	0.0	0.0
boundary_step0300	300	10	1.0	5.760226249694824	92.55152893066406	0.0	0.0
boundary_step0300	300	11	1.0	4.823454856872559	77.01376342773438	0.0	0.0
boundary_step0300	300	12	1.0	5.3428874015808105	84.82261657714844	0.0	0.0
boundary_step0300	300	13	1.0	5.499075412750244	87.58503723144531	0.0	0.0
boundary_step0300	300	14	1.0	4.856195449829102	78.8357162475586	0.0	0.0
boundary_step0300	300	15	1.0	5.7499847412109375	89.97473907470703	0.0	0.0
boundary_step0300	300	16	1.0	6.170510292053223	96.2243881225586	0.0	0.0
boundary_step0300	300	1	2.0	55.25619888305664	737.0277099609375	0.0	0.0
boundary_step0300	300	2	2.0	10.868776321411133	170.30181884765625	3.90079424517813e-15	6.324355407048236e-15
boundary_step0300	300	3	2.0	10.05915641784668	155.93418884277344	1.368464481408269e-14	1.0541216608362519e-14
boundary_step0300	300	4	2.0	7.443909645080566	118.890380859375	8.048007247608846e-13	1.706630442434992e-13
boundary_step0300	300	5	2.0	9.121994018554688	141.07485961914062	2.3030959084291425e-11	8.829412895261513e-12
boundary_step0300	300	6	2.0	12.405609130859375	190.85154724121094	1.5940849751316932e-09	9.146890189715151e-11
boundary_step0300	300	7	2.0	10.706605911254883	168.69964599609375	7.039582783363585e-08	2.666302734155579e-08
boundary_step0300	300	8	2.0	8.492966651916504	133.2816162109375	7.439967930622515e-07	2.3244555791279709e-07
boundary_step0300	300	9	2.0	10.633935928344727	162.6693115234375	4.083727617398836e-06	1.9540741504897596e-06
boundary_step0300	300	10	2.0	11.519662857055664	178.38253784179688	0.000144367222674191	3.5852375731337816e-05
boundary_step0300	300	11	2.0	9.651762008666992	148.42079162597656	0.0004264611634425819	0.00014537324022967368
boundary_step0300	300	12	2.0	10.739044189453125	165.2253875732422	0.0006974662537686527	0.0006023497553542256
boundary_step0300	300	13	2.0	10.968399047851562	170.1118621826172	0.01543345209211111	0.005188113544136286
boundary_step0300	300	14	2.0	9.620624542236328	150.08245849609375	0.260598361492157	0.09096620231866837
boundary_step0300	300	15	2.0	11.17431640625	170.69436645507812	0.2599599063396454	0.12460849434137344
boundary_step0300	300	16	2.0	12.706892967224121	193.03785705566406	0.1097349002957344	0.31381845474243164
