key	value
seed	1337
steps	1000
batch	64
context	256
parameters	12967808
trainable_parameters	12967808
precision	strict_float32_no_tf32
objective	ce_plus_state_mse_no_stopgrad_equal_weight
k_input	contextualized_next_position_query
initial_combined_loss	9.5172758102417
initial_ce	9.188560485839844
initial_mse	0.3287157416343689
initial_ce_k_gradient_norm	84.93091583251953
initial_mse_k_gradient_norm	0.5848369598388672
initial_ce_query_gradient_norm	3.3644206523895264
initial_mse_query_gradient_norm	0.9179619550704956
initial_mse_embed_gradient_norm	1.3338695764541626
head_self_retrieval	1.0
inverse_roundtrip_rel_l2	3.41278223459085e-07
