step	train_ce	gradient_norm	lr	block_nll	block_accuracy	h1_nll	h1_accuracy	h2_nll	h2_accuracy	h3_nll	h3_accuracy	h4_nll	h4_accuracy	h5_nll	h5_accuracy	h6_nll	h6_accuracy	h7_nll	h7_accuracy	h8_nll	h8_accuracy	h9_nll	h9_accuracy	h10_nll	h10_accuracy	h11_nll	h11_accuracy	h12_nll	h12_accuracy	h13_nll	h13_accuracy	h14_nll	h14_accuracy	h15_nll	h15_accuracy	h16_nll	h16_accuracy	training_wall_s	optimizer_steps_per_s	nominal_sampled_bytes_per_s	peak_vram_bytes
0	nan	nan	0.0	45.19008966785418	0.06396484375	48.57451562024653	0.0126953125	47.10514017811511	0.041015625	46.188726730877534	0.05859375	45.5645715482533	0.0654296875	45.25556086213328	0.0703125	45.478821804979816	0.0634765625	45.4593801839451	0.06640625	45.29359864966028	0.0634765625	45.09683454953627	0.0732421875	44.54588824231176	0.0771484375	44.60210022970564	0.0771484375	44.08047154671756	0.078125	43.334696906269116	0.08984375	44.26277690700954	0.068359375	44.43027100059264	0.0576171875	43.76807972531341	0.060546875	0.0	0.0	0.0	603875328
100	3.8156161308288574	32.69709777832031	0.0003	4.003625106419804	0.07928466796875	3.5153835869277827	0.076171875	3.639020409587829	0.0615234375	3.6578475789283402	0.0634765625	3.6890756475622766	0.0478515625	3.8077530001173727	0.0703125	3.788586512033362	0.076171875	3.8352495529397856	0.0859375	3.8716293342004064	0.0859375	3.9946738530125003	0.0908203125	4.096522680833004	0.0673828125	4.090029916318599	0.091796875	4.255646281293593	0.087890625	4.337616719421931	0.091796875	4.43936130052316	0.09375	4.484619148861384	0.08203125	4.554986180155538	0.095703125	12.541149422060698	7.9737507810961485	138807.05359732173	8418388480
300	3.1251468658447266	3.069856882095337	0.0002999764502869671	3.14262949265229	0.18841552734375	2.424212159865192	0.298828125	3.043303670885507	0.1923828125	3.1191189612145536	0.1884765625	3.1273004296817817	0.2060546875	3.2864422142738476	0.1650390625	3.1953589192125946	0.1748046875	3.235356164514087	0.171875	3.1883048907620832	0.1640625	3.2118435574229807	0.1650390625	3.1783576559391804	0.1787109375	3.1704791461816058	0.201171875	3.2025475497357547	0.1884765625	3.2192763856146485	0.2001953125	3.264557759859599	0.162109375	3.2381762369768694	0.1640625	3.177436180296354	0.193359375	35.4642002210021	8.459234894076035	147258.3610360756	8418388480
1000	3.003453254699707	1.138724446296692	0.0002995196544586693	3.056713294989782	0.2091064453125	2.0363896732046207	0.4267578125	2.685740034177286	0.26953125	2.9467360393020527	0.2177734375	3.050203691702336	0.212890625	3.21915801911382	0.177734375	3.173589153098874	0.1884765625	3.2037957122083753	0.17578125	3.1518134493380785	0.171875	3.179524593288079	0.1748046875	3.166149764088914	0.1845703125	3.134287055232562	0.2001953125	3.166479711420834	0.1982421875	3.19381564646028	0.2080078125	3.228910357458517	0.169921875	3.224078884231858	0.1767578125	3.1467409355100244	0.1923828125	115.99512273818254	8.621052130417086	150075.27548630064	8418388480
3357	2.9372949600219727	0.7010372281074524	0.00029374427120386587	2.9544167063580575	0.22894287109375	1.698922706057921	0.515625	2.365925062181063	0.3662109375	2.695403775171709	0.2763671875	2.834510083912164	0.25	3.080108272572488	0.201171875	3.101251038936198	0.1962890625	3.1423167689936236	0.177734375	3.1124428338371217	0.1728515625	3.1449877151753753	0.17578125	3.1374188497429714	0.185546875	3.1153762181056663	0.19921875	3.151788339135237	0.19921875	3.1694981578039005	0.2080078125	3.192701783729717	0.169921875	3.1983833720441908	0.1767578125	3.1296323243295774	0.1923828125	388.12095047719777	8.649365605934289	150568.1564681041	8418388480
6714	2.917153835296631	0.49969783425331116	0.0002748174294911695	2.912845769651354	0.2362060546875	1.5732400178931476	0.5576171875	2.2695972053954563	0.3779296875	2.5982128579875976	0.3076171875	2.773392201586205	0.2744140625	3.03302574592135	0.2138671875	3.0471126345348125	0.1884765625	3.120614955056226	0.1787109375	3.079470140422927	0.17578125	3.1329167514049914	0.1748046875	3.112577908032108	0.1875	3.0937481409637257	0.197265625	3.138220535009168	0.19921875	3.1540883203269914	0.2080078125	3.174360532895662	0.169921875	3.1852875819895416	0.1767578125	3.1196667850017548	0.19140625	776.072750271298	8.65125079788323	150600.97388955127	8418388480
10071	2.891486644744873	0.607904851436615	0.00024507709500273844	2.8885258270936984	0.23931884765625	1.5191087539485157	0.5634765625	2.1754694848232248	0.3955078125	2.538521512110183	0.314453125	2.7057684105164626	0.287109375	2.9853113363519697	0.2138671875	3.042737191750575	0.1982421875	3.105097315754392	0.17578125	3.0663791890547145	0.171875	3.12151007266948	0.1767578125	3.1053411313332617	0.1865234375	3.0929396600695327	0.19921875	3.1279837409965694	0.19921875	3.1568955291295424	0.2080078125	3.1701152379391715	0.169921875	3.1833440626505762	0.1767578125	3.1198906044010073	0.1923828125	1164.1026439943817	8.651298965736741	150601.8123955452	8418388480
13428	2.864058017730713	0.5840308666229248	0.00020745173632164443	2.8742981417161615	0.24346923828125	1.489346732490275	0.5673828125	2.1206405612038157	0.4189453125	2.513164692397382	0.3232421875	2.684517871608911	0.2861328125	2.9798835362868346	0.2265625	3.0159642726835045	0.2041015625	3.090977107933213	0.1923828125	3.0627556977560744	0.1689453125	3.107192923402181	0.1767578125	3.10098946391372	0.185546875	3.0865958536742255	0.2001953125	3.127950008958578	0.19921875	3.1479806900024414	0.2080078125	3.1667163324309513	0.169921875	3.1794623455498368	0.1767578125	3.1146321771666408	0.19140625	1607.7425471453462	8.352083499837898	145393.06956517813	8418388480
16785	2.849506378173828	0.5801006555557251	0.00016564624388438372	2.8657791062555042	0.24420166015625	1.4830660494962793	0.5537109375	2.096793545780187	0.4169921875	2.4632471420210464	0.3388671875	2.666977102696137	0.298828125	2.9670258481355063	0.224609375	3.016047809293241	0.2060546875	3.0884062571849427	0.185546875	3.0516363915230613	0.169921875	3.1145867754821666	0.1787109375	3.1024464826332405	0.185546875	3.08211339560512	0.201171875	3.1233123539132066	0.2001953125	3.1435901153017767	0.2080078125	3.163916974910535	0.169921875	3.1743568395031616	0.1767578125	3.1149426166084595	0.1923828125	2005.504258573288	8.369466147102981	145695.66668876872	8418388480
20142	2.850224018096924	0.5046851634979248	0.0001237771171624059	2.8561258397607077	0.24688720703125	1.4605147954392463	0.5791015625	2.067393148272952	0.427734375	2.450871417017744	0.3369140625	2.6637445918584177	0.3095703125	2.948381498628578	0.2236328125	3.00228416473783	0.205078125	3.0775602008034184	0.1845703125	3.040752470260486	0.171875	3.1054727624868974	0.177734375	3.0901646456914023	0.1875	3.083100367395673	0.2001953125	3.1227961184922606	0.19921875	3.1403927963692695	0.2080078125	3.160626200493425	0.169921875	3.168457965948619	0.1767578125	3.115500292275101	0.1923828125	2393.6571149614174	8.414739051012601	146483.77740002738	8418388480
23499	2.848925828933716	0.5142418146133423	8.596712156218794e-05	2.850149999483598	0.2467041015625	1.4318872878759439	0.5791015625	2.0543119913966166	0.4404296875	2.439570892750062	0.3369140625	2.6347252874043647	0.3037109375	2.9346659109100983	0.2197265625	2.9988396730300337	0.201171875	3.075017815350293	0.1806640625	3.0423869436781388	0.169921875	3.1064628417952918	0.177734375	3.0895675167557783	0.1904296875	3.0838264070334844	0.19921875	3.1227844051318243	0.201171875	3.1431681272224523	0.2080078125	3.1626598653383553	0.1708984375	3.1726843211217783	0.1767578125	3.1098407049430534	0.19140625	2791.3365340405144	8.418547786491633	146550.07986724636	8418388480
26856	2.8411874771118164	0.5634313225746155	5.5939328331781536e-05	2.8409331814399845	0.24920654296875	1.398271554203434	0.5927734375	2.0348629186728884	0.4345703125	2.409783814440864	0.3408203125	2.624734680622794	0.3076171875	2.9248534459503617	0.2333984375	2.9802614348334373	0.203125	3.068021158565898	0.19140625	3.0341011326527223	0.171875	3.105163926433306	0.1787109375	3.0888685394311324	0.1875	3.081643135752529	0.19921875	3.1195521863992326	0.2001953125	3.1427606096840464	0.20703125	3.1613087091827765	0.169921875	3.1696107697789557	0.1767578125	3.111132886435371	0.1923828125	3179.6139117314015	8.44630849705147	147033.338316672	8418388480
30213	2.834073066711426	0.5392532348632812	3.665051151582381e-05	2.8372086515063826	0.24810791015625	1.4031603338627527	0.5771484375	2.018700632830834	0.443359375	2.3983555890868686	0.33984375	2.617361142442629	0.30859375	2.91888134006291	0.2275390625	2.9793789651786255	0.20703125	3.0659283544196114	0.1875	3.032011914998293	0.169921875	3.0959237453353126	0.1787109375	3.0819539523799904	0.1875	3.0833860199782066	0.1982421875	3.119123778596986	0.2001953125	3.140476126631256	0.2060546875	3.1606269110925496	0.169921875	3.1700706547126174	0.1767578125	3.109998962492682	0.19140625	3567.819149571238	8.468198283993974	147414.3957277671	8418388480
33570	2.8419032096862793	0.5523221492767334	3.0000000594691997e-05	2.835063272527572	0.24993896484375	1.3975975982169826	0.587890625	2.0172593428235093	0.4404296875	2.396451373645146	0.3515625	2.617082899014079	0.3076171875	2.914818888341074	0.2255859375	2.977574770161368	0.2060546875	3.058892713978821	0.1943359375	3.0293147021438926	0.1708984375	3.094229875918245	0.181640625	3.0845808206941	0.189453125	3.0814313406008296	0.197265625	3.115240542101674	0.2001953125	3.139765058644116	0.20703125	3.1594937730114907	0.1708984375	3.1680176915833727	0.1767578125	3.109260969562456	0.19140625	3956.1783836651593	8.485461661336775	147714.91660055058	8418388480
