mode	chunk_size	horizon	gold_aligned_rollout_ce	gold_target_accuracy	labels
feedback_h1loss_greedy_block1	1	1	1.3039473368642418	0.61328125	1024
feedback_h1loss_greedy_block1	1	2	3.578704989127027	0.443359375	1024
feedback_h1loss_greedy_block1	1	3	4.942757481416955	0.318359375	1024
feedback_h1loss_greedy_block1	1	4	6.2464777969215	0.2578125	1024
feedback_h1loss_greedy_block1	1	5	6.908232427944995	0.1884765625	1024
feedback_h1loss_greedy_block1	1	6	7.446373000022653	0.154296875	1024
feedback_h1loss_greedy_block1	1	7	7.616488232039979	0.1240234375	1024
feedback_h1loss_greedy_block1	1	8	7.530809747508646	0.11328125	1024
feedback_h1loss_greedy_block1	1	9	7.854084032550668	0.0966796875	1024
feedback_h1loss_greedy_block1	1	10	8.260081858507808	0.076171875	1024
feedback_h1loss_greedy_block1	1	11	8.441638011028207	0.095703125	1024
feedback_h1loss_greedy_block1	1	12	8.439253615051369	0.0888671875	1024
feedback_h1loss_greedy_block1	1	13	8.561497727967227	0.09375	1024
feedback_h1loss_greedy_block1	1	14	8.565263566282947	0.0966796875	1024
feedback_h1loss_greedy_block1	1	15	8.451696454862745	0.095703125	1024
feedback_h1loss_greedy_block1	1	16	8.870551054496204	0.0810546875	1024
feedback_h4loss_greedy_block4	4	1	1.4473431299428456	0.5849609375	1024
feedback_h4loss_greedy_block4	4	2	2.0758204618142937	0.4404296875	1024
feedback_h4loss_greedy_block4	4	3	2.467928284348602	0.3359375	1024
feedback_h4loss_greedy_block4	4	4	2.670807277181666	0.2880859375	1024
feedback_h4loss_greedy_block4	4	5	4.94053726668059	0.130859375	1024
feedback_h4loss_greedy_block4	4	6	3.7441228957883936	0.1611328125	1024
feedback_h4loss_greedy_block4	4	7	3.495976152628714	0.140625	1024
feedback_h4loss_greedy_block4	4	8	3.3292263161492883	0.1650390625	1024
feedback_h4loss_greedy_block4	4	9	4.950757182838743	0.08203125	1024
feedback_h4loss_greedy_block4	4	10	3.747654727094414	0.134765625	1024
feedback_h4loss_greedy_block4	4	11	3.54278239294581	0.134765625	1024
feedback_h4loss_greedy_block4	4	12	3.4338518272634246	0.1748046875	1024
feedback_h4loss_greedy_block4	4	13	5.192319580165645	0.056640625	1024
feedback_h4loss_greedy_block4	4	14	3.8335064686252736	0.103515625	1024
feedback_h4loss_greedy_block4	4	15	3.6082061692967144	0.1396484375	1024
feedback_h4loss_greedy_block4	4	16	3.429776432939434	0.18359375	1024
parallel_scan_open_block16	16	1	1.5732400178931476	0.5576171875	1024
parallel_scan_open_block16	16	2	2.2695972053954563	0.3779296875	1024
parallel_scan_open_block16	16	3	2.5982128579875976	0.3076171875	1024
parallel_scan_open_block16	16	4	2.773392201586205	0.2744140625	1024
parallel_scan_open_block16	16	5	3.03302574592135	0.2138671875	1024
parallel_scan_open_block16	16	6	3.0471126345348125	0.1884765625	1024
parallel_scan_open_block16	16	7	3.120614955056226	0.1787109375	1024
parallel_scan_open_block16	16	8	3.079470140422927	0.17578125	1024
parallel_scan_open_block16	16	9	3.1329167514049914	0.1748046875	1024
parallel_scan_open_block16	16	10	3.112577908032108	0.1875	1024
parallel_scan_open_block16	16	11	3.0937481409637257	0.197265625	1024
parallel_scan_open_block16	16	12	3.138220535009168	0.19921875	1024
parallel_scan_open_block16	16	13	3.1540883203269914	0.2080078125	1024
parallel_scan_open_block16	16	14	3.174360532895662	0.169921875	1024
parallel_scan_open_block16	16	15	3.1852875819895416	0.1767578125	1024
parallel_scan_open_block16	16	16	3.1196667850017548	0.19140625	1024
