step	train_loss	train_token_ce	train_no_auxiliary_loss	preclip_gradient_norm	lr	first_gradient_100_crossing
501	3.1214584708213806	3.1214584708213806	0.0	17.340471267700195	0.000296949457625412	False
502	3.1080718636512756	3.1080718636512756	0.0	10.645895957946777	0.00029693424391314207	False
503	3.1382448077201843	3.1382448077201843	0.0	14.141375541687012	0.00029691899279384075	False
504	3.107913613319397	3.107913613319397	0.0	13.739352226257324	0.0002969037042718321	False
505	3.09990656375885	3.09990656375885	0.0	11.191468238830566	0.0002968883783514509	False
506	3.128285527229309	3.128285527229309	0.0	18.185646057128906	0.00029687301503704243	False
507	3.0949729084968567	3.0949729084968567	0.0	13.874261856079102	0.00029685761433296263	False
508	3.1156915426254272	3.1156915426254272	0.0	11.171016693115234	0.0002968421762435781	False
509	3.1260289549827576	3.1260289549827576	0.0	13.6577730178833	0.00029682670077326584	False
510	3.1067745089530945	3.1067745089530945	0.0	8.526522636413574	0.00029681118792641365	False
511	3.0911064743995667	3.0911064743995667	0.0	12.98244857788086	0.00029679563770741984	False
512	3.0823543667793274	3.0823543667793274	0.0	5.394658088684082	0.0002967800501206933	False
513	3.0882704854011536	3.0882704854011536	0.0	11.003762245178223	0.00029676442517065365	False
514	3.123077154159546	3.123077154159546	0.0	10.896177291870117	0.00029674876286173087	False
515	3.0918092727661133	3.0918092727661133	0.0	5.932071208953857	0.00029673306319836574	False
516	3.1079061031341553	3.1079061031341553	0.0	11.276074409484863	0.0002967173261850095	False
517	3.116492509841919	3.116492509841919	0.0	7.708934307098389	0.0002967015518261241	False
518	3.1086390614509583	3.1086390614509583	0.0	8.782440185546875	0.00029668574012618195	False
519	3.089960515499115	3.089960515499115	0.0	6.5910258293151855	0.0002966698910896661	False
520	3.0789570808410645	3.0789570808410645	0.0	7.74475622177124	0.00029665400472107025	False
521	3.11321222782135	3.11321222782135	0.0	9.190291404724121	0.00029663808102489854	False
522	3.1052860021591187	3.1052860021591187	0.0	10.917383193969727	0.0002966221200056659	False
523	3.1049899458885193	3.1049899458885193	0.0	7.0717597007751465	0.00029660612166789764	False
524	3.0980262756347656	3.0980262756347656	0.0	8.272334098815918	0.00029659008601612977	False
525	3.0954712629318237	3.0954712629318237	0.0	8.866313934326172	0.00029657401305490885	False
526	3.083552360534668	3.083552360534668	0.0	6.045691967010498	0.00029655790278879194	False
527	3.092276394367218	3.092276394367218	0.0	5.459758758544922	0.00029654175522234684	False
528	3.1102206707000732	3.1102206707000732	0.0	7.196188926696777	0.00029652557036015175	False
529	3.114531934261322	3.114531934261322	0.0	4.274107933044434	0.0002965093482067956	False
530	3.1159520745277405	3.1159520745277405	0.0	5.086112976074219	0.0002964930887668778	False
531	3.095743954181671	3.095743954181671	0.0	6.173525810241699	0.00029647679204500835	False
532	3.120894193649292	3.120894193649292	0.0	7.951322555541992	0.0002964604580458078	False
533	3.101961135864258	3.101961135864258	0.0	7.729979515075684	0.0002964440867739074	False
534	3.1165510416030884	3.1165510416030884	0.0	4.612430572509766	0.00029642767823394864	False
535	3.104366898536682	3.104366898536682	0.0	5.2083353996276855	0.000296411232430584	False
536	3.131693184375763	3.131693184375763	0.0	5.179718971252441	0.0002963947493684763	False
537	3.1000510454177856	3.1000510454177856	0.0	5.197943210601807	0.00029637822905229886	False
538	3.1102741956710815	3.1102741956710815	0.0	5.53511381149292	0.0002963616714867357	False
539	3.0886842012405396	3.0886842012405396	0.0	5.34945011138916	0.0002963450766764814	False
540	3.0756875872612	3.0756875872612	0.0	4.574963569641113	0.00029632844462624094	False
541	3.081056296825409	3.081056296825409	0.0	5.499918460845947	0.0002963117753407301	False
542	3.095183551311493	3.095183551311493	0.0	5.966856002807617	0.00029629506882467493	False
543	3.1185827255249023	3.1185827255249023	0.0	7.830757141113281	0.0002962783250828123	False
544	3.1077297925949097	3.1077297925949097	0.0	7.497768878936768	0.00029626154411988953	False
545	3.0861486196517944	3.0861486196517944	0.0	6.9628214836120605	0.00029624472594066444	False
546	3.109976828098297	3.109976828098297	0.0	5.948628902435303	0.0002962278705499055	False
547	3.102903425693512	3.102903425693512	0.0	7.01275110244751	0.00029621097795239163	False
548	3.0839648842811584	3.0839648842811584	0.0	5.765342712402344	0.0002961940481529124	False
549	3.114069879055023	3.114069879055023	0.0	8.484808921813965	0.00029617708115626786	False
550	3.1106454133987427	3.1106454133987427	0.0	8.27542495727539	0.0002961600769672686	False
551	3.083534061908722	3.083534061908722	0.0	5.339601039886475	0.00029614303559073583	False
552	3.0799993872642517	3.0799993872642517	0.0	6.0778608322143555	0.0002961259570315012	False
553	3.1033883690834045	3.1033883690834045	0.0	9.85356616973877	0.00029610884129440703	False
554	3.100705921649933	3.100705921649933	0.0	8.006548881530762	0.00029609168838430605	False
555	3.0882372856140137	3.0882372856140137	0.0	5.234246253967285	0.0002960744983060616	False
556	3.102505087852478	3.102505087852478	0.0	7.10554838180542	0.00029605727106454756	False
557	3.078894555568695	3.078894555568695	0.0	6.7299981117248535	0.0002960400066646483	False
558	3.1104087233543396	3.1104087233543396	0.0	5.869468688964844	0.00029602270511125883	False
559	3.1116926670074463	3.1116926670074463	0.0	9.625903129577637	0.00029600536640928454	False
560	3.116566240787506	3.116566240787506	0.0	13.929685592651367	0.0002959879905636414	False
561	3.1297754049301147	3.1297754049301147	0.0	16.63736343383789	0.0002959705775792561	False
562	3.1092973947525024	3.1092973947525024	0.0	13.940384864807129	0.00029595312746106563	False
563	3.1124971508979797	3.1124971508979797	0.0	14.780121803283691	0.00029593564021401753	False
564	3.142363667488098	3.142363667488098	0.0	21.718042373657227	0.00029591811584307	False
565	3.115205764770508	3.115205764770508	0.0	20.32278823852539	0.0002959005543531916	False
566	3.114953398704529	3.114953398704529	0.0	19.1441593170166	0.00029588295574936157	False
567	3.124331474304199	3.124331474304199	0.0	18.929311752319336	0.00029586532003656965	False
568	3.081685245037079	3.081685245037079	0.0	14.618927955627441	0.0002958476472198159	False
569	3.088076949119568	3.088076949119568	0.0	17.767486572265625	0.0002958299373041112	False
570	3.1232938170433044	3.1232938170433044	0.0	11.426047325134277	0.00029581219029447674	False
571	3.0865312218666077	3.0865312218666077	0.0	17.888629913330078	0.00029579440619594433	False
572	3.171419382095337	3.171419382095337	0.0	121.56369018554688	0.0002957765850135562	False
573	3.124789535999298	3.124789535999298	0.0	36.47249984741211	0.0002957587267523652	False
574	3.1078339219093323	3.1078339219093323	0.0	28.79662322998047	0.0002957408314174346	False
575	3.123452126979828	3.123452126979828	0.0	34.57891082763672	0.00029572289901383825	False
576	3.108037233352661	3.108037233352661	0.0	42.90205001831055	0.0002957049295466605	False
577	3.1380195021629333	3.1380195021629333	0.0	61.329280853271484	0.0002956869230209962	False
578	3.1098803877830505	3.1098803877830505	0.0	32.75819396972656	0.00029566887944195065	False
579	3.1034432649612427	3.1034432649612427	0.0	51.92747116088867	0.00029565079881463976	False
580	3.1570823192596436	3.1570823192596436	0.0	53.224708557128906	0.0002956326811441899	False
581	3.1308048367500305	3.1308048367500305	0.0	46.686466217041016	0.00029561452643573786	False
582	3.1203773021698	3.1203773021698	0.0	38.63239288330078	0.00029559633469443115	False
583	3.107259750366211	3.107259750366211	0.0	53.61163330078125	0.00029557810592542745	False
584	3.1588961482048035	3.1588961482048035	0.0	56.46524429321289	0.00029555984013389516	False
585	3.1365405321121216	3.1365405321121216	0.0	39.00126266479492	0.0002955415373250133	False
586	3.1238515973091125	3.1238515973091125	0.0	35.8486442565918	0.00029552319750397103	False
587	3.1071757078170776	3.1071757078170776	0.0	33.79207992553711	0.00029550482067596835	False
588	3.114731788635254	3.114731788635254	0.0	41.17466735839844	0.00029548640684621554	False
589	3.075697660446167	3.075697660446167	0.0	34.21504211425781	0.00029546795601993335	False
590	3.0955060720443726	3.0955060720443726	0.0	39.9210205078125	0.0002954494682023533	False
591	3.0979906916618347	3.0979906916618347	0.0	42.8790283203125	0.000295430943398717	False
592	3.0960134267807007	3.0960134267807007	0.0	34.99302673339844	0.00029541238161427685	False
593	3.1170186400413513	3.1170186400413513	0.0	42.680931091308594	0.0002953937828542956	False
594	3.071368992328644	3.071368992328644	0.0	24.81510353088379	0.00029537514712404657	False
595	3.0758917927742004	3.0758917927742004	0.0	37.1666374206543	0.0002953564744288135	False
596	3.0826885104179382	3.0826885104179382	0.0	26.90574073791504	0.0002953377647738905	False
597	3.113520324230194	3.113520324230194	0.0	33.48305892944336	0.00029531901816458246	False
598	3.1097972989082336	3.1097972989082336	0.0	43.35016632080078	0.00029530023460620444	False
599	3.103254973888397	3.103254973888397	0.0	31.51344871520996	0.0002952814141040821	False
600	3.078346073627472	3.078346073627472	0.0	39.87864685058594	0.00029526255666355165	False
601	3.090777277946472	3.090777277946472	0.0	26.32654571533203	0.00029524366228995963	False
602	3.0728633999824524	3.0728633999824524	0.0	38.95489501953125	0.0002952247309886632	False
603	3.071085572242737	3.071085572242737	0.0	23.145963668823242	0.0002952057627650298	False
604	3.141457974910736	3.141457974910736	0.0	46.128822326660156	0.00029518675762443754	False
605	3.0749287009239197	3.0749287009239197	0.0	38.94273376464844	0.00029516771557227487	False
606	3.071022689342499	3.071022689342499	0.0	30.848461151123047	0.0002951486366139408	False
607	3.0746867656707764	3.0746867656707764	0.0	28.456161499023438	0.00029512952075484467	False
608	3.1303922533988953	3.1303922533988953	0.0	26.885908126831055	0.00029511036800040636	False
609	3.084169328212738	3.084169328212738	0.0	22.36702537536621	0.00029509117835605625	False
610	3.0728976726531982	3.0728976726531982	0.0	30.72673797607422	0.00029507195182723513	False
611	3.064995527267456	3.064995527267456	0.0	26.260740280151367	0.00029505268841939426	False
612	3.0908994674682617	3.0908994674682617	0.0	28.23398780822754	0.00029503338813799526	False
613	3.068502187728882	3.068502187728882	0.0	11.272443771362305	0.0002950140509885105	False
614	3.0989015698432922	3.0989015698432922	0.0	30.458532333374023	0.00029499467697642243	False
615	3.1055096983909607	3.1055096983909607	0.0	22.408748626708984	0.00029497526610722415	False
616	3.0605672001838684	3.0605672001838684	0.0	25.76694679260254	0.00029495581838641924	False
617	3.0850528478622437	3.0850528478622437	0.0	15.09738826751709	0.00029493633381952154	False
618	3.084110736846924	3.084110736846924	0.0	9.493661880493164	0.00029491681241205564	False
619	3.0906673669815063	3.0906673669815063	0.0	17.079748153686523	0.00029489725416955635	False
620	3.107393801212311	3.107393801212311	0.0	11.625494003295898	0.0002948776590975689	False
621	3.087704658508301	3.087704658508301	0.0	18.25929832458496	0.00029485802720164914	False
622	3.108548581600189	3.108548581600189	0.0	13.345979690551758	0.0002948383584873632	False
623	3.0764482617378235	3.0764482617378235	0.0	13.634322166442871	0.0002948186529602876	False
624	3.083576500415802	3.083576500415802	0.0	23.881587982177734	0.0002947989106260096	False
625	3.099130868911743	3.099130868911743	0.0	15.210968971252441	0.0002947791314901267	False
626	3.086756944656372	3.086756944656372	0.0	12.685928344726562	0.0002947593155582466	False
627	3.090404212474823	3.090404212474823	0.0	29.523448944091797	0.00029473946283598793	False
628	3.105551779270172	3.105551779270172	0.0	19.584571838378906	0.0002947195733289793	False
629	3.1025471091270447	3.1025471091270447	0.0	17.501705169677734	0.0002946996470428601	False
630	3.0987338423728943	3.0987338423728943	0.0	11.423421859741211	0.00029467968398327996	False
631	3.123008370399475	3.123008370399475	0.0	14.47455883026123	0.00029465968415589883	False
632	3.080901026725769	3.080901026725769	0.0	13.594608306884766	0.00029463964756638725	False
633	3.0807246565818787	3.0807246565818787	0.0	8.709518432617188	0.00029461957422042634	False
634	3.1359288096427917	3.1359288096427917	0.0	34.12082290649414	0.00029459946412370723	False
635	3.1123510003089905	3.1123510003089905	0.0	10.290958404541016	0.0002945793172819318	False
636	3.133334159851074	3.133334159851074	0.0	28.51813507080078	0.0002945591337008122	False
637	3.155812919139862	3.155812919139862	0.0	17.785873413085938	0.0002945389133860711	False
638	3.1335325241088867	3.1335325241088867	0.0	24.7071590423584	0.0002945186563434414	False
639	3.1036400198936462	3.1036400198936462	0.0	16.62937355041504	0.0002944983625786667	False
640	3.113620102405548	3.113620102405548	0.0	10.00821590423584	0.0002944780320975007	False
641	3.1162415146827698	3.1162415146827698	0.0	9.22945785522461	0.0002944576649057077	False
642	3.091484785079956	3.091484785079956	0.0	13.55764102935791	0.00029443726100906244	False
643	3.0714625120162964	3.0714625120162964	0.0	10.17879867553711	0.0002944168204133499	False
644	3.1056482791900635	3.1056482791900635	0.0	21.091245651245117	0.0002943963431243656	False
645	3.1200408935546875	3.1200408935546875	0.0	17.299575805664062	0.0002943758291479155	False
646	3.0719723105430603	3.0719723105430603	0.0	8.23643970489502	0.00029435527848981573	False
647	3.08488130569458	3.08488130569458	0.0	9.141061782836914	0.00029433469115589303	False
648	3.100110948085785	3.100110948085785	0.0	8.689311981201172	0.00029431406715198455	False
649	3.1095452904701233	3.1095452904701233	0.0	12.549968719482422	0.00029429340648393765	False
650	3.071183204650879	3.071183204650879	0.0	8.18626880645752	0.0002942727091576103	False
651	3.080689549446106	3.080689549446106	0.0	16.591875076293945	0.0002942519751788707	False
652	3.099987745285034	3.099987745285034	0.0	8.021639823913574	0.00029423120455359763	False
653	3.1198617219924927	3.1198617219924927	0.0	12.718037605285645	0.00029421039728768	False
654	3.0957093834877014	3.0957093834877014	0.0	8.166664123535156	0.0002941895533870173	False
655	3.112044095993042	3.112044095993042	0.0	11.433355331420898	0.00029416867285751936	False
656	3.087459921836853	3.087459921836853	0.0	9.047243118286133	0.00029414775570510643	False
657	3.0949936509132385	3.0949936509132385	0.0	8.87531852722168	0.00029412680193570905	False
658	3.0811169147491455	3.0811169147491455	0.0	5.619874000549316	0.00029410581155526826	False
659	3.132314682006836	3.132314682006836	0.0	8.38721752166748	0.0002940847845697353	False
660	3.101858139038086	3.101858139038086	0.0	7.681349754333496	0.00029406372098507205	False
661	3.095061421394348	3.095061421394348	0.0	6.562929630279541	0.0002940426208072505	False
662	3.075076460838318	3.075076460838318	0.0	6.734514236450195	0.00029402148404225327	False
663	3.096084237098694	3.096084237098694	0.0	5.018503665924072	0.0002940003106960731	False
664	3.096233367919922	3.096233367919922	0.0	5.5034284591674805	0.0002939791007747132	False
665	3.0426394939422607	3.0426394939422607	0.0	4.781789779663086	0.0002939578542841873	False
666	3.074982166290283	3.074982166290283	0.0	4.244312286376953	0.00029393657123051933	False
667	3.1081448793411255	3.1081448793411255	0.0	6.101120471954346	0.0002939152516197436	False
668	3.100628077983856	3.100628077983856	0.0	4.162271976470947	0.0002938938954579048	False
669	3.1307878494262695	3.1307878494262695	0.0	8.875604629516602	0.000293872502751058	False
670	3.087669253349304	3.087669253349304	0.0	5.700654029846191	0.0002938510735052687	False
671	3.1130515933036804	3.1130515933036804	0.0	6.047435760498047	0.0002938296077266126	False
672	3.090771734714508	3.090771734714508	0.0	6.707335472106934	0.00029380810542117586	False
673	3.0937686562538147	3.0937686562538147	0.0	5.532360553741455	0.0002937865665950551	False
674	3.094725251197815	3.094725251197815	0.0	4.586823463439941	0.00029376499125435693	False
675	3.1048392057418823	3.1048392057418823	0.0	4.873157024383545	0.00029374337940519884	False
676	3.0797995924949646	3.0797995924949646	0.0	4.825005054473877	0.00029372173105370817	False
677	3.079768121242523	3.079768121242523	0.0	5.58770227432251	0.000293700046206023	False
678	3.057759404182434	3.057759404182434	0.0	4.415170669555664	0.0002936783248682914	False
679	3.0961462259292603	3.0961462259292603	0.0	3.7094969749450684	0.0002936565670466722	False
680	3.0817055106163025	3.0817055106163025	0.0	4.426774024963379	0.0002936347727473342	False
681	3.0922940969467163	3.0922940969467163	0.0	6.883157730102539	0.0002936129419764567	False
682	3.0912683606147766	3.0912683606147766	0.0	4.9963250160217285	0.0002935910747402293	False
683	3.1065036058425903	3.1065036058425903	0.0	9.411588668823242	0.00029356917104485214	False
684	3.1061975955963135	3.1061975955963135	0.0	4.222978591918945	0.00029354723089653536	False
685	3.0809105038642883	3.0809105038642883	0.0	7.743630886077881	0.00029352525430149966	False
686	3.082818925380707	3.082818925380707	0.0	5.524829864501953	0.000293503241265976	False
687	3.0840410590171814	3.0840410590171814	0.0	7.1286773681640625	0.00029348119179620566	False
688	3.072628438472748	3.072628438472748	0.0	4.488781929016113	0.00029345910589844034	False
689	3.0976388454437256	3.0976388454437256	0.0	5.7282633781433105	0.000293436983578942	False
690	3.0562592148780823	3.0562592148780823	0.0	4.030637264251709	0.0002934148248439829	False
691	3.101789116859436	3.101789116859436	0.0	6.560779094696045	0.0002933926296998457	False
692	3.106966972351074	3.106966972351074	0.0	4.792673110961914	0.00029337039815282326	False
693	3.059197723865509	3.059197723865509	0.0	4.610238075256348	0.000293348130209219	False
694	3.0591418147087097	3.0591418147087097	0.0	5.932807922363281	0.00029332582587534634	False
695	3.091529667377472	3.091529667377472	0.0	3.3829689025878906	0.0002933034851575293	False
696	3.081207275390625	3.081207275390625	0.0	5.1567769050598145	0.00029328110806210196	False
697	3.076879382133484	3.076879382133484	0.0	3.424678325653076	0.00029325869459540893	False
698	3.091738224029541	3.091738224029541	0.0	5.415920734405518	0.0002932362447638051	False
699	3.0539478063583374	3.0539478063583374	0.0	2.623969793319702	0.0002932137585736555	False
700	3.1535043120384216	3.1535043120384216	0.0	33.773704528808594	0.0002931912360313357	False
701	3.126797139644623	3.126797139644623	0.0	8.998493194580078	0.0002931686771432314	False
702	3.105794072151184	3.105794072151184	0.0	6.0901689529418945	0.0002931460819157388	False
703	3.1145174503326416	3.1145174503326416	0.0	3.8028347492218018	0.0002931234503552641	False
704	3.1169247031211853	3.1169247031211853	0.0	5.6485114097595215	0.0002931007824682241	False
705	3.088683605194092	3.088683605194092	0.0	4.204525470733643	0.00029307807826104565	False
706	3.1119075417518616	3.1119075417518616	0.0	6.142273902893066	0.00029305533774016615	False
707	3.0832576751708984	3.0832576751708984	0.0	8.649715423583984	0.00029303256091203317	False
708	3.076960504055023	3.076960504055023	0.0	5.586223125457764	0.0002930097477831045	False
709	3.0793380737304688	3.0793380737304688	0.0	8.30135440826416	0.00029298689835984833	False
710	3.0967739820480347	3.0967739820480347	0.0	11.135403633117676	0.0002929640126487431	False
711	3.079352378845215	3.079352378845215	0.0	7.987578392028809	0.0002929410906562776	False
712	3.0785340666770935	3.0785340666770935	0.0	6.4632697105407715	0.00029291813238895074	False
713	3.0744234919548035	3.0744234919548035	0.0	5.35097074508667	0.0002928951378532719	False
714	3.086387038230896	3.086387038230896	0.0	5.335291385650635	0.00029287210705576075	False
715	3.064340353012085	3.064340353012085	0.0	6.96761417388916	0.000292849040002947	False
716	3.084333658218384	3.084333658218384	0.0	4.743354320526123	0.0002928259367013709	False
717	3.094799757003784	3.094799757003784	0.0	6.340569972991943	0.0002928027971575829	False
718	3.092488944530487	3.092488944530487	0.0	5.326623439788818	0.0002927796213781436	False
719	3.080689787864685	3.080689787864685	0.0	4.863487243652344	0.00029275640936962406	False
720	3.079389810562134	3.079389810562134	0.0	4.635071754455566	0.00029273316113860554	False
721	3.091432511806488	3.091432511806488	0.0	3.6079375743865967	0.00029270987669167953	False
722	3.0829880833625793	3.0829880833625793	0.0	4.759995937347412	0.00029268655603544784	False
723	3.0853689312934875	3.0853689312934875	0.0	4.477596759796143	0.00029266319917652247	False
724	3.077380061149597	3.077380061149597	0.0	5.121241569519043	0.0002926398061215258	False
725	3.0520416498184204	3.0520416498184204	0.0	4.4580302238464355	0.00029261637687709035	False
726	3.0604105591773987	3.0604105591773987	0.0	5.954989910125732	0.00029259291144985905	False
727	3.086331605911255	3.086331605911255	0.0	5.305089473724365	0.000292569409846485	False
728	3.0807599425315857	3.0807599425315857	0.0	4.376476764678955	0.0002925458720736314	False
729	3.0698906779289246	3.0698906779289246	0.0	5.4719157218933105	0.0002925222981379721	False
730	3.0922775864601135	3.0922775864601135	0.0	5.05127477645874	0.00029249868804619075	False
731	3.0841176509857178	3.0841176509857178	0.0	3.9689347743988037	0.00029247504180498156	False
732	3.125749111175537	3.125749111175537	0.0	5.166861057281494	0.00029245135942104896	False
733	3.1002467274665833	3.1002467274665833	0.0	4.472928047180176	0.0002924276409011075	False
734	3.065010964870453	3.065010964870453	0.0	5.135238170623779	0.00029240388625188205	False
735	3.0598734617233276	3.0598734617233276	0.0	4.926829814910889	0.0002923800954801077	False
736	3.099745810031891	3.099745810031891	0.0	3.5632972717285156	0.0002923562685925298	False
737	3.0884393453598022	3.0884393453598022	0.0	3.1819348335266113	0.000292332405595904	False
738	3.0862377285957336	3.0862377285957336	0.0	3.735300302505493	0.000292308506496996	False
739	3.065964460372925	3.065964460372925	0.0	7.117562294006348	0.000292284571302582	False
740	3.0968933701515198	3.0968933701515198	0.0	3.867906332015991	0.0002922606000194481	False
741	3.079662322998047	3.079662322998047	0.0	7.73984432220459	0.0002922365926543911	False
742	3.0830618739128113	3.0830618739128113	0.0	6.233830451965332	0.00029221254921421753	False
743	3.0878777503967285	3.0878777503967285	0.0	10.171783447265625	0.00029218846970574443	False
744	3.0923349857330322	3.0923349857330322	0.0	7.536455154418945	0.00029216435413579906	False
745	3.0892316699028015	3.0892316699028015	0.0	6.31655216217041	0.0002921402025112188	False
746	3.071412444114685	3.071412444114685	0.0	4.919541835784912	0.00029211601483885137	False
747	3.0824268460273743	3.0824268460273743	0.0	5.45192813873291	0.0002920917911255546	False
748	3.0523362159729004	3.0523362159729004	0.0	5.886044979095459	0.0002920675313781966	False
749	3.0488585233688354	3.0488585233688354	0.0	5.4801344871521	0.00029204323560365575	False
750	3.0693602561950684	3.0693602561950684	0.0	5.215301036834717	0.00029201890380882044	False
751	3.0683390498161316	3.0683390498161316	0.0	4.122239589691162	0.00029199453600058946	False
752	3.071053147315979	3.071053147315979	0.0	4.213668346405029	0.0002919701321858718	False
753	3.1046853065490723	3.1046853065490723	0.0	4.427936553955078	0.00029194569237158666	False
754	3.058744728565216	3.058744728565216	0.0	2.547029495239258	0.0002919212165646633	False
755	3.0896509289741516	3.0896509289741516	0.0	4.962995529174805	0.0002918967047720414	False
756	3.096078634262085	3.096078634262085	0.0	3.22019100189209	0.0002918721570006706	False
757	3.0696898698806763	3.0696898698806763	0.0	4.315977573394775	0.00029184757325751104	False
758	3.0472781658172607	3.0472781658172607	0.0	3.432692766189575	0.0002918229535495328	False
759	3.075175106525421	3.075175106525421	0.0	4.507043838500977	0.00029179829788371624	False
760	3.033659875392914	3.033659875392914	0.0	4.608911514282227	0.00029177360626705197	False
761	3.0499674677848816	3.0499674677848816	0.0	3.175734758377075	0.00029174887870654073	False
762	3.1050623655319214	3.1050623655319214	0.0	4.08476448059082	0.0002917241152091935	False
763	3.079492151737213	3.079492151737213	0.0	4.5585761070251465	0.0002916993157820314	False
764	3.0811246037483215	3.0811246037483215	0.0	3.1150341033935547	0.00029167448043208573	False
765	3.081908702850342	3.081908702850342	0.0	8.053681373596191	0.0002916496091663981	False
766	3.088160753250122	3.088160753250122	0.0	6.559587001800537	0.00029162470199202005	False
767	3.0856863260269165	3.0856863260269165	0.0	4.684072971343994	0.00029159975891601355	False
768	3.0958736538887024	3.0958736538887024	0.0	5.266316890716553	0.0002915747799454507	False
769	3.083687722682953	3.083687722682953	0.0	5.347766876220703	0.00029154976508741367	False
770	3.0566375255584717	3.0566375255584717	0.0	4.280148506164551	0.00029152471434899487	False
771	3.0910844206809998	3.0910844206809998	0.0	11.406342506408691	0.0002914996277372969	False
772	3.1404836773872375	3.1404836773872375	0.0	30.17156219482422	0.0002914745052594325	False
773	3.1211239099502563	3.1211239099502563	0.0	11.592634201049805	0.00029144934692252466	False
774	3.093060851097107	3.093060851097107	0.0	9.085586547851562	0.0002914241527337063	False
775	3.0912510752677917	3.0912510752677917	0.0	11.19096851348877	0.00029139892270012085	False
776	3.0941720008850098	3.0941720008850098	0.0	9.655742645263672	0.00029137365682892165	False
777	3.07929265499115	3.07929265499115	0.0	7.607628345489502	0.0002913483551272723	False
778	3.126736044883728	3.126736044883728	0.0	12.63493824005127	0.0002913230176023465	False
779	3.1332035660743713	3.1332035660743713	0.0	7.743717193603516	0.0002912976442613282	False
780	3.1117610335350037	3.1117610335350037	0.0	9.405932426452637	0.0002912722351114114	False
781	3.1092140078544617	3.1092140078544617	0.0	7.116879940032959	0.00029124679015980027	False
782	3.102984309196472	3.102984309196472	0.0	6.227022647857666	0.00029122130941370926	False
783	3.0652740001678467	3.0652740001678467	0.0	12.700870513916016	0.0002911957928803628	False
784	3.1348671913146973	3.1348671913146973	0.0	14.908706665039062	0.0002911702405669956	False
785	3.0954723954200745	3.0954723954200745	0.0	8.317005157470703	0.0002911446524808524	False
786	3.151435613632202	3.151435613632202	0.0	18.506053924560547	0.0002911190286291881	False
787	3.1171812415122986	3.1171812415122986	0.0	12.138270378112793	0.00029109336901926786	False
788	3.0896034240722656	3.0896034240722656	0.0	15.591588973999023	0.0002910676736583669	False
789	3.089302122592926	3.089302122592926	0.0	11.540589332580566	0.00029104194255377046	False
790	3.0943081378936768	3.0943081378936768	0.0	12.321191787719727	0.00029101617571277414	False
791	3.0836660861968994	3.0836660861968994	0.0	9.969541549682617	0.00029099037314268345	False
792	3.0826615691184998	3.0826615691184998	0.0	8.622396469116211	0.0002909645348508142	False
793	3.090807795524597	3.090807795524597	0.0	10.504096984863281	0.00029093866084449227	False
794	3.0898399353027344	3.0898399353027344	0.0	4.635798454284668	0.0002909127511310537	False
795	3.0999680757522583	3.0999680757522583	0.0	6.136536121368408	0.0002908868057178445	False
796	3.0901201963424683	3.0901201963424683	0.0	9.22645378112793	0.000290860824612221	False
797	3.087750494480133	3.087750494480133	0.0	7.395514011383057	0.0002908348078215495	False
798	3.08703351020813	3.08703351020813	0.0	5.49405574798584	0.0002908087553532066	False
799	3.058815062046051	3.058815062046051	0.0	13.432880401611328	0.00029078266721457884	False
800	3.074492394924164	3.074492394924164	0.0	6.3068037033081055	0.0002907565434130629	False
801	3.085925817489624	3.085925817489624	0.0	9.613628387451172	0.0002907303839560657	False
802	3.0899089574813843	3.0899089574813843	0.0	6.16443395614624	0.000290704188851004	False
803	3.1398584842681885	3.1398584842681885	0.0	7.279690742492676	0.000290677958105305	False
804	3.0850982666015625	3.0850982666015625	0.0	4.046284198760986	0.0002906516917264058	False
805	3.062842845916748	3.062842845916748	0.0	3.2488343715667725	0.00029062538972175365	False
806	3.0628445744514465	3.0628445744514465	0.0	4.582051753997803	0.00029059905209880585	False
807	3.105008602142334	3.105008602142334	0.0	5.785689353942871	0.0002905726788650299	False
808	3.0694885849952698	3.0694885849952698	0.0	4.005094051361084	0.00029054627002790345	False
809	3.0596699714660645	3.0596699714660645	0.0	3.764462947845459	0.00029051982559491393	False
810	3.0796509385108948	3.0796509385108948	0.0	4.436646938323975	0.0002904933455735592	False
811	3.049925744533539	3.049925744533539	0.0	3.4230782985687256	0.00029046682997134704	False
812	3.0787657499313354	3.0787657499313354	0.0	5.365633964538574	0.00029044027879579536	False
813	3.0603662729263306	3.0603662729263306	0.0	3.709662914276123	0.0002904136920544322	False
814	3.0897974371910095	3.0897974371910095	0.0	4.019853591918945	0.00029038706975479566	False
815	3.0677369236946106	3.0677369236946106	0.0	3.7160873413085938	0.0002903604119044338	False
816	3.0584877729415894	3.0584877729415894	0.0	3.128620147705078	0.00029033371851090495	False
817	3.040286660194397	3.040286660194397	0.0	4.456845760345459	0.00029030698958177747	False
818	3.052847921848297	3.052847921848297	0.0	5.803824424743652	0.00029028022512462957	False
819	3.0430235266685486	3.0430235266685486	0.0	3.6118788719177246	0.0002902534251470499	False
820	3.07891446352005	3.07891446352005	0.0	3.1430976390838623	0.0002902265896566369	False
821	3.068895995616913	3.068895995616913	0.0	2.7846686840057373	0.0002901997186609993	False
822	3.108775317668915	3.108775317668915	0.0	3.222581148147583	0.00029017281216775563	False
823	3.0898661017417908	3.0898661017417908	0.0	5.2150702476501465	0.00029014587018453473	False
824	3.050591468811035	3.050591468811035	0.0	3.4272167682647705	0.00029011889271897537	False
825	3.0529454946517944	3.0529454946517944	0.0	5.521590232849121	0.00029009187977872635	False
826	3.1068891286849976	3.1068891286849976	0.0	4.767690658569336	0.00029006483137144665	False
827	3.075319230556488	3.075319230556488	0.0	4.072220802307129	0.00029003774750480533	False
828	3.0759597420692444	3.0759597420692444	0.0	6.196094512939453	0.00029001062818648124	False
829	3.0668240785598755	3.0668240785598755	0.0	3.9903311729431152	0.0002899834734241636	False
830	3.0799298882484436	3.0799298882484436	0.0	6.29234504699707	0.0002899562832255515	False
831	3.0719417333602905	3.0719417333602905	0.0	6.613610744476318	0.00028992905759835406	False
832	3.1073906421661377	3.1073906421661377	0.0	7.003262996673584	0.00028990179655029064	False
833	3.0927298069000244	3.0927298069000244	0.0	8.857619285583496	0.0002898745000890904	False
834	3.121166229248047	3.121166229248047	0.0	22.286273956298828	0.00028984716822249266	False
835	3.072640120983124	3.072640120983124	0.0	10.894044876098633	0.0002898198009582468	False
836	3.089725077152252	3.089725077152252	0.0	6.442314624786377	0.00028979239830411217	False
837	3.071748197078705	3.071748197078705	0.0	4.127333641052246	0.00028976496026785815	False
838	3.0976534485816956	3.0976534485816956	0.0	7.69544792175293	0.0002897374868572643	False
839	3.104318678379059	3.104318678379059	0.0	5.5222954750061035	0.00028970997808011996	False
840	3.0819735527038574	3.0819735527038574	0.0	7.439362049102783	0.0002896824339442247	False
841	3.1081103086471558	3.1081103086471558	0.0	6.832888126373291	0.0002896548544573882	False
842	3.072290599346161	3.072290599346161	0.0	6.2663140296936035	0.0002896272396274297	False
843	3.0549681782722473	3.0549681782722473	0.0	3.8017029762268066	0.00028959958946217897	False
844	3.0577465891838074	3.0577465891838074	0.0	5.907527923583984	0.00028957190396947563	False
845	3.073551058769226	3.073551058769226	0.0	4.241043567657471	0.0002895441831571692	False
846	3.0622007250785828	3.0622007250785828	0.0	3.807279348373413	0.0002895164270331193	False
847	3.077021539211273	3.077021539211273	0.0	4.414167404174805	0.00028948863560519555	False
848	3.079652726650238	3.079652726650238	0.0	4.512636184692383	0.0002894608088812777	False
849	3.0421648621559143	3.0421648621559143	0.0	3.718280076980591	0.00028943294686925537	False
850	3.073827385902405	3.073827385902405	0.0	3.5634803771972656	0.00028940504957702815	False
851	3.07185697555542	3.07185697555542	0.0	3.9935998916625977	0.0002893771170125057	False
852	3.0355436205863953	3.0355436205863953	0.0	4.872086048126221	0.0002893491491836078	False
853	3.056828796863556	3.056828796863556	0.0	4.121334075927734	0.0002893211460982639	False
854	3.080829620361328	3.080829620361328	0.0	4.204381465911865	0.00028929310776441386	False
855	3.0658339858055115	3.0658339858055115	0.0	5.2047834396362305	0.00028926503419000725	False
856	3.051021635532379	3.051021635532379	0.0	5.18979549407959	0.0002892369253830037	False
857	3.0818400382995605	3.0818400382995605	0.0	2.7921910285949707	0.00028920878135137276	False
858	3.0693472623825073	3.0693472623825073	0.0	4.437251091003418	0.0002891806021030942	False
859	3.057387351989746	3.057387351989746	0.0	7.344871997833252	0.00028915238764615756	False
860	3.0782108306884766	3.0782108306884766	0.0	4.385213851928711	0.0002891241379885624	False
861	3.0835893154144287	3.0835893154144287	0.0	7.455842971801758	0.00028909585313831825	False
862	3.085069000720978	3.085069000720978	0.0	3.5401251316070557	0.00028906753310344475	False
863	3.0600128769874573	3.0600128769874573	0.0	5.413416862487793	0.0002890391778919714	False
864	3.0864303708076477	3.0864303708076477	0.0	3.443469524383545	0.00028901078751193763	False
865	3.0686875581741333	3.0686875581741333	0.0	4.880191326141357	0.00028898236197139293	False
866	3.0724292397499084	3.0724292397499084	0.0	3.643785238265991	0.00028895390127839675	False
867	3.080129027366638	3.080129027366638	0.0	2.9754321575164795	0.0002889254054410185	False
868	3.066064774990082	3.066064774990082	0.0	5.23515510559082	0.00028889687446733743	False
869	3.074536919593811	3.074536919593811	0.0	3.1639468669891357	0.00028886830836544306	False
870	3.045674204826355	3.045674204826355	0.0	3.0015525817871094	0.00028883970714343446	False
871	3.102191984653473	3.102191984653473	0.0	3.277937650680542	0.000288811070809421	False
872	3.0341607332229614	3.0341607332229614	0.0	3.399143695831299	0.0002887823993715219	False
873	3.0656948685646057	3.0656948685646057	0.0	2.905769109725952	0.00028875369283786633	False
874	3.0829594135284424	3.0829594135284424	0.0	4.513851642608643	0.0002887249512165933	False
875	3.061957597732544	3.061957597732544	0.0	2.875058650970459	0.00028869617451585187	False
876	3.0469292998313904	3.0469292998313904	0.0	3.306614637374878	0.000288667362743801	False
877	3.0404396653175354	3.0404396653175354	0.0	2.3576812744140625	0.0002886385159086098	False
878	3.1085147857666016	3.1085147857666016	0.0	4.500144004821777	0.000288609634018457	False
879	3.0487078428268433	3.0487078428268433	0.0	4.1273512840271	0.00028858071708153145	False
880	3.0728275179862976	3.0728275179862976	0.0	1.972130537033081	0.00028855176510603187	False
881	3.093571126461029	3.093571126461029	0.0	3.6524078845977783	0.0002885227781001671	False
882	3.0645198225975037	3.0645198225975037	0.0	2.750042676925659	0.00028849375607215553	False
883	3.043338358402252	3.043338358402252	0.0	2.630331039428711	0.00028846469903022595	False
884	3.081350862979889	3.081350862979889	0.0	3.0260488986968994	0.0002884356069826167	False
885	3.07866233587265	3.07866233587265	0.0	2.9953274726867676	0.00028840647993757623	False
886	3.0664042234420776	3.0664042234420776	0.0	3.05487322807312	0.00028837731790336285	False
887	3.0670929551124573	3.0670929551124573	0.0	3.7799408435821533	0.0002883481208882448	False
888	3.0530580282211304	3.0530580282211304	0.0	1.9699440002441406	0.00028831888890050027	False
889	3.086561918258667	3.086561918258667	0.0	2.71356201171875	0.0002882896219484173	False
890	3.0641837120056152	3.0641837120056152	0.0	3.27548885345459	0.000288260320040294	False
891	3.056198298931122	3.056198298931122	0.0	2.9840574264526367	0.00028823098318443816	False
892	3.0535680651664734	3.0535680651664734	0.0	2.0087320804595947	0.0002882016113891676	False
893	3.0793195366859436	3.0793195366859436	0.0	2.592635154724121	0.00028817220466281014	False
894	3.045326054096222	3.045326054096222	0.0	2.9275786876678467	0.0002881427630137033	False
895	3.082169532775879	3.082169532775879	0.0	2.85837984085083	0.00028811328645019467	False
896	3.0443235635757446	3.0443235635757446	0.0	1.944078803062439	0.00028808377498064163	False
897	3.0597856044769287	3.0597856044769287	0.0	3.9238595962524414	0.00028805422861341156	False
898	3.0782002210617065	3.0782002210617065	0.0	2.656100273132324	0.00028802464735688165	False
899	3.064343512058258	3.064343512058258	0.0	2.438453197479248	0.0002879950312194389	False
900	3.063243567943573	3.063243567943573	0.0	2.327549695968628	0.00028796538020948054	False
