metric	value
anchors	512.0
inverse_embedding_relative_error_mean	8.327780981076671e-05
inverse_embedding_relative_error_max	0.0002202059986302629
centered_logit_alignment_mean	0.008171329645847436
centered_logit_alignment_median	0.0023349355906248093
centered_logit_alignment_positive_fraction	0.5078125
centered_logit_proposal_step0_active_energy_median	3.407665729522705
centered_logit_proposal_step0_relative_distance_median	0.02745941560715437
centered_logit_proposal_step0_confidence_median	0.14390627294778824
centered_logit_proposal_step0_top1_fraction	1.0
centered_logit_proposal_step1_active_energy_median	1.9607676267623901
centered_logit_proposal_step1_relative_distance_median	0.027727367356419563
centered_logit_proposal_step1_confidence_median	0.21034064888954163
centered_logit_proposal_step1_top1_fraction	0.6875
centered_logit_proposal_step2_active_energy_median	1.4421235918998718
centered_logit_proposal_step2_relative_distance_median	0.02836818154901266
centered_logit_proposal_step2_confidence_median	0.25037454813718796
centered_logit_proposal_step2_top1_fraction	0.7109375
centered_logit_proposal_step4_active_energy_median	1.0171200633049011
centered_logit_proposal_step4_relative_distance_median	0.029613562859594822
centered_logit_proposal_step4_confidence_median	0.45463013648986816
centered_logit_proposal_step4_top1_fraction	0.7890625
centered_logit_proposal_step8_active_energy_median	0.8017894625663757
centered_logit_proposal_step8_relative_distance_median	0.03284346126019955
centered_logit_proposal_step8_confidence_median	0.6611925363540649
centered_logit_proposal_step8_top1_fraction	0.875
centered_logit_proposal_step16_active_energy_median	0.6109286248683929
centered_logit_proposal_step16_relative_distance_median	0.037037964910268784
centered_logit_proposal_step16_confidence_median	0.8614481091499329
centered_logit_proposal_step16_top1_fraction	0.9140625
centered_logit_proposal_step24_active_energy_median	0.4994415044784546
centered_logit_proposal_step24_relative_distance_median	0.03971496969461441
centered_logit_proposal_step24_confidence_median	0.9563411772251129
centered_logit_proposal_step24_top1_fraction	0.9296875
centered_logit_proposal_step40_active_energy_median	0.35468590259552
centered_logit_proposal_step40_relative_distance_median	0.04239014536142349
centered_logit_proposal_step40_confidence_median	0.9938715696334839
centered_logit_proposal_step40_top1_fraction	0.9453125
centered_logit_proposal_distance_monotonic	0.0
centered_logit_proposal_residual_removal_fraction	-0.5437380739588289
centered_logit_random_step0_energy_median	6.2502760887146
centered_logit_random_step40_energy_median	3.662081003189087
centered_logit_random_step40_distance_median	1.41921865940094
centered_logit_tested_global_counterexample	0.0
inverse_hidden_alignment_mean	0.12122154965618392
inverse_hidden_alignment_median	0.11876215785741806
inverse_hidden_alignment_positive_fraction	1.0
inverse_hidden_proposal_step0_active_energy_median	0.04011782445013523
inverse_hidden_proposal_step0_relative_distance_median	0.02745941560715437
inverse_hidden_proposal_step0_confidence_median	0.14390627294778824
inverse_hidden_proposal_step0_top1_fraction	1.0
inverse_hidden_proposal_step1_active_energy_median	0.026727023534476757
inverse_hidden_proposal_step1_relative_distance_median	0.027077066712081432
inverse_hidden_proposal_step1_confidence_median	0.001815706491470337
inverse_hidden_proposal_step1_top1_fraction	0.15625
inverse_hidden_proposal_step2_active_energy_median	0.012887074612081051
inverse_hidden_proposal_step2_relative_distance_median	0.026776470243930817
inverse_hidden_proposal_step2_confidence_median	0.011641020886600018
inverse_hidden_proposal_step2_top1_fraction	0.3125
inverse_hidden_proposal_step4_active_energy_median	0.012287597171962261
inverse_hidden_proposal_step4_relative_distance_median	0.026511152274906635
inverse_hidden_proposal_step4_confidence_median	0.0006687933055218309
inverse_hidden_proposal_step4_top1_fraction	0.1015625
inverse_hidden_proposal_step8_active_energy_median	0.008811107371002436
inverse_hidden_proposal_step8_relative_distance_median	0.02622777409851551
inverse_hidden_proposal_step8_confidence_median	0.00011745849042199552
inverse_hidden_proposal_step8_top1_fraction	0.0625
inverse_hidden_proposal_step16_active_energy_median	0.0041812690906226635
inverse_hidden_proposal_step16_relative_distance_median	0.025838948786258698
inverse_hidden_proposal_step16_confidence_median	0.15199855715036392
inverse_hidden_proposal_step16_top1_fraction	0.6875
inverse_hidden_proposal_step24_active_energy_median	0.0025374434189870954
inverse_hidden_proposal_step24_relative_distance_median	0.02544113527983427
inverse_hidden_proposal_step24_confidence_median	0.5259389579296112
inverse_hidden_proposal_step24_top1_fraction	0.859375
inverse_hidden_proposal_step40_active_energy_median	0.0011319721234031022
inverse_hidden_proposal_step40_relative_distance_median	0.024243810214102268
inverse_hidden_proposal_step40_confidence_median	0.9873334169387817
inverse_hidden_proposal_step40_top1_fraction	0.9609375
inverse_hidden_proposal_distance_monotonic	1.0
inverse_hidden_proposal_residual_removal_fraction	0.11710392672065084
inverse_hidden_random_step0_energy_median	28.945326805114746
inverse_hidden_random_step40_energy_median	28.88426399230957
inverse_hidden_random_step40_distance_median	1.4173009991645813
inverse_hidden_tested_global_counterexample	0.0
