step	train_combined	train_ce	train_mse	val_nll	val_accuracy	val_combined_loss	val_ce_loss	val_mse_loss	val_gold_state_relative_mse	val_gold_state_cosine	val_operator_gradient_norm	val_operator_orthogonality_error	val_log_sigma_mean	val_log_sigma_min	val_log_sigma_max	direct_clean_h1	direct_clean_h2	direct_clean_h3	direct_clean_h4	direct_clean_h5	hard_token_h1	hard_token_h2	hard_token_h3	hard_token_h4	hard_token_h5	lr	wall_s	tokens_per_s	peak_vram_bytes
1	9.627656936645508	9.246434211730957	0.38122230768203735	16.174815893173218	0.004791259765625	16.556752238422632	16.174815893173218	0.38193634524941444	0.38193634524941444	0.8097024261951447	17.13161277770996	3.40305561508103e-11	-2.9950428349631175	-2.997091054916382	-2.994126081466675	0.0	0.0	0.00390625	0.00390625	0.0078125	0.0	0.0	0.00390625	0.00390625	0.0078125	2.9999999999999997e-06	0.5620794296264648	29148.905183895702	6002689024
50	7.094419002532959	7.064740180969238	0.0296785905957222	7.10482656955719	0.07464599609375	7.134481750195846	7.10482656955719	0.02965518063865602	0.02965518063865602	0.9852350354194641	3.2763752937316895	4.231929779052734e-06	-4.057999610900879	-4.5091938972473145	-2.183471441268921	0.0703125	0.0546875	0.0234375	0.0546875	0.0390625	0.0703125	0.04296875	0.03125	0.04296875	0.05078125	0.00015	6.7893712520599365	120659.18471485113	6114528256
100	6.741104602813721	6.710728645324707	0.030376000329852104	6.754643082618713	0.10125732421875	6.785522312857211	6.754643082618713	0.030879230238497257	0.030879230238497257	0.9846744984388351	6.851985931396484	4.291534423828125e-06	-4.442136253629412	-5.500302314758301	-3.3440918922424316	0.12890625	0.03125	0.01953125	0.03515625	0.0	0.12890625	0.02734375	0.01171875	0.0078125	0.0078125	0.0003	11.30411434173584	144938.37822843625	6114528256
250	5.611789226531982	5.591470718383789	0.020318342372775078	5.585719525814056	0.172576904296875	5.606194325489923	5.585719525814056	0.02047479967586696	0.02047479967586696	0.9898386746644974	9.37794303894043	7.748603820800781e-06	-5.181025845663888	-6.4285173416137695	-4.011751174926758	0.171875	0.0234375	0.03125	0.02734375	0.01171875	0.171875	0.0625	0.03515625	0.015625	0.02734375	0.0002995753372081722	22.96642827987671	178347.27934551905	6114528256
500	4.916819095611572	4.899350166320801	0.01746886596083641	4.961512565612793	0.210662841796875	4.978958783205599	4.961512565612793	0.017446217592805624	0.017446217592805624	0.991398923099041	6.446882247924805	1.5497207641601562e-05	-5.516846452440534	-6.904306411743164	-4.433033466339111	0.22265625	0.02734375	0.0390625	0.046875	0.02734375	0.22265625	0.0703125	0.046875	0.01953125	0.01953125	0.00029696463392633697	41.75596594810486	196187.534259923	6114528256
750	4.651793003082275	4.636368751525879	0.015424029901623726	4.656535089015961	0.23260498046875	4.672105629579164	4.656535089015961	0.015570540563203394	0.015570540563203394	0.9923605993390083	5.59603214263916	1.5854835510253906e-05	-5.816192422594343	-7.067438125610352	-4.645476341247559	0.2421875	0.04296875	0.04296875	0.03515625	0.04296875	0.2421875	0.09375	0.046875	0.01953125	0.02734375	0.00029201890380882044	60.507715702056885	203081.53856785383	6114528256
1000	4.421579360961914	4.405716419219971	0.01586303673684597	4.504492521286011	0.245849609375	4.520450149313547	4.504492521286011	0.015957628027535975	0.015957628027535975	0.9922286421060562	5.585508823394775	1.239776611328125e-05	-6.129638944353376	-7.446157932281494	-4.868114471435547	0.25390625	0.03515625	0.0390625	0.04296875	0.046875	0.25390625	0.12109375	0.0625	0.03515625	0.03515625	0.0002848256582759391	79.33938145637512	206505.2650934614	6114528256
1250	4.4663543701171875	4.450201511383057	0.016152702271938324	4.3787961602211	0.2606201171875	4.394667781773023	4.3787961602211	0.015871621551923454	0.015871621551923454	0.9923129379749298	5.036350250244141	1.2516975402832031e-05	-6.317635468074253	-7.8306779861450195	-4.927801609039307	0.26171875	0.046875	0.05078125	0.05078125	0.046875	0.26171875	0.09765625	0.0546875	0.01953125	0.0390625	0.0002755121770454111	98.22183132171631	208507.61713981588	6114528256
1500	4.312582969665527	4.2972331047058105	0.015350044704973698	4.277154445648193	0.270172119140625	4.292658269638196	4.277154445648193	0.015503823990002275	0.015503823990002275	0.9924994111061096	4.572287082672119	1.3470649719238281e-05	-6.514017854418073	-8.269929885864258	-5.069662094116211	0.26953125	0.04296875	0.05859375	0.0234375	0.0390625	0.26953125	0.11328125	0.046875	0.04296875	0.0234375	0.00026424325600201147	117.20382809638977	209685.98380411617	6114528256
1750	4.1849365234375	4.1696858406066895	0.015250696800649166	4.2107826471328735	0.27764892578125	4.225898029981181	4.2107826471328735	0.01511538284830749	0.01511538284830749	0.9926862791180611	4.352445602416992	2.6285648345947266e-05	-6.674288749694824	-8.36234188079834	-5.372260093688965	0.27734375	0.0625	0.0390625	0.04296875	0.0234375	0.27734375	0.1015625	0.046875	0.046875	0.0546875	0.0002512182912434871	136.2108178138733	210497.231131665	6114528256
2000	4.150915622711182	4.135721206665039	0.015194540843367577	4.143879234790802	0.286895751953125	4.159048880334012	4.143879234790802	0.015169645543210208	0.015169645543210208	0.9926674515008926	5.5637688636779785	2.6345252990722656e-05	-6.802236761365618	-8.433582305908203	-5.471506118774414	0.28125	0.0390625	0.04296875	0.02734375	0.0234375	0.28125	0.1015625	0.05859375	0.0390625	0.03515625	0.000236667750898609	155.49042201042175	210739.6685681625	6114528256
2250	4.072193622589111	4.058537006378174	0.01365666463971138	4.087686657905579	0.291961669921875	4.101787781226449	4.087686657905579	0.014101123320870101	0.014101123320870101	0.9931970834732056	5.371700763702393	2.8908252716064453e-05	-6.897395474570138	-8.90373420715332	-5.44325065612793	0.3203125	0.046875	0.0390625	0.03515625	0.03515625	0.3203125	0.12109375	0.05859375	0.0546875	0.03125	0.00022084909714620545	174.54428148269653	211201.41941547662	6114528256
2500	3.877063274383545	3.8630073070526123	0.014055998995900154	4.047313839197159	0.296844482421875	4.061582140275277	4.047313839197159	0.014268301078118384	0.014268301078118384	0.9931018874049187	5.368688583374023	3.075599670410156e-05	-6.959123475211007	-8.98414421081543	-5.5846686363220215	0.29296875	0.03125	0.03515625	0.03515625	0.0234375	0.29296875	0.109375	0.0546875	0.03515625	0.03125	0.00020404223059234975	193.62905740737915	211538.49813885952	6114528256
2750	3.986382007598877	3.9733362197875977	0.013045700266957283	4.008441865444183	0.300628662109375	4.021511222235858	4.008441865444183	0.01306935679167509	0.01306935679167509	0.9937152490019798	5.14263391494751	2.765655517578125e-05	-7.005720002310617	-9.371918678283691	-5.708339691162109	0.30078125	0.0390625	0.05078125	0.0390625	0.03125	0.30078125	0.140625	0.046875	0.046875	0.05078125	0.0001865445376144319	212.71452474594116	211814.40267801797	6114528256
3000	3.9384636878967285	3.9257869720458984	0.012676743790507317	3.9705174267292023	0.30670166015625	3.983053072821349	3.9705174267292023	0.012535646092146635	0.012535646092146635	0.9939773976802826	5.169541358947754	2.6226043701171875e-05	-7.053662572588239	-9.244549751281738	-5.809438705444336	0.3125	0.03515625	0.0390625	0.0234375	0.01953125	0.3125	0.1328125	0.0546875	0.046875	0.04296875	0.0001686656283060833	232.14287972450256	211731.67171154046	6114528256
3250	3.9189014434814453	3.906757116317749	0.012144412845373154	3.9413228929042816	0.307769775390625	3.9534134616842493	3.9413228929042816	0.012090568779967725	0.012090568779967725	0.994185708463192	5.807036876678467	2.8848648071289062e-05	-7.064233303070068	-9.052184104919434	-5.81687068939209	0.3046875	0.015625	0.0390625	0.03125	0.02734375	0.3046875	0.13671875	0.0703125	0.06640625	0.04296875	0.00015072185813153386	251.22349381446838	211954.6989475606	6114528256
3500	3.871657133102417	3.860358238220215	0.011298956349492073	3.918711870908737	0.311309814453125	3.9302933086873963	3.918711870908737	0.011581437778659165	0.011581437778659165	0.9944346398115158	6.515174388885498	2.2411346435546875e-05	-7.094139167240688	-8.959158897399902	-5.78083610534668	0.328125	0.0390625	0.03125	0.0390625	0.01953125	0.328125	0.14453125	0.0703125	0.0546875	0.04296875	0.00013303073022510257	270.2621519565582	212179.17338724306	6114528256
3750	3.8199503421783447	3.8088760375976562	0.011074274778366089	3.893431842327118	0.316864013671875	3.904315310996026	3.893431842327118	0.01088346866890788	0.01088346866890788	0.9947877526283264	5.586979866027832	2.4557113647460938e-05	-7.108981132507324	-8.953174591064453	-5.797284126281738	0.34765625	0.0390625	0.046875	0.04296875	0.03515625	0.34765625	0.13671875	0.05859375	0.05859375	0.05078125	0.0001159052773834253	289.3651752471924	212326.8632706559	6114528256
4000	3.7612180709838867	3.7511215209960938	0.010096462443470955	3.875422775745392	0.31866455078125	3.885571098770015	3.875422775745392	0.010148323024623096	0.010148323024623096	0.9951291382312775	5.7013139724731445	2.1457672119140625e-05	-7.1232147216796875	-8.933143615722656	-5.9617767333984375	0.35546875	0.03515625	0.03515625	0.04296875	0.0078125	0.35546875	0.1640625	0.0859375	0.0546875	0.046875	9.964852315734848e-05	308.4682297706604	212456.2391683728	6114528256
4250	3.842906951904297	3.8333027362823486	0.00960420910269022	3.8540663719177246	0.322296142578125	3.863603748381138	3.8540663719177246	0.009537376463413239	0.009537376463413239	0.9954372271895409	6.631677150726318	2.580881118774414e-05	-7.138627869742257	-8.856278419494629	-6.033987998962402	0.359375	0.046875	0.03125	0.03125	0.01171875	0.359375	0.140625	0.0625	0.05859375	0.0390625	8.454812005080093e-05	327.5873267650604	212560.11545873623	6114528256
4500	3.773895740509033	3.7649831771850586	0.008912550285458565	3.840015947818756	0.32342529296875	3.8490219701780006	3.840015947818756	0.009006022359244525	0.009006022359244525	0.9957024231553078	6.870336055755615	2.9742717742919922e-05	-7.144209044320243	-8.744951248168945	-6.109977722167969	0.34765625	0.046875	0.0390625	0.02734375	0.015625	0.34765625	0.14453125	0.06640625	0.0625	0.046875	7.087125970016519e-05	346.7021346092224	212655.16603496217	6114528256
4750	3.779550552368164	3.770906925201416	0.008643600158393383	3.82198104262352	0.3238525390625	3.830675568780862	3.82198104262352	0.008694526157341897	0.008694526157341897	0.9958813637495041	6.123676300048828	2.9087066650390625e-05	-7.156019755772182	-8.728862762451172	-6.181863784790039	0.3671875	0.04296875	0.0390625	0.03515625	0.0234375	0.3671875	0.15625	0.07421875	0.07421875	0.05859375	5.885994509515459e-05	365.8240487575531	212736.15079247352	6114528256
5000	3.6504268646240234	3.642390251159668	0.008036566898226738	3.809092253446579	0.32720947265625	3.8172665355959907	3.809092253446579	0.008174282149411738	0.008174282149411738	0.9961174577474594	5.963702201843262	2.9265880584716797e-05	-7.175839356013706	-8.73760986328125	-6.163896083831787	0.37890625	0.03125	0.0390625	0.0234375	0.02734375	0.37890625	0.1640625	0.0859375	0.05078125	0.0390625	4.872670849611821e-05	384.9227464199066	212821.9253393632	6114528256
5250	3.6425094604492188	3.634580135345459	0.00792932603508234	3.7986369132995605	0.328460693359375	3.806421696092002	3.7986369132995605	0.007784782792441547	0.007784782792441547	0.996310830116272	6.1002302169799805	2.6524066925048828e-05	-7.18735763004848	-8.675963401794434	-6.199723720550537	0.3671875	0.0390625	0.0234375	0.02734375	0.03515625	0.3671875	0.15234375	0.07421875	0.05859375	0.046875	4.065085081639222e-05	403.922394990921	212951.79734199532	6114528256
5500	3.7819697856903076	3.774514675140381	0.007455059327185154	3.7922248542308807	0.328460693359375	3.7996518219588324	3.7922248542308807	0.0074269677279517055	0.0074269677279517055	0.9964904487133026	6.283069133758545	2.7835369110107422e-05	-7.195165702274868	-8.638263702392578	-6.206367492675781	0.37109375	0.03515625	0.03125	0.03125	0.0234375	0.37109375	0.16015625	0.08203125	0.0546875	0.04296875	3.477526901133681e-05	423.0652639865875	212997.86976332054	6114528256
5750	3.547353982925415	3.540160894393921	0.0071930959820747375	3.78755721449852	0.33038330078125	3.7947784219286405	3.78755721449852	0.0072212074301205575	0.0072212074301205575	0.9966019839048386	5.936765670776367	2.300739288330078e-05	-7.206609521593366	-8.61443042755127	-6.237666130065918	0.37890625	0.0390625	0.0234375	0.03515625	0.03125	0.37890625	0.171875	0.08984375	0.0703125	0.05078125	3.120392761131023e-05	442.25914216041565	213015.38175061397	6114528256
6000	3.7390568256378174	3.7319610118865967	0.0070958505384624004	3.778965324163437	0.33160400390625	3.7860585164744407	3.778965324163437	0.007093192311003804	0.007093192311003804	0.9966859966516495	6.3069868087768555	2.384185791015625e-05	-7.218292440686907	-8.619643211364746	-6.249360084533691	0.37890625	0.04296875	0.03125	0.03125	0.03515625	0.37890625	0.16796875	0.0859375	0.078125	0.046875	3.000001913812931e-05	461.3580536842346	213075.28765344108	6114528256
