scope_level	scope_id	microbatch_index	global_row	local_row	anchor_ordinal	source_component	reference_component	source_gradient_l2	reference_gradient_l2	dot	cosine	projection_coefficient	signed_projected_l2	projection_squared_l2	orthogonal_residual_l2	cosine_squared
full_batch	rows0:64					h5	h5	21.058455979962336	21.058455979962336	443.4585682600115	1.0	1.0	21.058455979962336	443.4585682600115	0.0	1.0
full_batch	rows0:64					h5	h6	21.058455979962336	36.923727746492	775.4277046260007	0.9972619479038582	0.5687615555669379	21.00079683042489	441.03346751278417	1.5572734978889562	0.9945313927369978
full_batch	rows0:64					h5	h5+h6	21.058455979962336	57.94545481559342	1218.886299832434	0.9988891467001757	0.36301489377536383	21.03506312464779	442.4738806579172	0.992314265791969	0.997779527395405
full_batch	rows0:64					h6	h5	36.923727746492	21.058455979962336	775.4277046260007	0.9972619479038582	1.7485910976272916	36.822628656338345	1355.90598116259	2.7305108559522093	0.9945313927369978
full_batch	rows0:64					h6	h6	36.923727746492	36.923727746492	1363.361670697063	0.9999999999999998	1.0	36.92372774649199	1363.361670697063	0.0	1.0
full_batch	rows0:64					h6	h5+h6	36.923727746492	57.94545481559342	2138.7894646518	0.9996388358765007	0.6369851153673459	36.910392220724106	1362.3770538876909	0.9922785946356134	0.9992778021925257
full_batch	rows0:64					h5+h6	h5	57.94545481559342	21.058455979962336	1218.886299832434	0.9988891467001757	2.748591158391529	57.8810859159017	3350.220106803994	2.730499401571992	0.997779527395405
full_batch	rows0:64					h5+h6	h6	57.94545481559342	36.923727746492	2138.7894646518	0.9996388358765007	1.5687616210878763	57.92452699619418	3355.250827732829	1.5572109854320169	0.9992778021925257
full_batch	rows0:64					h5+h6	h5+h6	57.94545481559342	57.94545481559342	3357.675733785979	1.0	1.0	57.94545481559342	3357.675733785979	0.0	1.0
physical_microbatch	micro0	0				h5	h5	6.138885278644541	21.058455979962336	128.9414795358163	0.9974166333791481	0.29076330634841746	6.123026287326453	37.49145091529076	0.44097794623757525	0.994839940541394
physical_microbatch	micro0	0				h5	h6	6.138885278644541	36.923727746492	225.5237774451527	0.9949408895057287	0.1654174253922265	6.107827979708223	37.305562629706635	0.6167250883919326	0.9899073736104506
physical_microbatch	micro0	0				h5	h5+h6	6.138885278644541	57.94545481559342	354.4652579162497	0.9964712699515171	0.10556863914806003	6.1172228096976	37.4204149034846	0.5152645542573971	0.9929549918387893
physical_microbatch	micro0	0				h6	h5	20.0344504428874	21.058455979962336	420.81419889990667	0.9974391853961138	0.948936899677113	19.98314592961242	399.3261212441854	1.4328584383412795	0.9948849285636628
physical_microbatch	micro0	0				h6	h6	20.0344504428874	36.923727746492	739.0799694035586	0.9990988477596575	0.5421011792312453	20.016396352986764	400.6561229598619	0.8503420421508842	0.9981985075946754
physical_microbatch	micro0	0				h6	h5+h6	20.0344504428874	57.94545481559342	1159.8941629660558	0.9991289729746602	0.3454455566673218	20.016999895113813	400.68028480098644	0.8360142029444053	0.9982587046373992
physical_microbatch	micro0	0				h5+h6	h5	26.15489265833459	21.058455979962336	549.7556822664856	0.9981372410844404	1.239700214663908	26.10617239884977	681.5322373184654	1.5956731026557789	0.9962779520396579
physical_microbatch	micro0	0				h5+h6	h6	26.15489265833459	36.923727746492	964.6037425664902	0.9988274300332635	0.7075186014825436	26.124224216720208	682.4750909254707	1.2662223515377604	0.9976562349868541
physical_microbatch	micro0	0				h5+h6	h5+h6	26.15489265833459	57.94545481559342	1514.359396236716	0.9992096936081084	0.45101418847530755	26.13422227948747	682.9975741536591	1.039632538614188	0.99842001180041
physical_microbatch	micro1	1				h5	h5	0.5809934310706298	21.058455979962336	0.45959754608003356	0.03756470250899151	0.0010363934287781296	0.021824845397846473	0.00047632387663990044	0.5805833644452644	0.0014111068745890332
physical_microbatch	micro1	1				h5	h6	0.5809934310706298	36.923727746492	0.16039209203525753	0.007476635178867792	0.00011764456598904667	0.004343875925433771	1.8869258055563102e-05	0.5809771920559077	5.590007359788344e-05
physical_microbatch	micro1	1				h5	h5+h6	0.5809934310706298	57.94545481559342	0.6199897677600715	0.018415941380210733	0.00018464849405246057	0.010699540968884225	0.00011448017694483197	0.580894901656296	0.00033914689691935803
physical_microbatch	micro1	1				h6	h5	0.684479728544273	21.058455979962336	0.14991972149143085	0.01040091748244498	0.00033806928588541547	0.007119217174995324	5.0683253184748404e-05	0.6844427043477466	0.00010817908447662967
physical_microbatch	micro1	1				h6	h6	0.684479728544273	36.923727746492	0.7342947192946937	0.029053889084281123	0.0005385912887805197	0.01988679811356416	0.00039548473920965907	0.6841907731392115	0.0008441284709217101
physical_microbatch	micro1	1				h6	h5+h6	0.684479728544273	57.94545481559342	0.8842146345773328	0.022293473072444312	0.00026334128268554636	0.015259430396935742	0.00023285021603892652	0.6843096145547004	0.0004969989416317997
physical_microbatch	micro1	1				h5+h6	h5	0.8325499978608677	21.058455979962336	0.6095172892008608	0.03476555603185645	0.0013744627634378792	0.028944063599953967	0.0008377588176781801	0.8320467175107733	0.0012086438862041506
physical_microbatch	micro1	1				h5+h6	h6	0.8325499978608677	36.923727746492	0.8946870054597305	0.02910417315337752	0.0006562359971600879	0.024230679296586777	0.0005871258191740392	0.8321973162171077	0.0008470528949417811
physical_microbatch	micro1	1				h5+h6	h5+h6	0.8325499978608677	57.94545481559342	1.5042041728073756	0.03118007023167231	0.0004479897083782108	0.025958967404680486	0.000673867988717264	0.8321451982373109	0.0009721967796520178
physical_microbatch	micro2	2				h5	h5	0.6293214914774969	21.058455979962336	0.527065443161025	0.03977090323016881	0.0011885336779691956	0.025028684138217034	0.0006264350296906369	0.6288235878255289	0.0015817247437434517
physical_microbatch	micro2	2				h5	h6	0.6293214914774969	36.923727746492	0.17806270151056328	0.0076629299362176	0.00013060562383239286	0.004822446496548021	2.3255990212068283e-05	0.6293030141714318	5.872049520737987e-05
physical_microbatch	micro2	2				h5	h5+h6	0.6293214914774969	57.94545481559342	0.7051282065959001	0.019336423462815	0.00021000485529340445	0.012168826853459203	0.0001480803469894698	0.6292038296835707	0.00037389727233330244
physical_microbatch	micro2	2				h6	h5	0.7162163701492065	21.058455979962336	0.24491795769242458	0.016238647738013902	0.0005522905074388431	0.01163038533905194	0.00013526586313483428	0.7161219330578908	0.00026369368035930395
physical_microbatch	micro2	2				h6	h6	0.7162163701492065	36.923727746492	0.7916719374381126	0.02993611699123965	0.0005806763931050993	0.021440737047827646	0.000459705205154089	0.7158953720094516	0.0008961711005131872
physical_microbatch	micro2	2				h6	h5+h6	0.7162163701492065	57.94545481559342	1.0365898369927937	0.024977175614019537	0.0003087224375368663	0.017889062054852353	0.0003200185412023582	0.7159929261721116	0.0006238593016535722
physical_microbatch	micro2	2				h5+h6	h5	1.0458781008171034	21.058455979962336	0.7719834996970674	0.03505100082160813	0.0017408244083006038	0.03665907417104224	0.0013438877190779764	1.045235434746504	0.0012285726585963739
physical_microbatch	micro2	2				h5+h6	h6	1.0458781008171034	36.923727746492	0.9697346660393211	0.02511113317847397	0.0007112820368079681	0.02626318427806771	0.000689754848423743	1.0455482996592589	0.0006305690095070564
physical_microbatch	micro2	2				h5+h6	h5+h6	1.0458781008171034	57.94545481559342	1.7417178678527756	0.028739377803251406	0.0005187272404917092	0.030057885875529797	0.0009034765033063737	1.0454460891243913	0.0008259518365180197
physical_microbatch	micro3	3				h5	h5	14.903393891745454	21.058455979962336	313.5304211413057	0.9990057333993038	0.7070117561861484	14.88857594496187	221.66969366889722	0.664421420198429	0.9980124553646806
physical_microbatch	micro3	3				h5	h6	14.903393891745454	36.923727746492	549.5654583046362	0.9986854172283245	0.4030958696555207	14.883802146895869	221.52756634794213	0.7639261381662463	0.9973725625845125
physical_microbatch	micro3	3				h5	h5+h6	14.903393891745454	57.94545481559342	863.0958955438525	0.9994348646516393	0.2570515928203289	14.894971457046687	221.8601747062355	0.5009738379199158	0.9988700486812406
physical_microbatch	micro3	3				h6	h5	16.8714341289898	21.058455979962336	354.2186548222152	0.9969948237719715	0.7987638083351396	16.82073249621261	282.9370417091429	1.3069995637715144	0.9939986786281044
physical_microbatch	micro3	3				h6	h6	16.8714341289898	36.923727746492	622.7557689296973	0.9996781932197296	0.45677957824008153	16.86600478709421	284.4621174782848	0.4279860868731361	0.9993564899990636
physical_microbatch	micro3	3				h6	h5+h6	16.8714341289898	57.94545481559342	976.9744294027122	0.9993366618386191	0.2909674747838486	16.86024266289482	284.2677826516985	0.6144159154378306	0.9986737636947546
physical_microbatch	micro3	3				h5+h6	h5	31.76303119290078	21.058455979962336	667.7490686153858	0.9983086280292358	1.505775547951228	31.7093080922346	1005.4802196882546	1.8465998139644082	0.996620116797615
physical_microbatch	micro3	3				h5+h6	h6	31.76303119290078	36.923727746492	1172.3212644197156	0.9995836904940196	0.8598754751703767	31.749807941076426	1008.0503042952398	0.9164312663523402	0.9991675543016442
physical_microbatch	micro3	3				h5+h6	h5+h6	31.76303119290078	57.94545481559342	1840.0702849760626	0.9997538722703418	0.54801905569996	31.75521343014621	1008.3935799941381	0.7046776334252732	0.9995078051195428
row	row48	3	48	0		h5	h5	0.10743725866586688	21.058455979962336	0.0032109996516314823	0.001419249711801452	7.2408109380554085e-06	0.0001524802983982696	2.3250241399625344e-08	0.10743715046200261	2.0142697444485047e-06
row	row48	3	48	0		h5	h6	0.10743725866586688	36.923727746492	-0.000592139975928135	-0.0001492670408229631	-4.343234731143528e-07	-1.60368416751852e-05	2.5718029091495687e-10	0.10743725746898092	2.228064947604414e-08
row	row48	3	48	0		h5	h5+h6	0.10743725866586688	57.94545481559342	0.002618860507479356	0.00042066663939763655	7.799623058080225e-07	4.5195270549064824e-05	2.0426124800031666e-09	0.10743724915979516	1.7696042150210118e-07
row	row48	3	48	0		h6	h5	0.18094201605147744	21.058455979962336	0.01270997438911638	0.003335636560280025	2.8661018861325027e-05	0.0006035568040320833	3.6428081569342264e-07	0.1809410094256065	1.1126471262276757e-05
row	row48	3	48	0		h6	h6	0.18094201605147744	36.923727746492	0.05173395893633019	0.007743383148910019	3.794588042795682e-05	0.0014011033580228168	1.963090619862814e-06	0.1809365913300935	5.995998259082366e-05
row	row48	3	48	0		h6	h5+h6	0.18094201605147744	57.94545481559342	0.06444392573733476	0.006146433505331452	1.9193016493188997e-05	0.0011121480699810224	1.236873329562513e-06	0.18093859814711608	3.777864483546108e-05
row	row48	3	48	0		h5+h6	h5	0.20029269883390247	21.058455979962336	0.015920959625277377	0.0037746578995964896	3.59017972924643e-05	0.0007560364178848905	5.715910651682169e-07	0.20029127193940124	1.4248042258986183e-05
row	row48	3	48	0		h5+h6	h6	0.20029269883390247	36.923727746492	0.05114181817947587	0.0069152121033953405	3.751155638204788e-05	0.0013850664951979201	1.91840919611985e-06	0.20028790976235245	4.782015843494542e-05
row	row48	3	48	0		h5+h6	h5+h6	0.20029269883390247	57.94545481559342	0.06706276915994883	0.005778258780395772	1.9972973710695872e-05	0.0011573430456861629	1.3394429253981237e-06	0.20028935509218393	3.3388274533220836e-05
row	row49	3	49	1		h5	h5	0.1344025193855689	21.058455979962336	0.05416332434199919	0.019136890722842533	0.0001221384098057201	0.0025720463263563574	6.6154223049232335e-06	0.13437790664719892	0.0003662205865380166
row	row49	3	49	1		h5	h6	0.1344025193855689	36.923727746492	0.030065619313607947	0.006058389685614397	2.2052563131128603e-05	0.0008142628371661196	6.630239679898187e-07	0.13440005280214826	3.6704085582758904e-05
row	row49	3	49	1		h5	h5+h6	0.1344025193855689	57.94545481559342	0.08422897197554897	0.010815203969291606	2.50854992124495e-05	0.001453590661141597	2.1129258101580648e-06	0.13439465871595518	0.00011696863689738091
row	row49	3	49	1		h6	h5	0.15868974062421204	21.058455979962336	0.05274259779697343	0.015782875885060197	0.00011893466847177716	0.0025045804805043335	6.272923383323319e-06	0.15866997465177957	0.00024909917120321466
row	row49	3	49	1		h6	h6	0.15868974062421204	36.923727746492	0.05807606229215204	0.00991157729223054	4.259769329033489e-05	0.0015728656296808943	2.473906289031476e-06	0.1586819456431344	9.823936441986006e-05
row	row49	3	49	1		h6	h5+h6	0.15868974062421204	57.94545481559342	0.11081867130662698	0.012051600103063054	3.300457819423567e-05	0.0019124652944618032	3.657523502520871e-06	0.1586782160722674	0.00014524106504414938
row	row49	3	49	1		h5+h6	h5	0.18830560194713564	21.058455979962336	0.10690592269635224	0.02695951039605342	0.0002410730795343895	0.0050766268333289006	2.577214000487502e-05	0.1882371578213723	0.0007268152007949124
row	row49	3	49	1		h5+h6	h6	0.18830560194713564	36.923727746492	0.08814169107318423	0.012676886394075819	6.465026336564011e-05	0.0023871287232519007	5.698383541374251e-06	0.18829047065938234	0.00016070344864830462
row	row49	3	49	1		h5+h6	h5+h6	0.18830560194713564	57.94545481559342	0.19504762801838954	0.017875494182758935	5.8090072860746964e-05	0.003366055692186943	1.133033092290412e-05	0.1882755145889932	0.0003195332922778485
row	row50	3	50	2		h5	h5	0.17320211427008986	21.058455979962336	0.02405473433016412	0.006595091880557073	5.424347628358416e-05	0.001142283857517988	1.3048124111461752e-06	0.17319834749563323	4.349523691298983e-05
row	row50	3	50	2		h5	h6	0.17320211427008986	36.923727746492	0.03497952027769774	0.005469594370495981	2.565681655096943e-05	0.000947345309169685	8.974631348058062e-07	0.17319952345342773	2.9916462577761322e-05
row	row50	3	50	2		h5	h5+h6	0.17320211427008986	57.94545481559342	0.059034246988513485	0.0058820872588552595	1.758187855798358e-05	0.0010187899495548883	1.037932961314052e-06	0.1731991179384813	3.459895052078738e-05
row	row50	3	50	2		h6	h5	0.12299548088253609	21.058455979962336	-0.02671375885434639	-0.010313814620888942	-6.0239582153441234e-05	-0.0012685525890295671	1.6092256711336176e-06	0.12298893890043594	0.00010637477203406252
row	row50	3	50	2		h6	h6	0.12299548088253609	36.923727746492	-0.006882185886746415	-0.0015154154259267695	-5.047953184152283e-06	-0.00018638924904867626	3.474095216092947e-08	0.12299533965388339	2.2964839131368127e-06
row	row50	3	50	2		h6	h5+h6	0.12299548088253609	57.94545481559342	-0.03359594812009322	-0.004713878355620188	-1.0005715496002288e-05	-0.0005797857351712835	3.3615149870810566e-07	0.1229941143552308	2.222064915158449e-05
row	row50	3	50	2		h5+h6	h5	0.1814170689933644	21.058455979962336	-0.002659025737529805	-0.0006960138306184677	-5.996108605958309e-06	-0.00012626878912964638	1.5943807108267108e-08	0.18141702505094728	4.84435252412193e-07
row	row50	3	50	2		h5+h6	h6	0.1814170689933644	36.923727746492	0.028097327730827928	0.004194510935317113	2.06088584817426e-05	0.0007609558797458462	5.790538509197747e-07	0.18141547306746528	1.7593921986494847e-05
row	row50	3	50	2		h5+h6	h5+h6	0.1814170689933644	57.94545481559342	0.025438300947510886	0.002419861883447114	7.576163681186596e-06	0.0004390042502637378	1.9272473174962654e-07	0.18141653782776088	5.855731534960214e-06
row	row51	3	51	3		h5	h5	0.11721073736495323	21.058455979962336	0.0794105103996249	0.03217244477483225	0.00017907086723164729	0.0037709559748913242	1.4220108964568575e-05	0.11715006122350714	0.0010350662027896306
row	row51	3	51	3		h5	h6	0.11721073736495323	36.923727746492	0.07934103240555454	0.018332635733944568	5.819514668106289e-05	0.0021487817522187333	4.617263018668211e-06	0.11719103929318732	0.0003360855329535014
row	row51	3	51	3		h5	h5+h6	0.11721073736495323	57.94545481559342	0.15875152822155258	0.02337389779167973	4.728018451101316e-05	0.002739671795255833	7.505801545720319e-06	0.11717871458626913	0.0005463390979758906
row	row51	3	51	3		h6	h5	0.15845352716602618	21.058455979962336	-0.04915546738618622	-0.014731378684188041	-0.00011084568188423202	-0.0023342389125280086	5.448671300759941e-06	0.15843633295445156	0.0002170135179369498
row	row51	3	51	3		h6	h6	0.15845352716602618	36.923727746492	0.10277980778282123	0.017567111186376425	7.538704511934218e-05	0.002783570729599099	7.748266006680861e-06	0.15842907563117295	0.0003086033954345117
row	row51	3	51	3		h6	h5+h6	0.15845352716602618	57.94545481559342	0.05362434799387222	0.005840375059892883	1.5970675028052092e-05	0.0009254280282125189	8.564170354013106e-07	0.15845082471959304	3.410998084021881e-05
row	row51	3	51	3		h5+h6	h5	0.22038133694253992	21.058455979962336	0.030255046358476534	0.006519232713354775	6.822519289048262e-05	0.0014367172212086676	2.064156373717555e-06	0.2203766537458258	4.2500395170875064e-05
row	row51	3	51	3		h5+h6	h6	0.22038133694253992	36.923727746492	0.18212083192146128	0.022380988909293128	0.00013358218573677964	0.004932352257926178	2.432809879626947e-05	0.22032613456824646	0.0005009086645579021
row	row51	3	51	3		h5+h6	h5+h6	0.22038133694253992	57.94545481559342	0.21237589269333385	0.016630719092121965	6.325086444659961e-05	0.0036651001078376625	1.3432958800471644e-05	0.220350858209767	0.00027658081752107006
row	row52	3	52	4		h5	h5	0.17448298164286077	21.058455979962336	0.06156891888494143	0.016756446659492795	0.00013883804100689277	0.0029237147748878574	8.548108084897554e-06	0.1744584843878279	0.00028077850465242724
row	row52	3	52	4		h5	h6	0.17448298164286077	36.923727746492	0.13074379844970424	0.02029375832249317	9.589810338650435e-05	0.0035409154608482285	1.2538082300874026e-05	0.17444704870155303	0.0004118366268517607
row	row52	3	52	4		h5	h5+h6	0.17448298164286077	57.94545481559342	0.19231272358550583	0.01902109735690258	5.7275549765093546e-05	0.0033188577809515007	1.1014816970182317e-05	0.17445141462886654	0.00036180214466076627
row	row52	3	52	4		h6	h5	0.12353814000716715	21.058455979962336	0.021884981923457957	0.008412374701695735	4.935068006314e-05	0.0010392491236908385	1.0800387410921759e-06	0.12353376865330928	7.07680481217304e-05
row	row52	3	52	4		h6	h6	0.12353814000716715	36.923727746492	0.11300801453938183	0.02477437154000134	8.288924132772694e-05	0.003060579779898262	9.367148589122096e-06	0.12350022221778109	0.0006137694852020282
row	row52	3	52	4		h6	h5+h6	0.12353814000716715	57.94545481559342	0.13489298742050154	0.01884381963100078	4.017451300111154e-05	0.0023279304278443795	5.419260076883715e-06	0.12351620450917988	0.0003550895382856904
row	row52	3	52	4		h5+h6	h5	0.22196549309852265	21.058455979962336	0.08345391418985872	0.017853966752675348	0.00018818875124525158	0.003962964534022213	1.5705087897917893e-05	0.22193011296030196	0.0003187641288056367
row	row52	3	52	4		h5+h6	h6	0.22196549309852265	36.923727746492	0.24375178999222877	0.029741085092878587	0.0001787873278464714	0.0066014946179259164	4.3579731190504856e-05	0.22186730357418552	0.0008845321425018452
row	row52	3	52	4		h5+h6	h5+h6	0.22196549309852265	57.94545481559342	0.32720577245685556	0.025439941994876553	9.745008106780806e-05	0.005646789269290588	3.188622905177533e-05	0.22189365447758647	0.0006471906487026837
row	row53	3	53	5		h5	h5	0.2262919647654742	21.058455979962336	0.03797978708973611	0.007969973316184948	8.564449941458241e-05	0.0018035409208478938	3.252759853172869e-06	0.22628477756483187	6.35204746607001e-05
row	row53	3	53	5		h5	h6	0.2262919647654742	36.923727746492	-0.099994584385508	-0.011967455089820733	-7.334413643474554e-05	-0.002708138925518108	7.334016439906374e-06	0.22627575941973702	0.00014321998132687616
row	row53	3	53	5		h5	h5+h6	0.2262919647654742	57.94545481559342	-0.06201480505112586	-0.004729409001243335	-1.8469563462341993e-05	-0.0010702272550708733	1.145386377496536e-06	0.22628943398011567	2.2367309501041476e-05
row	row53	3	53	5		h6	h5	0.12010026564243179	21.058455979962336	0.03977650924004636	0.015727372526121674	8.969611162575247e-05	0.0018888616182446962	3.5677982128779728e-06	0.12008541130865899	0.00024735024657540676
row	row53	3	53	5		h6	h6	0.12010026564243179	36.923727746492	0.07619810655926479	0.017182829140280426	5.588987001542007e-05	0.002063662344236197	4.258702271018436e-06	0.12008253455482884	0.0002952496172640702
row	row53	3	53	5		h6	h5+h6	0.12010026564243179	57.94545481559342	0.11597460057252251	0.016664778340270678	3.454014317271616e-05	0.002001444305538752	4.0057793081734975e-06	0.1200835876715653	0.00027771483713035476
row	row53	3	53	5		h5+h6	h5	0.25227917141854095	21.058455979962336	0.07775630301336035	0.014636177991677693	0.000175340626111817	0.003692402856474733	1.3633838854502767e-05	0.25225214863856177	0.00021421770620407043
row	row53	3	53	5		h5+h6	h6	0.25227917141854095	36.923727746492	-0.02379650283494939	-0.002554619372519999	-1.7454284762738457e-05	-0.0006444772585890984	4.1535093683851966e-07	0.25227834822015294	6.5260801384544745e-06
row	row53	3	53	5		h5+h6	h5+h6	0.25227917141854095	57.94545481559342	0.053959782039044085	0.003691215618628244	1.6070575694991614e-05	0.0009312168177947104	8.671647617437069e-07	0.2522774527516556	1.3625072743205088e-05
row	row54	3	54	6		h5	h5	0.1417548477058947	21.058455979962336	0.014257161868055201	0.004776047477738492	3.214992986604298e-05	0.0006770278828429425	4.5836675414679703e-07	0.14175323093801867	2.2810629509612213e-05
row	row54	3	54	6		h5	h6	0.1417548477058947	36.923727746492	0.017072239509634785	0.0032617226924297376	1.2522164790584181e-05	0.0004623650035242382	2.1378139648396885e-07	0.141754093650677	1.0638834922311098e-05
row	row54	3	54	6		h5	h5+h6	0.1417548477058947	57.94545481559342	0.031329398062161076	0.0038141235332809333	9.330680073395687e-06	0.0005406705005917078	2.923245902100878e-07	0.14175381661010467	1.4547538327127434e-05
row	row54	3	54	6		h6	h5	0.19584587060749123	21.058455979962336	0.043199406980555737	0.01047458537499031	9.741475319792848e-05	0.002051404292017472	4.208259569307706e-06	0.19583512650808305	0.00010971693877796086
row	row54	3	54	6		h6	h6	0.19584587060749123	36.923727746492	0.16770415650746598	0.02319123451622228	0.00012300782698527956	0.004541907514292053	2.0628923868382617e-05	0.19579319730301617	0.0005378333583864196
row	row54	3	54	6		h6	h5+h6	0.19584587060749123	57.94545481559342	0.2109035326281993	0.01858446482583912	6.281235871171903e-05	0.0036396906935907605	1.3247348345011192e-05	0.19581204683486966	0.0003453823328628515
row	row54	3	54	6		h5+h6	h5	0.23418663145176863	21.058455979962336	0.05745657596459263	0.011650675770269087	0.00012956469911052507	0.0027284325127760575	7.444343976773471e-06	0.234170736871091	0.0001357382459039352
row	row54	3	54	6		h5+h6	h6	0.23418663145176863	36.923727746492	0.18477640425072095	0.021368737872797337	0.0001355299978150684	0.005004272740806241	2.5042745664376407e-05	0.23413315785053201	0.0004566229582763233
row	row54	3	54	6		h5+h6	h5+h6	0.23418663145176863	57.94545481559342	0.24223297983037373	0.017850557977228346	7.214305342024248e-05	0.004180362042221603	1.747542680404717e-05	0.23414931758158608	0.0003186424200983905
row	row55	3	55	7		h5	h5	11.411770845143549	21.058455979962336	239.69120391597815	0.9974072697824617	0.5405041667284707	11.382183202037723	129.55409444474972	0.8212304045264032	0.9948212618149044
row	row55	3	55	7		h5	h6	11.411770845143549	36.923727746492	420.87576865071236	0.9988386529455378	0.30870441622106476	11.398517818686342	129.92620846291007	0.5498230253074655	0.9976786546180564
row	row55	3	55	7		h5	h5+h6	11.411770845143549	57.94545481559342	660.5669463883771	0.9989515391514447	0.19673339499152548	11.399806050199732	129.95557798217044	0.5224326175669769	0.9979041775730405
row	row55	3	55	7		h6	h5	13.081386297397277	21.058455979962336	274.81620927329425	0.9976128828465898	0.6197111273587169	13.050159495776374	170.30666286520227	0.903329727469956	0.9952314640214839
row	row55	3	55	7		h6	h6	13.081386297397277	36.923727746492	482.54330606059034	0.9990264452520944	0.35393638858416376	13.068650851658258	170.78963508254816	0.5770895763961225	0.9980538383130363
row	row55	3	55	7		h6	h5+h6	13.081386297397277	57.94545481559342	757.3594979600618	0.9991459435536092	0.2255606431375355	13.070214055102255	170.83049544619257	0.540529384530243	0.9982926165196321
row	row55	3	55	7		h5+h6	h5	24.491406555626668	21.058455979962336	514.5074199434565	0.9975883975081868	1.160215309317887	24.43234301854911	596.9393853760454	1.6998852011084629	0.995182610842952
row	row55	3	55	7		h5+h6	h6	24.491406555626668	36.923727746492	903.4190748649709	0.9990103516078082	0.6626408049179412	24.467168674506375	598.6423429467461	1.0893356352597792	0.9980216826195566
row	row55	3	55	7		h5+h6	h5+h6	24.491406555626668	57.94545481559342	1417.9265270387077	0.9991268356417267	0.4222940627562958	24.47002153233831	598.7819537931006	1.02325035054593	0.9982544336994497
row	row56	3	56	8		h5	h5	0.13526494056488708	21.058455979962336	0.05305789082749227	0.01862679824288622	0.00011964565491580045	0.002519552757238148	6.348146096506354e-06	0.13524147292870603	0.00034695761278118935
row	row56	3	56	8		h5	h6	0.13526494056488708	36.923727746492	0.046189683761204005	0.009248135894177773	3.387925944667935e-05	0.0012509485520619552	1.5648722799059023e-06	0.13525915597009514	8.552801751717933e-05
row	row56	3	56	8		h5	h5+h6	0.13526494056488708	57.94545481559342	0.09924758197806406	0.012662379124100641	2.9558417740999816e-05	0.00171277595963154	2.9336014878917425e-06	0.13525409622090764	0.0001603358450824597
row	row56	3	56	8		h6	h5	0.22476716457144505	21.058455979962336	0.011612962746379043	0.0024534863187450433	2.618725530988062e-05	0.000551463163179156	3.0411162034356036e-07	0.22476648806676391	6.019595116269103e-06
row	row56	3	56	8		h6	h6	0.22476716457144505	36.923727746492	-0.05675791010780964	-0.006838927326738976	-4.1630853593522484e-05	-0.001537166303941292	2.362880245972533e-06	0.22476190822566242	4.677092698041712e-05
row	row56	3	56	8		h6	h5+h6	0.22476716457144505	57.94545481559342	-0.04514494617710073	-0.0034662261676929778	-1.344529661480953e-05	-0.0007790938274756968	6.069871920107308e-07	0.22476581430968334	1.2014723845599546e-05
row	row56	3	56	8		h5+h6	h5	0.27307075106642215	21.058455979962336	0.0646708469968927	0.011246226833536732	0.0001458328953945805	0.003071015608097226	9.431136865176775e-06	0.2730534818512936	0.00012647761799136162
row	row56	3	56	8		h5+h6	h6	0.27307075106642215	36.923727746492	-0.010568225516790083	-0.0010481449524996612	-7.751593538189125e-06	-0.00028621772940556184	8.192058862607544e-08	0.27307060106754677	1.0986078414505173e-06
row	row56	3	56	8		h5+h6	h5+h6	0.27307075106642215	57.94545481559342	0.05410263662694306	0.0034191949989662864	1.6113121372187755e-05	0.0009336821464102782	8.717623505253044e-07	0.273069154841094	1.1690894440956063e-05
row	row57	3	57	9		h5	h5	0.17380773238337419	21.058455979962336	0.14265855019049062	0.038976441612686395	0.0003216953293973703	0.006774406933074006	4.589258929488117e-05	0.17367566106670138	0.0015191630007871518
row	row57	3	57	9		h5	h6	0.17380773238337419	36.923727746492	0.02882459973980042	0.004491471536406697	2.1142298745323322e-05	0.0007806524828073176	6.094182989132295e-07	0.17380597923532926	2.017331656235154e-05
row	row57	3	57	9		h5	h5+h6	0.17380773238337419	57.94545481559342	0.1714831463317229	0.017026797607910354	5.107197952625564e-05	0.0029593890819815585	8.757983738551652e-06	0.17378253609759545	0.0002899118367807418
row	row57	3	57	9		h6	h5	0.17357327101913814	21.058455979962336	-0.09199706467287583	-0.02516892099354907	-0.00020745357347326193	-0.0043686519448725685	1.9085119815438876e-05	0.17351828518190163	0.0006334745839795152
row	row57	3	57	9		h6	h6	0.17357327101913814	36.923727746492	0.07098568472043364	0.011075985738434956	5.20666571799249e-05	0.0019224950743814797	3.695987311021051e-06	0.17356262392857558	0.00012267746007801458
row	row57	3	57	9		h6	h5+h6	0.17357327101913814	57.94545481559342	-0.021011387724941395	-0.002089067693754339	-6.2577179545714516e-06	-0.0003626063129853477	1.3148333821682796e-07	0.1735728922641579	4.364203829088073e-06
row	row57	3	57	9		h5+h6	h5	0.1957985325168227	21.058455979962336	0.0506614892498678	0.012286890685596553	0.00011424176434034673	0.0024057551654344225	5.787657916014406e-06	0.19578375233360212	0.00015096768271979935
row	row57	3	57	9		h5+h6	h6	0.1957985325168227	36.923727746492	0.09981028794011347	0.013805760526839597	7.320895847767396e-05	0.0027031476514338703	7.307007225452449e-06	0.1957798721230449	0.00019059902372444242
row	row57	3	57	9		h5+h6	h5+h6	0.1957985325168227	57.94545481559342	0.1504717514677551	0.013262523535872638	4.481425944550317e-05	0.0025967826457936848	6.74328010949525e-06	0.19578131181405384	0.00017589453053957563
row	row58	3	58	10		h5	h5	3.484714570887299	21.058455979962336	73.23880311692949	0.9980389756662856	0.16515365438601165	3.47788096081774	12.095655977618526	0.21812762992277382	0.9960817969490087
row	row58	3	58	10		h5	h6	3.484714570887299	36.923727746492	128.39225840696182	0.9978518957164338	0.09417329324016943	3.477229040590571	12.091121800726423	0.22828455889049726	0.9957084057848811
row	row58	3	58	10		h5	h5+h6	3.484714570887299	57.94545481559342	201.63105690092246	0.998552352753245	0.06005078300803379	3.479669933433027	12.10810284563781	0.18743744267473036	0.9971068011890414
row	row58	3	58	10		h6	h5	3.782238820140349	21.058455979962336	79.3727788802414	0.9965431593991727	0.1789857825764301	3.769164223424863	14.20659894314595	0.3142157689084202	0.9930982685452849
row	row58	3	58	10		h6	h6	3.782238820140349	36.923727746492	139.45922312245304	0.9986027407267576	0.10229070254787931	3.77695405187529	14.265381909977178	0.19987141516355536	0.9972074337869918
row	row58	3	58	10		h6	h5+h6	3.782238820140349	57.94545481559342	218.83199866227318	0.9984872028492481	0.06517365463862917	3.7765170600297773	14.262081104695953	0.20796487174690473	0.9969766942537155
row	row58	3	58	10		h5+h6	h5	7.263040221210882	21.058455979962336	152.6115751695287	0.9977977044454648	0.3441394215660943	7.247044860019298	52.51965920313212	0.4817614054642489	0.995600258996639
row	row58	3	58	10		h5+h6	h6	7.263040221210882	36.923727746492	267.8514827794826	0.9987805251492686	0.19646399670494977	7.254183126321266	52.623172830204176	0.3585811271146798	0.9975625374174494
row	row58	3	58	10		h5+h6	h5+h6	7.263040221210882	57.94545481559342	420.46306262099097	0.9990564411405308	0.12522443974865133	7.256187115263477	52.65225145171569	0.3154390641808937	0.9981137725843827
row	row59	3	59	11		h5	h5	0.1349401117815257	21.058455979962336	0.07925525632653548	0.027890768700338645	0.00017872076897173858	0.0037635834460963756	1.4164560355730669e-05	0.13488761695298396	0.0007778949786957899
row	row59	3	59	11		h5	h6	0.1349401117815257	36.923727746492	0.05112549146385282	0.010261028413495023	3.7499581044927905e-05	0.0013846243211104298	1.917184510610519e-06	0.134933007759777	0.0001052887041025522
row	row59	3	59	11		h5	h5+h6	0.1349401117815257	57.94545481559342	0.1303807303785563	0.016674505679581175	3.883064974578241e-05	0.002250059660304369	5.062768474929012e-06	0.1349213511610958	0.0002780391396583848
row	row59	3	59	11		h6	h5	0.17414083340872102	21.058455979962336	0.02146483350166664	0.005853294563227222	4.840324449223685e-05	0.0010192975934271242	1.038967583966327e-06	0.17413785025863837	3.426105724390536e-05
row	row59	3	59	11		h6	h6	0.17414083340872102	36.923727746492	0.05851849989997858	0.009100956235602836	4.2922212907789245e-05	0.0015848481036841743	2.511743511751324e-06	0.17413362144276498	8.282740440235817e-05
row	row59	3	59	11		h6	h5+h6	0.17414083340872102	57.94545481559342	0.07998334835055844	0.007926465733664824	2.3821046072359243e-05	0.0013803213488460617	1.9052870260802112e-06	0.17413536278785494	6.282885902696263e-05
row	row59	3	59	11		h5+h6	h5	0.2613890625319779	21.058455979962336	0.10072007845310225	0.018297936619940128	0.00022712398781310142	0.004782880499355699	2.2875945871117017e-05	0.2613453004465072	0.00033481448454734594
row	row59	3	59	11		h5+h6	h6	0.2613890625319779	36.923727746492	0.10964396976408268	0.011360352307964075	8.042177810970999e-05	0.002969471839811721	8.817763007434807e-06	0.2613721948646008	0.00012905760456106467
row	row59	3	59	11		h5+h6	h5+h6	0.2613890625319779	57.94545481559342	0.21036408517903418	0.013888802711538412	6.265169773908935e-05	0.0036303811204606183	1.3179667079796894e-05	0.2613638504925011	0.00019289884076003673
row	row60	3	60	12		h5	h5	0.15310617817801256	21.058455979962336	-0.029002725155900144	-0.008995381068606262	-6.540120595639292e-05	-0.0013772484166691512	1.8968132012176836e-06	0.15309998361553182	8.09168805694399e-05
row	row60	3	60	12		h5	h6	0.15310617817801256	36.923727746492	0.016073115463601254	0.00284316332679251	1.178932619939605e-05	0.00043530587090108495	1.8949120124095205e-07	0.15310555935391795	8.083577702817852e-06
row	row60	3	60	12		h5	h5+h6	0.15310617817801256	57.94545481559342	-0.012929613119825599	-0.001457382124176691	-3.850762892236378e-06	-0.0002231342071776469	4.9788874412797036e-08	0.15310601558202383	2.1239626558697636e-06
row	row60	3	60	12		h6	h5	0.10914158490767532	21.058455979962336	0.04428821200955362	0.019269540829122227	9.98700108182063e-05	0.0021031082265335595	4.423064212513134e-06	0.10912132006141965	0.0003713152037652084
row	row60	3	60	12		h6	h6	0.10914158490767532	36.923727746492	-0.0030505558708185335	-0.000756977877056392	-2.2375250356413776e-06	-8.261776524198202e-05	6.825695133579252e-09	0.10914155363776057	5.730155063528021e-07
row	row60	3	60	12		h6	h5+h6	0.10914158490767532	57.94545481559342	0.041237665225326375	0.006520553108421041	1.2281610404000643e-05	0.0007116635007277414	5.064649382680639e-07	0.10913926466318634	4.251761283973931e-05
row	row60	3	60	12		h5+h6	h5	0.18794697663319898	21.058455979962336	0.015285496439754643	0.0038620481056999287	3.4468826478491564e-05	0.0007258602650782748	5.268731244195035e-07	0.1879455749743415	1.4915415570740406e-05
row	row60	3	60	12		h5+h6	h6	0.18794697663319898	36.923727746492	0.013022559494079673	0.0018765298027339677	9.551801091357853e-06	0.0003526881029859425	1.243888979878228e-07	0.1879466457180395	3.521364100548784e-06
row	row60	3	60	12		h5+h6	h5+h6	0.18794697663319898	57.94545481559342	0.028308046986339014	0.00259929270455372	8.430845987149571e-06	0.0004885292052056026	2.3866078433881776e-07	0.18794634171692703	6.756322563946193e-06
row	row61	3	61	13		h5	h5	0.13470740031334788	21.058455979962336	0.1157479856471701	0.04080331627364761	0.000261011950003194	0.005496508659386391	3.0211607442709583e-05	0.13459521570894653	0.0016649106189273162
row	row61	3	61	13		h5	h6	0.13470740031334788	36.923727746492	0.06589549319802923	0.01324825619400988	4.833309796976911e-05	0.0017846381505802794	3.1849333285066006e-06	0.1346955781228621	0.00017551629218212118
row	row61	3	61	13		h5	h5+h6	0.13470740031334788	57.94545481559342	0.18164349044824152	0.023270676446235556	5.4097984692353746e-05	0.0031347323276054487	9.826546765734673e-06	0.13467092170329428	0.0005415243822653824
row	row61	3	61	13		h6	h5	0.17159603660368336	21.058455979962336	-0.024199472091268073	-0.006696873787985832	-5.456986023794512e-05	-0.0011491569996534643	1.3205618098525524e-06	0.17159218868084522	4.4848118532211696e-05
row	row61	3	61	13		h6	h6	0.17159603660368336	36.923727746492	0.10567552994857606	0.016678678672045297	7.751100256071158e-05	0.002861995155909358	8.19101627244863e-06	0.17157216779483841	0.0002781783222453388
row	row61	3	61	13		h6	h5+h6	0.17159603660368336	57.94545481559342	0.08147603666461006	0.008194137859436772	2.4265606069333262e-05	0.00140608158006354	1.9770654097939815e-06	0.17159027569382493	6.714389525945505e-05
row	row61	3	61	13		h5+h6	h5	0.21731164859072652	21.058455979962336	0.09154851546311808	0.020005148267446118	0.00020644209406602506	0.0043473517503006326	1.889946724084197e-05	0.21726815953097814	0.0004002059572025024
row	row61	3	61	13		h5+h6	h6	0.21731164859072652	36.923727746492	0.17157101110763637	0.021382346554239273	0.0001258440917001247	0.004646632980439976	2.15911980549125e-05	0.21726196495282946	0.00045720474416558805
row	row61	3	61	13		h5+h6	h5+h6	0.21731164859072652	57.94545481559342	0.26311953436381585	0.020895400970222393	7.836359292120593e-05	0.004540814032803295	2.061899208050332e-05	0.21726420234621927	0.00043661778170637095
row	row62	3	62	14		h5	h5	0.13499884941936643	21.058455979962336	0.014066980938831887	0.004948166522249786	3.172107147241779e-05	0.0006679967872391491	4.4621970776182496e-07	0.13499719672958033	2.4484351931913548e-05
row	row62	3	62	14		h5	h6	0.13499884941936643	36.923727746492	-0.0653145701147205	-0.013103112374663276	-4.790700187524438e-05	-0.0017689050943922049	3.1290252329666955e-06	0.13498725984077092	0.00017169155390305395
row	row62	3	62	14		h5	h5+h6	0.13499884941936643	57.94545481559342	-0.051247581508636494	-0.006551246365682786	-1.5262814390611745e-05	-0.000884410721629982	7.821823245340655e-07	0.13499595239201892	4.29188289438719e-05
row	row62	3	62	14		h6	h5	0.14410242786266098	21.058455979962336	-0.013900746711471516	-0.004580789200852998	-3.134621294163639e-05	-0.0006601028453699756	4.3573576646553794e-07	0.14410091595873686	2.0983629702651454e-05
row	row62	3	62	14		h6	h6	0.14410242786266098	36.923727746492	0.012449169458448168	0.002339718131358421	9.131230344830749e-06	0.0003371590632430368	1.136762339269221e-07	0.14410203343353445	5.4742809342073426e-06
row	row62	3	62	14		h6	h5+h6	0.14410242786266098	57.94545481559342	-0.0014515720104514157	-0.0001738392787670031	-4.3231453110413435e-07	-2.5050662128219074e-05	6.275356730621894e-10	0.14410242568526643	3.022009484223182e-08
row	row62	3	62	14		h5+h6	h5	0.1737286523397113	21.058455979962336	0.00016623076544805982	4.543739542965284e-05	3.748507241618891e-07	7.893777473820145e-06	6.231172280619035e-11	0.17372865216037495	2.064556903430637e-09
row	row62	3	62	14		h5+h6	h6	0.1737286523397113	36.923727746492	-0.052865395343108475	-0.00824127665742702	-3.877576763330843e-05	-0.0014317458872535166	2.0498962856673595e-06	0.17372275253255287	6.791864094425146e-05
row	row62	3	62	14		h5+h6	h5+h6	0.1737286523397113	57.94545481559342	-0.0526991696381893	-0.0052349549120831035	-1.569513372238833e-05	-0.0009094616619353495	8.271205145302081e-07	0.1737262718280046	2.740475293154302e-05
row	row63	3	63	15		h5	h5	0.1045921953689288	21.058455979962336	-0.05000965693537914	-0.02270534322066276	-0.00011277188110627995	-0.0023748016940541425	5.639683086082424e-06	0.10456523154952647	0.0005155326107680963
row	row63	3	63	15		h5	h6	0.1045921953689288	36.923727746492	-0.0369645984261681	-0.009571525783538364	-2.7112833828802558e-05	-0.0010011068947305838	1.0022150146771124e-06	0.10458740419896409	9.16141058249397e-05
row	row63	3	63	15		h5	h5+h6	0.1045921953689288	57.94545481559342	-0.08697425159286766	-0.014350665630054835	-2.590311229810123e-05	-0.001500967623252867	2.2529038060533606e-06	0.10458142487213548	0.00020594160402563714
row	row63	3	63	15		h6	h5	0.11820843389451582	21.058455979962336	-0.01205143658143431	-0.0048413204622130114	-2.7176014726066214e-05	-0.0005722849098196735	3.275100180073119e-07	0.11820704857907632	2.3438383817842406e-05
row	row63	3	63	15		h6	h6	0.11820843389451582	36.923727746492	0.002819136876437288	0.000645895351420379	2.0677835801236165e-06	7.635027795115093e-05	5.829364943218005e-09	0.11820840923736844	4.171808049864548e-07
row	row63	3	63	15		h6	h5+h6	0.11820843389451582	57.94545481559342	-0.009232299217223645	-0.0013478514553384997	-2.749610131891348e-06	-0.000159327409658008	2.5385223468330694e-08	0.11820832651962657	1.8167035456581113e-06
row	row63	3	63	15		h5+h6	h5	0.15546714312066023	21.058455979962336	-0.06206108044818122	-0.018956326874793098	-0.00013994786636255312	-0.0029470859832854764	8.685315792877724e-06	0.15543920764822167	0.00035934232858400307
row	row63	3	63	15		h5+h6	h6	0.15546714312066023	36.923727746492	-0.03414545984367508	-0.0059482444458174326	-2.5045048997319326e-05	-0.0009247565705745711	8.551747148208418e-07	0.15546439275726462	3.538161198719794e-05
row	row63	3	63	15		h5+h6	h5+h6	0.15546714312066023	57.94545481559342	-0.0962065478357029	-0.010679394682717395	-2.865272154414515e-05	-0.001660294981580043	2.7565794258598755e-06	0.15545827739517118	0.00011404947078925257
anchor	row55.anchor0	3	55	7	0	h5	h5	11.409955878056191	21.058455979962336	239.6914938888179	0.9975671329131487	0.5405048206178314	11.382196971938043	129.55440790799557	0.7954151313581159	0.9951401846685599
anchor	row55.anchor0	3	55	7	0	h5	h6	11.409955878056191	36.923727746492	420.80804977200756	0.9988367983058559	0.30865474570431173	11.396683798048727	129.88440159270635	0.5501741056089998	0.9976749496498931
anchor	row55.anchor0	3	55	7	0	h5	h5+h6	11.409955878056191	57.94545481559342	660.4995680689275	0.9990085310875384	0.19671332803902863	11.398643261510541	129.92906820317964	0.5079615497351915	0.9980180451856814
anchor	row55.anchor0	3	55	7	0	h6	h5	13.080817901195118	21.058455979962336	274.76554762452315	0.9974723164553555	0.619596885234656	13.047753733035778	170.24387747794904	0.9294726925938219	0.994951022094813
anchor	row55.anchor0	3	55	7	0	h6	h6	13.080817901195118	36.923727746492	482.4642129639232	0.9989060992524115	0.35387837529365757	13.066508784713932	170.73365182100636	0.6116740498176209	0.9978133951236686
anchor	row55.anchor0	3	55	7	0	h6	h5+h6	13.080817901195118	57.94545481559342	757.22975641519	0.9990181902204701	0.225522002853256	13.067975026255477	170.77197128683682	0.5795046828023348	0.9980373443913836
anchor	row55.anchor0	3	55	7	0	h5+h6	h5	24.490518502751826	21.058455979962336	514.4570508694076	0.9975269060358621	1.160101726950437	24.429951149264063	596.8225131554285	1.721331861728325	0.9950599282654795
anchor	row55.anchor0	3	55	7	0	h5+h6	h6	24.490518502751826	36.923727746492	903.272301034709	0.9988842668747171	0.6625331490893989	24.46319362000295	598.4478420897532	1.1565701206050722	0.9977697786098411
anchor	row55.anchor0	3	55	7	0	h5+h6	h5+h6	24.490518502751826	57.94545481559342	1417.7293268552646	0.9990241050199573	0.4222353315984717	24.466618328686348	598.6154124416107	1.0817042534902488	0.9980491624109266
anchor	row55.anchor1	3	55	7	1	h5	h5	0.03950942326331917	21.058455979962336	0.02388825321372539	0.028711585691869736	5.386806101741409e-05	0.0011343781916611398	1.2868138817163973e-06	0.03949313500747174	0.0008243551529415785
anchor	row55.anchor1	3	55	7	1	h5	h6	0.03950942326331917	36.923727746492	-0.004599901085193418	-0.0031531328028310017	-3.373940447395422e-06	-0.00012457845851250596	1.551979232535217e-08	0.03950922685661896	9.942246472288889e-06
anchor	row55.anchor1	3	55	7	1	h5	h5+h6	0.03950942326331917	57.94545481559342	0.019288352634213274	0.008425100132521849	5.74455491342653e-06	0.00033287084717165214	1.1080300089677341e-07	0.039508021003325504	7.098231224301968e-05
anchor	row55.anchor1	3	55	7	1	h6	h5	0.03959235102316746	21.058455979962336	-0.007412927859284606	-0.008891027575227564	-1.671616784488018e-05	-0.0003520166847150711	1.2391574631778978e-07	0.03959078609721448	7.905037134345693e-05
anchor	row55.anchor1	3	55	7	1	h6	h6	0.03959235102316746	36.923727746492	-0.002356066506979358	-0.0016116499320600814	-1.7281302222430404e-06	-6.380900983658673e-05	4.0715897363256224e-09	0.039592299604240884	2.597415503509265e-06
anchor	row55.anchor1	3	55	7	1	h6	h5+h6	0.03959235102316746	57.94545481559342	-0.009768995927142492	-0.004258133383068041	-2.9094518654210152e-06	-0.00016858951160589743	2.842242342351502e-08	0.0395919920832267	1.813169990799847e-05
anchor	row55.anchor1	3	55	7	1	h5+h6	h5	0.054898605252569455	21.058455979962336	0.016475326122076025	0.014251027686391728	3.7151894903552985e-05	0.0007823615433986576	6.120895845891297e-07	0.054893030241487464	0.00020309179011830355
anchor	row55.anchor1	3	55	7	1	h5+h6	h6	0.054898605252569455	36.923727746492	-0.006955967666253619	-0.003431552941804405	-5.102070723975359e-06	-0.00018838747035541346	3.548983898691179e-08	0.054898282020828845	1.1775555592406468e-05
anchor	row55.anchor1	3	55	7	1	h5+h6	h5+h6	0.054898605252569455	57.94545481559342	0.009519357950537448	0.0029924504688090825	2.8351034183410575e-06	0.00016428135702501622	2.6988364265980843e-08	0.05489835945010725	8.954759808275697e-06
anchor	row55.anchor2	3	55	7	2	h5	h5	0.03889357159975061	21.058455979962336	-0.008349341302652896	-0.010194075901907618	-1.8827782120465097e-05	-0.0003964840209841362	1.5719957889574894e-07	0.03889155065314357	0.00010391918349385358
anchor	row55.anchor2	3	55	7	2	h5	h6	0.03889357159975061	36.923727746492	-0.005487892791186726	-0.0038213978265498054	-4.025265569026055e-06	-0.00014862780997804622	2.209022589887022e-08	0.03889328761571884	1.4603081348759576e-05
anchor	row55.anchor2	3	55	7	2	h5	h5+h6	0.03889357159975061	57.94545481559342	-0.013837232272631105	-0.006139768958618993	-4.12107462712869e-06	-0.00023879754359797405	5.7024266828426314e-08	0.038892838511969	3.7696762865221344e-05
anchor	row55.anchor2	3	55	7	2	h6	h5	0.040578604995641525	21.058455979962336	0.004555103343362663	0.005330581605449599	1.0271767577375765e-05	0.00021630756536457192	4.6788962833948555e-08	0.04057802846898145	2.841510025235763e-05
anchor	row55.anchor2	3	55	7	2	h6	h6	0.040578604995641525	36.923727746492	-0.0030797454346909586	-0.002055474849487356	-2.2589350286753615e-06	-8.340830199582314e-05	6.956944841826435e-09	0.04057851927371749	4.22497685687507e-06
anchor	row55.anchor2	3	55	7	2	h6	h5+h6	0.040578604995641525	57.94545481559342	0.0014753563845060077	0.0006274519185087145	4.39398113897811e-07	2.546112355492258e-05	6.482688126790334e-10	0.040578597007825325	3.9369591004026644e-07
anchor	row55.anchor2	3	55	7	2	h5+h6	h5	0.056230114687530794	21.058455979962336	-0.0037942365331967527	-0.0032042685472027724	-8.55601132724555e-06	-0.00018017638789885956	3.246353075628031e-08	0.05622982602002348	1.0267336922592966e-05
anchor	row55.anchor2	3	55	7	2	h5+h6	h6	0.056230114687530794	36.923727746492	-0.008567639668150679	-0.004126545932267071	-6.28420165558138e-06	-0.00023203615103474114	5.3840775387017205e-08	0.056229635931575074	1.7028381331109918e-05
anchor	row55.anchor2	3	55	7	2	h5+h6	h5+h6	0.056230114687530794	57.94545481559342	-0.012361873036967546	-0.003793987830620544	-3.681675664084691e-06	-0.00021333637083888936	4.5512407122708126e-08	0.056229709988277046	1.4394343658896785e-05
anchor	row55.anchor3	3	55	7	3	h5	h5	0.038307334679696624	21.058455979962336	-0.022731386854527882	-0.028178474100417992	-5.125932495502008e-05	-0.0010794422381278752	1.1651955454545163e-06	0.03829212314193134	0.0007940264026279274
anchor	row55.anchor3	3	55	7	3	h5	h6	0.038307334679696624	36.923727746492	0.0031854844018459937	0.0022521017432774485	2.3364925612272136e-06	8.627201521245742e-05	7.442860608818485e-09	0.03830723753289551	5.071962262073322e-06
anchor	row55.anchor3	3	55	7	3	h5	h5+h6	0.038307334679696624	57.94545481559342	-0.019545907604925937	-0.008805510301392315	-5.821261239806133e-06	-0.00033731563014095166	1.1378183433738729e-07	0.03830584953277959	7.753701166792615e-05
anchor	row55.anchor3	3	55	7	3	h6	h5	0.039249920043473975	21.058455979962336	0.00830124342997213	0.010043332661293623	1.8719321316856126e-05	0.00039420000392578536	1.5539364309508916e-07	0.03924794045266586	0.0001008685309454072
anchor	row55.anchor3	3	55	7	3	h6	h6	0.039249920043473975	36.923727746492	0.002227143989949697	0.0015367526815669489	1.633567994331979e-06	6.0317419878096964e-05	3.6381911407506473e-09	0.039249873696968245	2.3616088043032083e-06
anchor	row55.anchor3	3	55	7	3	h6	h5+h6	0.039249920043473975	57.94545481559342	0.010528389394570743	0.0046291769998375015	3.1356182756514602e-06	0.00018169482711071066	3.301301019879104e-08	0.03924949949246361	2.1429279695824526e-05
anchor	row55.anchor3	3	55	7	3	h5+h6	h5	0.05389465910630944	21.058455979962336	-0.014430145376007225	-0.012714475575747286	-3.2540008038691115e-05	-0.0006852423268703974	4.695570465347565e-07	0.0538903026818255	0.00016165788916627425
anchor	row55.anchor3	3	55	7	3	h5+h6	h6	0.05389465910630944	36.923727746492	0.005412627350771507	0.0027199245588972504	3.970059791987643e-06	0.00014658940689664637	2.1488454214310558e-08	0.053894459749876784	7.397989606092402e-06
anchor	row55.anchor3	3	55	7	3	h5+h6	h5+h6	0.05389465910630944	57.94545481559342	-0.009017516568969527	-0.0028874990079607076	-2.685642475308877e-06	-0.00015562077470384904	2.4217825519426136e-08	0.05389443442842483	8.337650520974072e-06
anchor	row55.anchor4	3	55	7	4	h5	h5	0.03955642410342101	21.058455979962336	0.004647645437042306	0.005579424936132368	1.0480450192400541e-05	0.0002207020990268546	4.870941651485953e-08	0.0395558084032319	3.112998261793568e-05
anchor	row55.anchor4	3	55	7	4	h5	h6	0.03955642410342101	36.923727746492	0.0009571164304484107	0.000655303076773059	7.020267996525484e-07	2.592144642111178e-05	6.719213845625688e-10	0.0395564156102183	4.294221224282378e-07
anchor	row55.anchor4	3	55	7	4	h5	h5+h6	0.03955642410342101	57.94545481559342	0.005604761649072946	0.0024452358125153363	1.6692385130214002e-06	9.67247848327299e-05	9.355684000937895e-09	0.03955630584579032	5.979178178807537e-06
anchor	row55.anchor4	3	55	7	4	h6	h5	0.03219710291927298	21.058455979962336	0.0032382868097438366	0.004776084367108534	7.302343536736319e-06	0.00015377607991892426	2.364708275523138e-08	0.0321967356934131	2.2810981881738534e-05
anchor	row55.anchor4	3	55	7	4	h6	h6	0.03219710291927298	36.923727746492	-0.01509499947475701	-0.012697282034652793	-1.107189662082784e-05	-0.00040881569646475185	1.6713027367596016e-07	0.032194507390556244	0.00016122097106751666
anchor	row55.anchor4	3	55	7	4	h6	h5+h6	0.03219710291927298	57.94545481559342	-0.011856711322820655	-0.006355183198609657	-3.531225842780091e-06	-0.00020461848751646957	4.186872543352761e-08	0.032196452718720785	4.038835348789046e-05
anchor	row55.anchor4	3	55	7	4	h5+h6	h5	0.045767348303427415	21.058455979962336	0.007885933865909547	0.008182214388960463	1.7782797380263526e-05	0.0003744782558328691	1.4023396409162772e-07	0.0457658162470981	6.694863230691165e-05
anchor	row55.anchor4	3	55	7	4	h5+h6	h6	0.045767348303427415	36.923727746492	-0.014137881764284045	-0.008366100059772208	-1.0369868882301491e-05	-0.0003828942153769195	1.4660798016910684e-07	0.04576574660974156	6.999163021012054e-05
anchor	row55.anchor4	3	55	7	4	h5+h6	h5+h6	0.045767348303427415	57.94545481559342	-0.006251950236132545	-0.002357438575506839	-1.8619874972509926e-06	-0.00010789371238915727	1.164105317311419e-08	0.045767221126850895	5.557516637287715e-06
anchor	row55.anchor5	3	55	7	5	h5	h5	0.03359217243241145	21.058455979962336	-0.0036244094970374905	-0.005123569639896624	-8.173051005099542e-06	-0.00017211183481287564	2.9622483682654588e-08	0.03359173151603206	2.625096585487042e-05
anchor	row55.anchor5	3	55	7	5	h5	h6	0.03359217243241145	36.923727746492	0.017082702468898214	0.013772505224951747	1.2529839173316444e-05	0.00046264837034286674	2.1404351458091038e-07	0.033588986367770655	0.0001896819001713232
anchor	row55.anchor5	3	55	7	5	h5	h5+h6	0.03359217243241145	57.94545481559342	0.013458290779407767	0.0069140487998487115	4.008216351563152e-06	0.00023225791949062536	5.394374116611381e-08	0.033591369501520744	4.780407080668941e-05
anchor	row55.anchor5	3	55	7	5	h6	h5	0.04141056431449743	21.058455979962336	0.011491666022451774	0.013177873119635627	2.5913730943437102e-05	0.0005457031623489581	2.977919413976533e-07	0.04140696855486683	0.00017365633995721524
anchor	row55.anchor5	3	55	7	5	h6	h6	0.04141056431449743	36.923727746492	0.021845583546487427	0.014287194640001019	1.6023322362670034e-05	0.0005916407925135052	3.5003882736600856e-07	0.04140633765521604	0.0002041239306812739
anchor	row55.anchor5	3	55	7	5	h6	h5+h6	0.04141056431449743	57.94545481559342	0.03333724610288151	0.01389310110706785	9.928667550422382e-06	0.0005753211569220488	3.3099443360212466e-07	0.0414065676241285	0.00019301825837121
anchor	row55.anchor5	3	55	7	5	h5+h6	h5	0.05002987035250342	21.058455979962336	0.007867256461372499	0.0074673654331435845	1.7740679793923202e-05	0.00037359132449493905	1.3957047773788283e-07	0.0500284754615865	5.576154651210767e-05
anchor	row55.anchor5	3	55	7	5	h5+h6	h6	0.05002987035250342	36.923727746492	0.03892828103857471	0.021073191288359258	2.8553157885589787e-05	0.0010542890280701182	1.1115253547090347e-06	0.05001876050177165	0.0004440793910757807
anchor	row55.anchor5	3	55	7	5	h5+h6	h5+h6	0.05002987035250342	57.94545481559342	0.04679553729791503	0.016141938363927237	1.3936884025769302e-05	0.0008075790835853809	6.521839762446035e-07	0.05002335198196994	0.00026056217414482594
anchor	row55.anchor6	3	55	7	6	h5	h5	0.03296605378972996	21.058455979962336	-0.003425053008810377	-0.00493371216765225	-7.723501706707756e-06	-0.00016264502070186928	2.6453402759111484e-08	0.03296565256542952	2.4341515753239866e-05
anchor	row55.anchor6	3	55	7	6	h5	h6	0.03296605378972996	36.923727746492	0.016716155866947986	0.013732952218299769	1.2260984173334804e-05	0.00045272124152026153	2.04956522523647e-07	0.03296294504356134	0.00018859397663010453
anchor	row55.anchor6	3	55	7	6	h5	h5+h6	0.03296605378972996	57.94545481559342	0.013291102276797383	0.006957843579144146	3.95842342459046e-06	0.00022937264569059313	5.261181059110236e-08	0.03296525581057696	4.841158727183741e-05
anchor	row55.anchor6	3	55	7	6	h6	h5	0.039167880788151206	21.058455979962336	-0.016384624433421677	-0.019864603066087096	-3.694736240571394e-05	-0.0007780544047964424	6.053686568231462e-07	0.03916015215468399	0.00039460245497319695
anchor	row55.anchor6	3	55	7	6	h6	h6	0.039167880788151206	36.923727746492	-0.0020408898471284743	-0.0014111849976106625	-1.4969541032241307e-06	-5.527312575644187e-05	3.055118430887438e-09	0.039167841787828866	1.9914430974814057e-06
anchor	row55.anchor6	3	55	7	6	h6	h5+h6	0.039167880788151206	57.94545481559342	-0.018425513165304438	-0.008118394322763354	-5.487579690885926e-06	-0.00031798030102519857	1.011114718400759e-07	0.0391665900221475	6.590832637987624e-05
anchor	row55.anchor6	3	55	7	6	h5+h6	h5	0.04528747945945112	21.058455979962336	-0.01980968004118905	-0.020771735591001376	-4.4670869973075165e-05	-0.0009406995489146246	8.849156413281781e-07	0.04527770842422217	0.00043146499946247323
anchor	row55.anchor6	3	55	7	6	h5+h6	h6	0.04528747945945112	36.923727746492	0.014675269012086696	0.008776116523747417	1.0764032264882061e-05	0.0003974481968029608	1.579650691419251e-07	0.04528573540002487	7.702022123839248e-05
anchor	row55.anchor6	3	55	7	6	h5+h6	h5+h6	0.04528747945945112	57.94545481559342	-0.005134410290185713	-0.001956559430258113	-1.5291560881003718e-06	-8.860764500900969e-05	7.851314754042679e-09	0.045287392776306445	3.828124804131952e-06
anchor	row55.anchor7	3	55	7	7	h5	h5	0.04151009128408427	21.058455979962336	1.5060098038328766e-05	1.7228504686391686e-05	3.396055261130648e-08	7.151568022203925e-07	5.114492517620975e-13	0.04151009127792373	2.968213737290203e-10
anchor	row55.anchor7	3	55	7	7	h5	h6	0.04151009128408427	36.923727746492	0.005655493757699965	0.003689871982317594	4.148197708102217e-06	0.00015316692281258832	2.346010624387739e-08	0.041509808699953854	1.3615155245892374e-05
anchor	row55.anchor7	3	55	7	7	h5	h5+h6	0.04151009128408427	57.94545481559342	0.00567055351546337	0.002357503732421797	1.6888329800297552e-06	9.786019513539817e-05	9.576617791938208e-09	0.04150997593103635	5.5578238483827035e-06
anchor	row55.anchor7	3	55	7	7	h6	h5	0.03325251365699262	21.058455979962336	-0.003270136457545324	-0.004669978377008284	-7.374164559219784e-06	-0.0001552885197593282	2.411452436904326e-08	0.03325215105800092	2.180869804172493e-05
anchor	row55.anchor7	3	55	7	7	h6	h6	0.03325251365699262	36.923727746492	0.01712846824222498	0.01395045929383878	1.2563407502476944e-05	0.0004638878381896936	2.151919264203074e-07	0.033249277775345136	0.0001946153145090528
anchor	row55.anchor7	3	55	7	7	h6	h5+h6	0.03325251365699262	57.94545481559342	0.013858331011550762	0.007192288073338683	4.12735836045867e-06	0.00023916165738371964	5.719829836252771e-08	0.03325165358610182	5.1729007729889854e-05
anchor	row55.anchor7	3	55	7	7	h5+h6	h5	0.049372174910811535	21.058455979962336	-0.003255076556263995	-0.0031307790791009252	-7.340204450295924e-06	-0.00015457337230048035	2.3892927424342904e-08	0.04937193294267851	9.801777642136038e-06
anchor	row55.anchor7	3	55	7	7	h5+h6	h6	0.049372174910811535	36.923727746492	0.022783962249297893	0.012498026851575677	1.67116053934895e-05	0.0006170547677560135	3.8075658641042784e-07	0.04936831877669481	0.00015620067518270665
anchor	row55.anchor7	3	55	7	7	h5+h6	h5+h6	0.049372174910811535	57.94545481559342	0.01952888270022835	0.006826148971601451	5.8161907964258276e-06	0.0003370218209931631	1.1358370782554768e-07	0.049371024616833126	4.659630978249554e-05
anchor	row55.anchor8	3	55	7	8	h5	h5	0.04102159909495861	21.058455979962336	0.00328258146670855	0.0037999370486586706	7.402228080941906e-06	0.0001558794941961562	2.4298416710849495e-08	0.04102130292775692	1.4439521573768764e-05
anchor	row55.anchor8	3	55	7	8	h5	h6	0.04102159909495861	36.923727746492	0.005111796528425224	0.003374857443922831	3.74940607345346e-06	0.0001384420490672391	1.9166200949935845e-08	0.041021365483203495	1.138966276680134e-05
anchor	row55.anchor8	3	55	7	8	h5	h5+h6	0.04102159909495861	57.94545481559342	0.00839437853829129	0.003531478670767741	2.5000563496422356e-06	0.0001448669022446316	2.0986419365955643e-08	0.041021343296973385	1.2471341602087486e-05
anchor	row55.anchor8	3	55	7	8	h6	h5	0.03290718436632174	21.058455979962336	0.0028321448239024215	0.004086939491807019	6.3864925082287735e-06	0.00013448967135089489	1.8087471700071715e-08	0.032906909539599585	1.6703074409691817e-05
anchor	row55.anchor8	3	55	7	8	h6	h6	0.03290718436632174	36.923727746492	-0.014848507818516824	-0.012220431683466986	-1.0891099652907978e-05	-0.00040213999844388766	1.6171657834845e-07	0.0329047271123883	0.00014933895053028374
anchor	row55.anchor8	3	55	7	8	h6	h5+h6	0.03290718436632174	57.94545481559342	-0.012016365320074185	-0.006301776884369581	-3.578774805190917e-06	-0.00020737373376937443	4.300386545745138e-08	0.03290653094833353	3.9712391900374784e-05
anchor	row55.anchor8	3	55	7	8	h5+h6	h5	0.04889251285759687	21.058455979962336	0.006114725913579499	0.005938928696275676	1.378871973896392e-05	0.0002903691476430095	8.431424190292781e-08	0.048891650609162014	3.5270874059446694e-05
anchor	row55.anchor8	3	55	7	8	h5+h6	h6	0.04889251285759687	36.923727746492	-0.009736715213812202	-0.005393424069044046	-7.141696457429371e-06	-0.00026369805564220843	6.953666454948127e-08	0.04889180173470523	2.9089023188543637e-05
anchor	row55.anchor8	3	55	7	8	h5+h6	h5+h6	0.04889251285759687	57.94545481559342	-0.0036219888192130963	-0.0012784547783005645	-1.0787190623464668e-06	-6.25068666859165e-05	3.907108382890938e-09	0.04889247290147935	1.6344466201595451e-06
anchor	row55.anchor9	3	55	7	9	h5	h5	0.033844601837205925	21.058455979962336	-0.0033790027758347626	-0.00474102902436582	-7.619658334921525e-06	-0.00016045823962829807	2.574684666461232e-08	0.03384422146648284	2.2477356209879127e-05
anchor	row55.anchor9	3	55	7	9	h5	h6	0.033844601837205925	36.923727746492	0.01766638070331708	0.014136849539344435	1.295795611907189e-05	0.00047845604389160047	2.289201859364011e-07	0.03384121973766705	0.00019985051489806308
anchor	row55.anchor9	3	55	7	9	h5	h5+h6	0.033844601837205925	57.94545481559342	0.014287382924399005	0.007285240603614807	4.255140775100736e-06	0.0002465660675175889	6.07948256510882e-08	0.03384370367872511	5.3074730652557846e-05
anchor	row55.anchor9	3	55	7	9	h6	h5	0.03879903256933269	21.058455979962336	-0.016814877267206374	-0.020580043083665577	-3.791758344682015e-05	-0.0007984857618814106	6.375795119273368e-07	0.03879081526346426	0.0004235381733255313
anchor	row55.anchor9	3	55	7	9	h6	h6	0.03879903256933269	36.923727746492	-0.0020567304820479928	-0.001435657842517502	-1.50857290934138e-06	-5.5702135390254464e-05	3.10272788703424e-09	0.03879899258470833	2.061113440782009e-06
anchor	row55.anchor9	3	55	7	9	h6	h5+h6	0.03879903256933269	57.94545481559342	-0.018871609206895436	-0.008393994141115045	-5.620438274310836e-06	-0.0003256788520679104	1.0606671468427186e-07	0.03879766567206659	7.04591376410737e-05
anchor	row55.anchor9	3	55	7	9	h5+h6	h5	0.04553004204244888	21.058455979962336	-0.020193878876024075	-0.021061784770540756	-4.5537239150115755e-05	-0.0009589439460917302	9.195734917459791e-07	0.04551994238677611	0.0004435987777205825
anchor	row55.anchor9	3	55	7	9	h5+h6	h6	0.04553004204244888	36.923727746492	0.015609654300026476	0.009285166452769798	1.1449386201421912e-05	0.00042275401896574484	1.7872096055168936e-07	0.045528079329427144	8.621431605564167e-05
anchor	row55.anchor9	3	55	7	9	h5+h6	h5+h6	0.04553004204244888	57.94545481559342	-0.004584226327433804	-0.0017375952618728999	-1.3652975125935752e-06	-7.91127853258331e-05	6.258832802011353e-09	0.04552997330939653	3.0192372940831513e-06
anchor	row55.anchor10	3	55	7	10	h5	h5	0.03332596842147239	21.058455979962336	-0.0031692566962232887	-0.004515939477533412	-7.146680486202873e-06	-0.00015049805642155902	2.2649664986666765e-08	0.03332562859968268	2.039370936474475e-05
anchor	row55.anchor10	3	55	7	10	h5	h6	0.03332596842147239	36.923727746492	0.017376899321581527	0.014121601970439239	1.2745627000572067e-05	0.00047061606132746034	2.2147947717937194e-07	0.033322645329442194	0.00019941964221151335
anchor	row55.anchor10	3	55	7	10	h5	h5+h6	0.03332596842147239	57.94545481559342	0.014207641427057001	0.007357323179268658	4.231391758321177e-06	0.00024518991993887414	6.011809683963151e-08	0.03332506643852545	5.413020436420387e-05
anchor	row55.anchor10	3	55	7	10	h6	h5	0.03961226147338167	21.058455979962336	0.027810894715550954	0.03333947821977262	6.271362581778935e-05	0.0013206521286277463	1.7441220448489977e-06	0.039590240426028094	0.0011115208079666933
anchor	row55.anchor10	3	55	7	10	h6	h6	0.03961226147338167	36.923727746492	0.025844655338318832	0.01766996005236241	1.8956565886955672e-05	0.0006999470778183887	4.899259117465016e-07	0.039606076972149254	0.00031222748825208345
anchor	row55.anchor10	3	55	7	10	h6	h5+h6	0.03961226147338167	57.94545481559342	0.05365554301746538	0.023375751479205353	1.5979965688040273e-05	0.0009259663797310708	8.574137363922656e-07	0.03960143741455814	0.0005464257572175712
anchor	row55.anchor10	3	55	7	10	h5+h6	h5	0.04688778043761367	21.058455979962336	0.024641636912356886	0.024956481384239584	5.556694283536505e-05	0.0011701540196396183	1.3692604296787564e-06	0.046873176699858826	0.0006228259630818967
anchor	row55.anchor10	3	55	7	10	h5+h6	h6	0.04688778043761367	36.923727746492	0.04322155837737816	0.02496520903528911	3.1702195614227394e-05	0.0011705632398257648	1.370218298431391e-06	0.046873166482193585	0.000623261662175681
anchor	row55.anchor10	3	55	7	10	h5+h6	h5+h6	0.04688778043761367	57.94545481559342	0.06786318603748728	0.024977858116337737	2.0211357920786325e-05	0.0011711563271607102	1.3716071426485647e-06	0.04687315166727344	0.0006238933960798987
anchor	row55.anchor11	3	55	7	11	h5	h5	0.033334161201555496	21.058455979962336	-0.003134938565128684	-0.004465940965327321	-7.069293028724584e-06	-0.00014886839605485127	2.2161799343944057e-08	0.033333828781163796	1.994462870578872e-05
anchor	row55.anchor11	3	55	7	11	h5	h6	0.033334161201555496	36.923727746492	0.017081177323750345	0.013877867280335965	1.2528720508195774e-05	0.0004626070650565116	2.1400529664019955e-07	0.03333095104725708	0.00019259520025061955
anchor	row55.anchor11	3	55	7	11	h5	h5+h6	0.033334161201555496	57.94545481559342	0.013946240873746957	0.007220183821444684	4.1535401210472885e-06	0.00024067877140890008	5.792627100689758e-08	0.03333329231774564	5.2131054415451555e-05
anchor	row55.anchor11	3	55	7	11	h6	h5	0.04088491950028053	21.058455979962336	0.00035076800802953407	0.0004074087049848607	7.909825925922115e-07	1.665687210701957e-05	2.774513883896065e-10	0.040884916107203045	1.6598185289744123e-07
anchor	row55.anchor11	3	55	7	11	h6	h6	0.04088491950028053	36.923727746492	0.006018299341889442	0.0039866223581270215	4.414308742310755e-06	0.0001629927341900418	2.6566631398745624e-08	0.040884594603750456	1.589315782631825e-05
anchor	row55.anchor11	3	55	7	11	h6	h5+h6	0.04088491950028053	57.94545481559342	0.0063690686304373545	0.002688397022254141	1.896868290868532e-06	0.00010991489583965446	1.2081284327442088e-08	0.04088477175257423	7.227478549264933e-06
anchor	row55.anchor11	3	55	7	11	h5+h6	h5	0.04926172359893038	21.058455979962336	-0.002784171086210759	-0.002683859585387153	-6.278311629280158e-06	-0.0001322115490736818	1.7479893708462576e-08	0.049261546179994245	7.203102274074503e-06
anchor	row55.anchor11	3	55	7	11	h5+h6	h6	0.04926172359893038	36.923727746492	0.023099477981296745	0.012699511693331918	1.6943030215516026e-05	0.0006255998348783013	3.913751533997579e-07	0.049257751032543234	0.00016127759724907418
anchor	row55.anchor11	3	55	7	11	h5+h6	h5+h6	0.04926172359893038	57.94545481559342	0.020315304925447353	0.007116957398504729	6.05040704825318e-06	0.00035059358823050257	1.229158641083392e-07	0.049260476003316345	5.065108261213121e-05
anchor	row55.anchor12	3	55	7	12	h5	h5	0.03705089285972916	21.058455979962336	0.0036009752136840364	0.00461524678697638	8.120206647067624e-06	0.0001709990142254711	2.9240662866082866e-08	0.03705049825630234	2.13005029046958e-05
anchor	row55.anchor12	3	55	7	12	h5	h6	0.03705089285972916	36.923727746492	-0.038837183321592604	-0.028388569357965403	-2.84863394331277e-05	-0.0010518218417229662	1.1063291867254927e-06	0.03703595999182961	0.0008059108701920123
anchor	row55.anchor12	3	55	7	12	h5	h5+h6	0.03705089285972916	57.94545481559342	-0.03523621014389593	-0.01641236388191902	-1.0494226642953697e-05	-0.0006080927357638701	3.6977677528878796e-07	0.037045902404015486	0.00026936568819252
anchor	row55.anchor12	3	55	7	12	h6	h5	0.040000286790372416	21.058455979962336	0.014135602965781821	0.016781265482008492	3.187581428687999e-05	0.0006712554319857169	4.505838549703314e-07	0.03999465413598512	0.0002816108711776497
anchor	row55.anchor12	3	55	7	12	h6	h6	0.040000286790372416	36.923727746492	0.004560811057527739	0.003087972583075628	3.3452686514179886e-06	0.00012351978892383224	1.5257138255788068e-08	0.04000009607705694	9.535574673826769e-06
anchor	row55.anchor12	3	55	7	12	h6	h5+h6	0.040000286790372416	57.94545481559342	0.018696416801902857	0.00806632841762778	5.568261584575809e-06	0.00032265545005044215	1.0410653944725338e-07	0.03999898544679095	6.506565414102951e-05
anchor	row55.anchor12	3	55	7	12	h5+h6	h5	0.05234711951904307	21.058455979962336	0.01773657773864821	0.016089795064497137	3.999601993990289e-05	0.000842254425278141	7.093925169006116e-07	0.052340343229903254	0.00025888150521751645
anchor	row55.anchor12	3	55	7	12	h5+h6	h6	0.05234711951904307	36.923727746492	-0.03427636931952517	-0.017733582699137586	-2.5141068621945537e-05	-0.0009283019730525896	8.61744553173331e-07	0.052338887811911004	0.000314479955347152
anchor	row55.anchor12	3	55	7	12	h5+h6	h5+h6	0.05234711951904307	57.94545481559342	-0.016539792395558625	-0.005452778911290329	-4.925964776505987e-06	-0.0002854372693802324	8.147443475124336e-08	0.05234634130009688	2.973279785541255e-05
anchor	row55.anchor13	3	55	7	13	h5	h5	0.03991524459424944	21.058455979962336	0.0278965780128318	0.03318834628312769	6.290684183257295e-05	0.0013247209595696908	1.7548856207232423e-06	0.03989325588865912	0.0011014663290087952
anchor	row55.anchor13	3	55	7	13	h5	h6	0.03991524459424944	36.923727746492	0.025318297953765716	0.01717869509657874	1.8570492700459238e-05	0.0006856918165899737	4.7017326733845825e-07	0.03990935451434188	0.0002951075652212183
anchor	row55.anchor13	3	55	7	13	h5	h5+h6	0.03991524459424944	57.94545481559342	0.053214877843229695	0.023007789675571173	1.584872455304871e-05	0.0009183615524734702	8.433879410614823e-07	0.03990467846102381	0.0005293583857553194
anchor	row55.anchor13	3	55	7	13	h6	h5	0.03957580755761795	21.058455979962336	-0.002539377394444174	-0.0030469893648532947	-5.726301341764289e-06	-0.00012058706473354254	1.4541240181051577e-08	0.03957562384343965	9.284144189529084e-06
anchor	row55.anchor13	3	55	7	13	h6	h6	0.03957580755761795	36.923727746492	-0.001781050368838793	-0.0012188236594649056	-1.3063667602802515e-06	-4.8235930593654776e-05	2.3267050002358807e-09	0.03957577816206031	1.485531112871424e-06
anchor	row55.anchor13	3	55	7	13	h6	h5+h6	0.03957580755761795	57.94545481559342	-0.0043204295035595775	-0.001883986392114868	-1.2867322058786291e-06	-7.456028289550896e-05	5.5592357854583255e-09	0.03957573732227644	3.5494047256739955e-06
anchor	row55.anchor13	3	55	7	13	h5+h6	h5	0.0559679244293598	21.058455979962336	0.025357212980406784	0.02151472462391302	5.718056836718776e-05	0.0012041344818696502	1.449939850427491e-06	0.05595496961915092	0.00046288337564280916
anchor	row55.anchor13	3	55	7	13	h5+h6	h6	0.0559679244293598	36.923727746492	0.023537250975503753	0.011389666211892335	1.7264128427102963e-05	0.0006374559778228229	4.0635012366205133e-07	0.05596429410621443	0.0001297244964183219
anchor	row55.anchor13	3	55	7	13	h5+h6	h5+h6	0.0559679244293598	57.94545481559342	0.04889445263085449	0.015076516634068702	1.4561993625192355e-05	0.0008438013436335431	7.120007075177727e-07	0.055961563275367956	0.00022730135381735024
anchor	row55.anchor14	3	55	7	14	h5	h5	0.039763891588099856	21.058455979962336	-0.007631215329198122	-0.009113355289793595	-1.720840654661506e-05	-0.0003623824717471889	1.3132105582960215e-07	0.03976224029370489	8.305324463800893e-05
anchor	row55.anchor14	3	55	7	14	h5	h6	0.039763891588099856	36.923727746492	-0.003451688825601172	-0.0023509165613067144	-2.5317484712889018e-06	-9.348159127646871e-05	8.738807907580753e-09	0.03976378170423747	5.52680867822619e-06
anchor	row55.anchor14	3	55	7	14	h5	h5+h6	0.039763891588099856	57.94545481559342	-0.011082905674048437	-0.004810003361920825	-3.30076712367689e-06	-0.0001912644522218155	3.658209068371114e-08	0.03976343159411012	2.3136132341689636e-05
anchor	row55.anchor14	3	55	7	14	h6	h5	0.03952495064551588	21.058455979962336	0.02777756931354558	0.033373086830161006	6.263847696648598e-05	0.0013190696098506298	1.7399446356314926e-06	0.03950293380110944	0.0011137629245734659
anchor	row55.anchor14	3	55	7	14	h6	h6	0.03952495064551588	36.923727746492	0.025535126619546423	0.017496901193256545	1.8729532425897495e-05	0.0006915641561129329	4.78260982020193e-07	0.039518900067542946	0.00030614155136658234
anchor	row55.anchor14	3	55	7	14	h6	h5+h6	0.03952495064551588	57.94545481559342	0.05331270161034101	0.023277695272651413	1.5877858923031787e-05	0.0009200497567929053	8.464915549746842e-07	0.039514240875607	0.0005418510972064178
anchor	row55.anchor14	3	55	7	14	h5+h6	h5	0.055583214652512716	21.058455979962336	0.020146356769967334	0.017211801734834352	4.543007670144958e-05	0.0009566872703837884	9.152505333143839e-07	0.05557498088685222	0.00029624611895924676
anchor	row55.anchor14	3	55	7	14	h5+h6	h6	0.055583214652512716	36.923727746492	0.022083448378608244	0.010760134246253607	1.619779171825871e-05	0.0005980828514993673	3.5770309725761437e-07	0.055579996833483594	0.00011578048899739971
anchor	row55.anchor14	3	55	7	14	h5+h6	h5+h6	0.055583214652512716	57.94545481559342	0.04222980324450523	0.013111609957241295	1.257709397592382e-05	0.000728785430693366	5.31128203990915e-07	0.05557843667199819	0.0001719143156708291
anchor	row55.anchor15	3	55	7	15	h5	h5	0.03939038542154143	21.058455979962336	-0.008091830876012191	-0.009755062173004437	-1.8247095569180065e-05	-0.00038425565880574424	1.476524113242365e-07	0.03938851115803007	9.516123799918204e-05
anchor	row55.anchor15	3	55	7	15	h5	h6	0.03939038542154143	36.923727746492	-0.005897855139089897	-0.00405506977109351	-4.325965197535902e-06	-0.00015973076119461512	2.551391607181116e-08	0.03939006156051944	1.644359084843637e-05
anchor	row55.anchor15	3	55	7	15	h5	h5+h6	0.03939038542154143	57.94545481559342	-0.013989687089588589	-0.006129123811022525	-4.166479493186313e-06	-0.0002414285492125241	5.8287744374864175e-08	0.039389645541857934	3.756615869084329e-05
anchor	row55.anchor15	3	55	7	15	h6	h5	0.03321413913821223	21.058455979962336	-0.003620945819425965	-0.005176932477926545	-8.165240404832833e-06	-0.00017194735563098209	2.9565893108487425e-08	0.03321369405530516	2.6800629881010676e-05
anchor	row55.anchor15	3	55	7	15	h6	h6	0.03321413913821223	36.923727746492	0.016795980653682444	0.013695466344270078	1.2319534144666803e-05	0.0004548831247212891	2.0691865715620391e-07	0.0332110240738729	0.00018756579838703438
anchor	row55.anchor15	3	55	7	15	h6	h5+h6	0.03321413913821223	57.94545481559342	0.013175034848468917	0.006845566535799739	3.923855634985122e-06	0.000227369599399942	5.169693473129011e-08	0.03321336089223417	4.6861781196061226e-05
anchor	row55.anchor15	3	55	7	15	h5+h6	h5	0.04588810801604957	21.058455979962336	-0.0117127777608215	-0.01212085416190844	-2.6412338376454573e-05	-0.0005562030650284385	3.0936184954702933e-07	0.04588473706411628	0.00014691510561425311
anchor	row55.anchor15	3	55	7	15	h5+h6	h6	0.04588810801604957	36.923727746492	0.01089812645653796	0.0064320017058453385	7.993569638030045e-06	0.00029515238903724596	8.71149327543938e-08	0.04588715879589712	4.1370645943997345e-05
anchor	row55.anchor15	3	55	7	15	h5+h6	h5+h6	0.04588810801604957	57.94545481559342	-0.0008146501158792642	-0.0003063737805685308	-2.426232252513252e-07	-1.4058913136014209e-05	1.9765303856599287e-10	0.04588810586240834	9.386489341985423e-08
