index	token_start
0	231731
1	107036
2	241020
3	156392
4	139781
5	23728
6	148775
7	7192
8	70523
9	227887
10	30393
11	112165
12	153367
13	45477
14	177706
15	212825
16	224761
17	272970
18	269196
19	8807
20	139036
21	215651
22	162
23	282806
24	61147
25	105568
26	111027
27	170291
28	162782
29	114012
30	215908
31	42984
32	35260
33	35272
34	139391
35	80717
36	71982
37	233287
38	180104
39	49784
40	230006
41	109274
42	238819
43	113100
44	213845
45	31489
46	78592
47	168078
48	133542
49	4738
50	1098
51	189460
52	246421
53	27731
54	263120
55	19581
56	32667
57	221058
58	6399
59	100666
60	67805
61	202921
62	158728
63	79311
