checkpoint_step	horizon	mean_latent_norm	mean_centered_residual_norm	mean_memory_frobenius	mean_correction_norm	mean_direction_angle_rad	mean_perpendicular_ratio
100	1	78.28060913085938	2.3788304328918457	86.19972229003906	2.3788304328918457	0.025395294651389122	0.02585146576166153
100	2	79.63842010498047	4.672398090362549	173.85104370117188	2.293651819229126	0.023608261719346046	0.024023763835430145
100	3	80.98931884765625	6.883772850036621	262.8074035644531	2.211615562438965	0.021965403109788895	0.022343838587403297
100	4	82.32868957519531	9.016142845153809	352.93463134765625	2.1328344345092773	0.02046014927327633	0.020803892984986305
100	5	83.65280151367188	11.072732925415039	444.1101379394531	2.0573368072509766	0.019083570688962936	0.0193945299834013
100	6	84.95872497558594	13.056740760803223	536.2218627929688	1.98508882522583	0.01782432198524475	0.018105709925293922
100	7	86.24415588378906	14.971291542053223	629.167236328125	1.916015386581421	0.016673054546117783	0.01692734658718109
100	8	87.50736236572266	16.819408416748047	722.8523559570312	1.8500137329101562	0.015618889592587948	0.015849687159061432
100	9	88.74697875976562	18.60400390625	817.1910400390625	1.786962628364563	0.01465500146150589	0.014863545075058937
100	10	89.96204376220703	20.32785415649414	912.1038818359375	1.7267316579818726	0.013769922778010368	0.013960391283035278
100	11	91.15187072753906	21.99360466003418	1007.517578125	1.6691856384277344	0.012960590422153473	0.013132411055266857
100	12	92.3160171508789	23.60376739501953	1103.364501953125	1.6141893863677979	0.01221479382365942	0.01237249281257391
100	13	93.4542236328125	25.160722732543945	1199.58154296875	1.5616093873977661	0.011530999094247818	0.011674202047288418
100	14	94.56639099121094	26.66672134399414	1296.110107421875	1.5113165378570557	0.010901742614805698	0.0110317412763834
100	15	95.65254211425781	28.123889923095703	1392.8956298828125	1.4631872177124023	0.010320384055376053	0.010439897887408733
100	16	96.71279907226562	29.53424072265625	1489.88671875	1.4171031713485718	0.009783487766981125	0.00989399291574955
300	1	170.98008728027344	4.118834495544434	131.49586486816406	4.118834495544434	0.01886654645204544	0.019194116815924644
300	2	173.42605590820312	7.762247085571289	267.31585693359375	3.643496513366699	0.016031555831432343	0.016274303197860718
300	3	175.6302032470703	10.986494064331055	407.14520263671875	3.224484920501709	0.01369093731045723	0.01387318316847086
300	4	177.61105346679688	13.840448379516602	550.6459350585938	2.854414939880371	0.011743316426873207	0.011879165656864643
300	5	179.38699340820312	16.36640167236328	697.4785766601562	2.526702880859375	0.010104598477482796	0.010207649320363998
300	6	180.9754638671875	18.6009464263916	847.3133544921875	2.2356619834899902	0.008717399090528488	0.008794451132416725
300	7	182.3927459716797	20.57582664489746	999.8367309570312	1.976448655128479	0.00753049785271287	0.007590517867356539
300	8	183.65383911132812	22.318653106689453	1154.753662109375	1.7449581623077393	0.006513016298413277	0.006558000110089779
300	9	184.77243041992188	23.853546142578125	1311.789306640625	1.5377212762832642	0.0056325532495975494	0.005667433142662048
300	10	185.7610321044922	25.20163917541504	1470.6875	1.3518081903457642	0.00486913463100791	0.004895726218819618
300	11	186.63095092773438	26.381540298461914	1631.21142578125	1.184751033782959	0.004204979632049799	0.004224721342325211
300	12	187.39251708984375	27.409685134887695	1793.14111328125	1.0344866514205933	0.003627789206802845	0.0036401692777872086
300	13	188.0550537109375	28.300640106201172	1956.2740478515625	0.8993216753005981	0.0031176316551864147	0.003130952827632427
300	14	188.62705993652344	29.067371368408203	2120.42138671875	0.7779138088226318	0.00267315236851573	0.002688448643311858
300	15	189.11627197265625	29.721446990966797	2285.4091796875	0.6692409515380859	0.0022972181905061007	0.002306019887328148
300	16	189.52969360351562	30.27323341369629	2451.07568359375	0.5725616216659546	0.001980158034712076	0.001978768967092037
500	1	277.47259521484375	5.309403419494629	150.81979370117188	5.309403419494629	0.014566261321306229	0.014781695790588856
500	2	280.76251220703125	10.01553726196289	305.3631591796875	4.706281661987305	0.012449408881366253	0.012608110904693604
500	3	283.70904541015625	14.16944408416748	463.5229797363281	4.1543169021606445	0.010633481666445732	0.01075174380093813
500	4	286.3309326171875	17.81999397277832	625.110107421875	3.6513195037841797	0.009072594344615936	0.009161043912172318
500	5	288.6488037109375	21.01282501220703	789.8836669921875	3.19405460357666	0.007726739626377821	0.0077921184711158276
500	6	290.6837463378906	23.78997230529785	957.5733642578125	2.7789103984832764	0.006560342852026224	0.006608718540519476
500	7	292.4565734863281	26.189815521240234	1127.894287109375	2.402261972427368	0.005547111853957176	0.005581284873187542
500	8	293.9873352050781	28.24724578857422	1300.5572509765625	2.0606637001037598	0.0046621039509773254	0.004685892723500729
500	9	295.295166015625	29.993907928466797	1475.275390625	1.750960350036621	0.003883505705744028	0.0039034062065184116
500	10	296.3979187011719	31.458473205566406	1651.768798828125	1.4703952074050903	0.0032059410586953163	0.0032191057689487934
500	11	297.31243896484375	32.66691589355469	1829.767333984375	1.2168920040130615	0.0026101218536496162	0.002623091684654355
500	12	298.0543518066406	33.642784118652344	2009.0125732421875	0.9897665977478027	0.0020993377547711134	0.0021099962759763002
500	13	298.6380920410156	34.407440185546875	2189.257568359375	0.7888481616973877	0.001661255257204175	0.0016743403393775225
500	14	299.0770568847656	34.980289459228516	2370.268798828125	0.6120555996894836	0.0013099400093778968	0.001309563871473074
500	15	299.3836669921875	35.37900161743164	2551.825439453125	0.460757851600647	0.0010264799930155277	0.001021815580315888
500	16	299.5694274902344	35.61967468261719	2733.71875	0.35210245847702026	0.0008054669597186148	0.0008383849053643644
1000	1	418.7829895019531	6.076226234436035	209.89781188964844	6.076226234436035	0.010802032425999641	0.010926077142357826
1000	2	422.7027893066406	11.543174743652344	423.31878662109375	5.467251777648926	0.009433301165699959	0.009530394338071346
1000	3	426.2372131347656	16.41179656982422	640.2418212890625	4.869472503662109	0.008174842223525047	0.008246677927672863
1000	4	429.38470458984375	20.700803756713867	860.5442504882812	4.290600776672363	0.007021063007414341	0.007074680179357529
1000	5	432.1505126953125	24.43425941467285	1084.022705078125	3.7359604835510254	0.005968666635453701	0.006009860895574093
1000	6	434.5447998046875	27.639711380004883	1310.411376953125	3.2090137004852295	0.005014745052903891	0.0050454530864953995
1000	7	436.58148193359375	30.34674835205078	1539.398193359375	2.7118353843688965	0.0041505079716444016	0.004173856228590012
1000	8	438.27691650390625	32.585968017578125	1770.6395263671875	2.245523691177368	0.0033705485984683037	0.0033876418601721525
1000	9	439.64910888671875	34.3881950378418	2003.770751953125	1.8106266260147095	0.0026658717542886734	0.0026806718669831753
1000	10	440.7171325683594	35.783966064453125	2238.415771484375	1.4080911874771118	0.002043754793703556	0.002050903160125017
1000	11	441.5003662109375	36.80315017700195	2474.1943359375	1.0422605276107788	0.0015018964186310768	0.0015045622130855918
1000	12	442.0185241699219	37.47470474243164	2710.7265625	0.7202121019363403	0.0010490426793694496	0.0010537574999034405
1000	13	442.2908935546875	37.826534271240234	2947.6396484375	0.4604482054710388	0.0006937183788977563	0.0007305106264539063
1000	14	442.33648681640625	37.885398864746094	3184.568359375	0.34703534841537476	0.0005871726898476481	0.0006260950467549264
1000	15	442.1737365722656	37.67689514160156	3421.15966796875	0.40643802285194397	0.0007318663410842419	0.0007428675889968872
1000	16	441.8204650878906	37.2254753112793	3657.0732421875	0.5478425621986389	0.0009259807993657887	0.0009665189427323639
