step	train_loss	train_token_ce	train_latent_relative_mse	gradient_norm	val_evaluated_boundaries	val_h1_validation_nll	val_h1_validation_accuracy	val_h1_latent_relative_mse	val_h1_posterior_target_accuracy	val_exact_block_token_agreement	val_mean_overall_cosine	val_mean_overall_relative_mse	val_h2_h4_token_agreement	val_h2_h4_no_write_token_agreement	val_posterior_readout_logit_abs_delta	val_learned_read_beta	val_h1_ar_parallel_max_logit_error	val_h1_overall_cosine	val_h1_overall_relative_mse	val_h1_one_step_closure_cosine	val_h1_one_step_closure_relative_mse	val_h1_path_cosine	val_h1_path_relative_mse	val_h1_token_agreement	val_h1_no_write_token_agreement	val_h1_posterior_readout_token_agreement	val_h1_posterior_target_accuracy	val_h1_readout_entropy	val_h1_posterior_entropy	val_h1_memory_energy	val_h1_innovation_energy	val_h2_overall_cosine	val_h2_overall_relative_mse	val_h2_one_step_closure_cosine	val_h2_one_step_closure_relative_mse	val_h2_path_cosine	val_h2_path_relative_mse	val_h2_token_agreement	val_h2_no_write_token_agreement	val_h2_posterior_readout_token_agreement	val_h2_posterior_target_accuracy	val_h2_readout_entropy	val_h2_posterior_entropy	val_h2_memory_energy	val_h2_innovation_energy	val_h3_overall_cosine	val_h3_overall_relative_mse	val_h3_one_step_closure_cosine	val_h3_one_step_closure_relative_mse	val_h3_path_cosine	val_h3_path_relative_mse	val_h3_token_agreement	val_h3_no_write_token_agreement	val_h3_posterior_readout_token_agreement	val_h3_posterior_target_accuracy	val_h3_readout_entropy	val_h3_posterior_entropy	val_h3_memory_energy	val_h3_innovation_energy	val_h4_overall_cosine	val_h4_overall_relative_mse	val_h4_one_step_closure_cosine	val_h4_one_step_closure_relative_mse	val_h4_path_cosine	val_h4_path_relative_mse	val_h4_token_agreement	val_h4_no_write_token_agreement	val_h4_posterior_readout_token_agreement	val_h4_posterior_target_accuracy	val_h4_readout_entropy	val_h4_posterior_entropy	val_h4_memory_energy	val_h4_innovation_energy	online_val_evaluated_boundaries	online_val_h1_validation_nll	online_val_h1_validation_accuracy	online_val_h1_latent_relative_mse	online_val_h1_posterior_target_accuracy	online_val_exact_block_token_agreement	online_val_mean_overall_cosine	online_val_mean_overall_relative_mse	online_val_h2_h4_token_agreement	online_val_h2_h4_no_write_token_agreement	online_val_posterior_readout_logit_abs_delta	online_val_learned_read_beta	online_val_h1_ar_parallel_max_logit_error	online_val_h1_overall_cosine	online_val_h1_overall_relative_mse	online_val_h1_one_step_closure_cosine	online_val_h1_one_step_closure_relative_mse	online_val_h1_path_cosine	online_val_h1_path_relative_mse	online_val_h1_token_agreement	online_val_h1_no_write_token_agreement	online_val_h1_posterior_readout_token_agreement	online_val_h1_posterior_target_accuracy	online_val_h1_readout_entropy	online_val_h1_posterior_entropy	online_val_h1_memory_energy	online_val_h1_innovation_energy	online_val_h2_overall_cosine	online_val_h2_overall_relative_mse	online_val_h2_one_step_closure_cosine	online_val_h2_one_step_closure_relative_mse	online_val_h2_path_cosine	online_val_h2_path_relative_mse	online_val_h2_token_agreement	online_val_h2_no_write_token_agreement	online_val_h2_posterior_readout_token_agreement	online_val_h2_posterior_target_accuracy	online_val_h2_readout_entropy	online_val_h2_posterior_entropy	online_val_h2_memory_energy	online_val_h2_innovation_energy	online_val_h3_overall_cosine	online_val_h3_overall_relative_mse	online_val_h3_one_step_closure_cosine	online_val_h3_one_step_closure_relative_mse	online_val_h3_path_cosine	online_val_h3_path_relative_mse	online_val_h3_token_agreement	online_val_h3_no_write_token_agreement	online_val_h3_posterior_readout_token_agreement	online_val_h3_posterior_target_accuracy	online_val_h3_readout_entropy	online_val_h3_posterior_entropy	online_val_h3_memory_energy	online_val_h3_innovation_energy	online_val_h4_overall_cosine	online_val_h4_overall_relative_mse	online_val_h4_one_step_closure_cosine	online_val_h4_one_step_closure_relative_mse	online_val_h4_path_cosine	online_val_h4_path_relative_mse	online_val_h4_token_agreement	online_val_h4_no_write_token_agreement	online_val_h4_posterior_readout_token_agreement	online_val_h4_posterior_target_accuracy	online_val_h4_readout_entropy	online_val_h4_posterior_entropy	online_val_h4_memory_energy	online_val_h4_innovation_energy	effective_ema_decay	lr	wall_s	unique_tokens_per_s	ce_labels_per_s	peak_vram_bytes
0	nan	nan	nan	nan	4096.0	6.336481556296349	0.002197265625	1.0002975314855576	0.002197265625	0.384521484375	-0.0010891030692761206	1.000538169824722	0.6444498697916666	0.638916015625	0.3534119678661227	nan	1.4603137969970703e-05	-0.003861798268644634	1.0004063386149937	-0.003861798268644634	1.0004063386149937	0.999999990221113	0.0	1.0	1.0	0.6328125	0.002197265625	4.051480112146237	4.027078961778898	0.908004729935783	0.39392715688154567	-0.005657677026846386	1.000640335463686	0.007593644641332276	1.0001165449502878	0.06012456624466722	1.9282372453453718	0.669189453125	0.62548828125	0.645751953125	0.002197265625	4.075014982023276	4.051983528101118	1.36853006950696	0.4154870579295675	0.004243922847194881	1.0003780362021644	0.006126783672854685	1.0003942476032535	0.012233867664690479	1.8790753501525614	0.658203125	0.677734375	0.6142578125	0.00341796875	4.086656854589819	4.068308331887238	1.8972501531243324	0.44807773418870056	0.0009191401711916569	1.000727969018044	0.005628696429340607	1.0007479731866624	0.002694725654691865	1.7559584609116428	0.60595703125	0.613525390625	0.58203125	0.00537109375	4.126407577365171	4.080280427675461	2.4671391725132708	0.4362488897095318	4096.0	6.336481556296349	0.002197265625	1.0002975314855576	0.002197265625	0.384521484375	-0.0010891030692761206	1.000538169824722	0.6444498697916666	0.638916015625	0.3534119678661227	nan	1.4603137969970703e-05	-0.003861798268644634	1.0004063386149937	-0.003861798268644634	1.0004063386149937	0.999999990221113	0.0	1.0	1.0	0.6328125	0.002197265625	4.051480112146237	4.027078961778898	0.908004729935783	0.39392715688154567	-0.005657677026846386	1.000640335463686	0.007593644641332276	1.0001165449502878	0.06012456624466722	1.9282372453453718	0.669189453125	0.62548828125	0.645751953125	0.002197265625	4.075014982023276	4.051983528101118	1.36853006950696	0.4154870579295675	0.004243922847194881	1.0003780362021644	0.006126783672854685	1.0003942476032535	0.012233867664690479	1.8790753501525614	0.658203125	0.677734375	0.6142578125	0.00341796875	4.086656854589819	4.068308331887238	1.8972501531243324	0.44807773418870056	0.0009191401711916569	1.000727969018044	0.005628696429340607	1.0007479731866624	0.002694725654691865	1.7559584609116428	0.60595703125	0.613525390625	0.58203125	0.00537109375	4.126407577365171	4.080280427675461	2.4671391725132708	0.4362488897095318	0.0	0.0	5.627687692642212	0.0	0.0	353540608
1	7.2613537311553955	6.261058926582336	1.0002948641777039	91.46992492675781	4096.0	6.101298943161964	0.005859375	0.9998873472213745	0.003173828125	0.351318359375	0.0022917782416698174	1.0004305090951675	0.6170247395833334	0.61474609375	0.3513871217146516	nan	1.239776611328125e-05	0.008643458608958099	1.0000287033471977	0.008643458608958099	1.0000287033471977	0.9999999894789653	0.0	1.0	1.0	0.624267578125	0.003173828125	4.190310126621625	4.105243420781335	0.9065075779217295	0.3925627943390282	-0.0033746188796044407	1.0005351323343348	0.011139279026394888	0.9999719727202319	0.08013136638095375	1.860522774499259	0.640625	0.603271484375	0.634521484375	0.003173828125	4.161631323775509	4.127746563783148	1.370384669455234	0.4187631234235596	0.003195258426558212	1.0004207011079416	0.00845797933340009	1.0002547189360484	0.012204346252133291	1.8697337986668572	0.618408203125	0.650146484375	0.603759765625	0.00439453125	4.174687656763126	4.1406770661706105	1.8945137470727786	0.4469312786022783	0.0007030148107673995	1.000737499591196	0.006536310294677605	1.000670682216878	0.0068043502538444045	1.744251137773972	0.592041015625	0.5908203125	0.5703125	0.00732421875	4.20296341177891	4.156930779397953	2.46439192185062	0.4386356344402884	4096.0	6.101298943161964	0.005859375	0.9998873472213745	0.003173828125	0.351318359375	0.0022917782416698174	1.0004305090951675	0.6170247395833334	0.61474609375	0.3513871217146516	nan	1.239776611328125e-05	0.008643458608958099	1.0000287033471977	0.008643458608958099	1.0000287033471977	0.9999999894789653	0.0	1.0	1.0	0.624267578125	0.003173828125	4.190310126621625	4.105243420781335	0.9065075779217295	0.3925627943390282	-0.0033746188796044407	1.0005351323343348	0.011139279026394888	0.9999719727202319	0.08013136638095375	1.860522774499259	0.640625	0.603271484375	0.634521484375	0.003173828125	4.161631323775509	4.127746563783148	1.370384669455234	0.4187631234235596	0.003195258426558212	1.0004207011079416	0.00845797933340009	1.0002547189360484	0.012204346252133291	1.8697337986668572	0.618408203125	0.650146484375	0.603759765625	0.00439453125	4.174687656763126	4.1406770661706105	1.8945137470727786	0.4469312786022783	0.0007030148107673995	1.000737499591196	0.006536310294677605	1.000670682216878	0.0068043502538444045	1.744251137773972	0.592041015625	0.5908203125	0.5703125	0.00732421875	4.20296341177891	4.156930779397953	2.46439192185062	0.4386356344402884	0.0	2.9999999999999997e-06	12.057689189910889	1364.1088056708782	1358.8009893064	2991444992
50	3.1812400221824646	2.6106415390968323	0.5705985277891159	31.882205963134766	4096.0	2.5807281509041786	0.269287109375	0.5856216847896576	0.176025390625	0.360107421875	0.667932965624459	0.64483123843047	0.6422526041666666	0.6695149739583334	3.0835445523262024	nan	1.621246337890625e-05	0.7078494274828699	0.5140380651791929	0.7078494274828699	0.5140380651791929	0.9999999893188942	0.0	1.0	1.0	0.458984375	0.176025390625	2.3426206388944593	1.9189538192022155	1.3932431828579865	0.8838507358013885	0.6696947326126974	0.5808589382068021	0.6546516992430043	0.5777032229489123	0.970706357369636	0.9140314522268795	0.64306640625	0.63623046875	0.6328125	0.1826171875	2.352294740250386	2.9588845658399805	3.405526181246387	0.7187990221282234	0.6764053384067665	0.6433134323815466	0.6776212763088552	0.6654348377196584	0.9559622113301884	0.19333392293731322	0.81787109375	0.834716796875	0.55517578125	0.14404296875	2.290926101821242	3.2735005747617834	6.080987172666937	0.6359015614289092	0.6177823639955022	0.8411145179543382	0.6482384321157042	0.7442782826437906	0.9448268756459584	0.6975876421159626	0.4658203125	0.53759765625	0.31005859375	0.1357421875	2.2329021737191397	3.4485898480816104	9.553440298186615	0.6231398349264055	4096.0	2.5807281509041786	0.269287109375	0.5856216847896576	0.176025390625	0.360107421875	0.667932965624459	0.64483123843047	0.6422526041666666	0.6695149739583334	3.0835445523262024	nan	1.621246337890625e-05	0.7078494274828699	0.5140380651791929	0.7078494274828699	0.5140380651791929	0.9999999893188942	0.0	1.0	1.0	0.458984375	0.176025390625	2.3426206388944593	1.9189538192022155	1.3932431828579865	0.8838507358013885	0.6696947326126974	0.5808589382068021	0.6546516992430043	0.5777032229489123	0.970706357369636	0.9140314522268795	0.64306640625	0.63623046875	0.6328125	0.1826171875	2.352294740250386	2.9588845658399805	3.405526181246387	0.7187990221282234	0.6764053384067665	0.6433134323815466	0.6776212763088552	0.6654348377196584	0.9559622113301884	0.19333392293731322	0.81787109375	0.834716796875	0.55517578125	0.14404296875	2.290926101821242	3.2735005747617834	6.080987172666937	0.6359015614289092	0.6177823639955022	0.8411145179543382	0.6482384321157042	0.7442782826437906	0.9448268756459584	0.6975876421159626	0.4658203125	0.53759765625	0.31005859375	0.1357421875	2.2329021737191397	3.4485898480816104	9.553440298186615	0.6231398349264055	0.0	0.00015	49.58743238449097	16584.8474190653	16520.314938835472	3094430208
100	2.930789589881897	2.3100600838661194	0.6207295209169388	16.28473663330078	4096.0	2.4031639620661736	0.31298828125	0.6178925689309835	0.20166015625	0.135498046875	0.5643249066099543	0.8695334423864551	0.38427734375	0.33984375	2.614517532289028	nan	1.9073486328125e-05	0.6467827711717291	0.5872739114092838	0.6467827711717291	0.5872739114092838	0.999999988489435	0.0	1.0	1.0	0.318359375	0.20166015625	2.130031386048563	3.8532090787223297	1.0850835034216288	0.6627702330297325	0.5599595934982062	0.8393229903485917	0.5370756546794837	0.7773192053864477	0.9577959237567484	0.7771489432716692	0.442138671875	0.40185546875	0.159423828125	0.078369140625	2.314448334697624	4.4555049385890015	2.506276884843828	0.5536383296421263	0.5339976262839627	0.9922943937199307	0.537854851249449	0.9598917923831323	0.9305558052310516	0.8548128257674534	0.31982421875	0.313720703125	0.0732421875	0.027099609375	2.245906012033174	4.17234898438619	4.440921979956329	0.48266619711284875	0.516559635485919	1.0592424740680144	0.5314796650188782	1.1748564021254424	0.9163158959031534	0.5236339647717614	0.390869140625	0.303955078125	0.0400390625	0.025634765625	2.176141127023584	3.917793554788034	6.759353009401821	0.4313241053496313	4096.0	2.4031639620661736	0.31298828125	0.6178925689309835	0.20166015625	0.135498046875	0.5643249066099543	0.8695334423864551	0.38427734375	0.33984375	2.614517532289028	nan	1.9073486328125e-05	0.6467827711717291	0.5872739114092838	0.6467827711717291	0.5872739114092838	0.999999988489435	0.0	1.0	1.0	0.318359375	0.20166015625	2.130031386048563	3.8532090787223297	1.0850835034216288	0.6627702330297325	0.5599595934982062	0.8393229903485917	0.5370756546794837	0.7773192053864477	0.9577959237567484	0.7771489432716692	0.442138671875	0.40185546875	0.159423828125	0.078369140625	2.314448334697624	4.4555049385890015	2.506276884843828	0.5536383296421263	0.5339976262839627	0.9922943937199307	0.537854851249449	0.9598917923831323	0.9305558052310516	0.8548128257674534	0.31982421875	0.313720703125	0.0732421875	0.027099609375	2.245906012033174	4.17234898438619	4.440921979956329	0.48266619711284875	0.516559635485919	1.0592424740680144	0.5314796650188782	1.1748564021254424	0.9163158959031534	0.5236339647717614	0.390869140625	0.303955078125	0.0400390625	0.025634765625	2.176141127023584	3.917793554788034	6.759353009401821	0.4313241053496313	0.0	0.0003	87.3023009300232	18840.282357716813	18766.973866052544	3094430208
200	2.365069031715393	1.8573666512966156	0.5077023506164551	7.972726345062256	4096.0	2.0631484128534794	0.395751953125	0.6007839161902666	0.19775390625	0.00634765625	0.5622765078748557	0.77511159841265	0.19352213541666666	0.18611653645833334	2.9280032590031624	nan	2.09808349609375e-05	0.6754574313745252	0.5421149302328558	0.6754574313745252	0.5421149302328558	0.9999999899155227	0.0	1.0	1.0	0.25537109375	0.19775390625	2.058484831770415	3.2186839372257054	0.9526037726100185	0.5850502611065167	0.5472650069132214	0.7869477308749993	0.5008708695595487	0.7682549660112272	0.914680785946075	1.860739865933823	0.298828125	0.2431640625	0.12109375	0.052978515625	2.3356466806456435	3.7201334837017086	1.9511613222712185	0.3941888504232338	0.5210596787389932	0.8623934307215677	0.5189088387969605	0.8021218252379185	0.8978091187113932	1.431826208150028	0.153564453125	0.153564453125	0.03369140625	0.03271484375	2.205167155133779	3.901453475297762	3.1732657584070694	0.30733442643213493	0.5053239144726831	0.9089903018211771	0.528434681440558	0.9257860749239626	0.8850000373354305	0.8525241465772524	0.128173828125	0.16162109375	0.0126953125	0.021484375	2.011165036154125	3.968700230178647	4.623342235456221	0.2736603156408819	4096.0	1.8726735413074493	0.466064453125	0.5122153358533978	0.20654296875	0.011962890625	0.44237997333374324	0.8443272246104243	0.222412109375	0.190673828125	3.2189231887459755	nan	2.6702880859375e-05	0.6459553779168345	0.5793084658180305	0.6459553779168345	0.5793084658180305	0.999999990221113	0.0	1.0	1.0	0.256103515625	0.20654296875	1.8003254072485897	3.2945395804381974	1.307548266100639	0.7420753148253425	0.4080500667348588	0.8727244213805534	0.34285812936767	0.895848611893598	0.7958402635267703	1.2035187988698794	0.3701171875	0.26220703125	0.137939453125	0.03369140625	2.182114757339405	2.8685040451336477	2.291882981924573	0.4944096543094929	0.35732870079209533	0.9446162511012517	0.3288558538243933	0.921048003991018	0.6179751262616264	2.1301321852783985	0.1640625	0.141845703125	0.0693359375	0.032470703125	2.0558606101000074	2.626173737678073	3.564569140027743	0.39410978184605483	0.3581857478911843	0.9806597601418616	0.3408423498285629	0.9448984512018797	0.5710605942999791	2.2333649319298274	0.133056640625	0.16796875	0.06201171875	0.0234375	1.8622905718413314	2.464821370038578	5.16112176887691	0.3593060019720724	0.99	0.0002998124706226555	157.64367818832397	20867.31315714535	20786.11738610587	3094430208
300	2.108059287071228	1.6612603962421417	0.4467989057302475	5.126064300537109	4096.0	1.7626393251121044	0.48486328125	0.5500189065933228	0.204833984375	0.006103515625	0.5091331869962517	0.7677069447788654	0.220703125	0.190185546875	3.2546077892184258	nan	2.6702880859375e-05	0.7246364565580734	0.47883899721909984	0.7246364565580734	0.47883899721909984	0.9999999915307853	0.0	1.0	1.0	0.255859375	0.204833984375	1.8168944064226562	3.4684666492037195	1.1847053620876977	0.7215215883625206	0.48136886961901837	0.7990865900392237	0.40038748541928726	0.83180520665519	0.8141358923578537	1.4502546546875692	0.351806640625	0.253173828125	0.139404296875	0.0439453125	2.1875691272767845	3.173685248759597	2.1500877064536326	0.4684845112624316	0.4189830254932758	0.8781345579991466	0.40036916608005413	0.8534212767917779	0.6844183469863765	1.998639532083871	0.152587890625	0.1513671875	0.063232421875	0.03125	2.077227498097428	3.1534144343565558	3.4279577457054984	0.386873759331138	0.411544396314639	0.9147676338579913	0.4141797859929284	0.8668189775889914	0.6332485092832485	2.0606993067394797	0.15771484375	0.166015625	0.058837890625	0.01708984375	1.8732295793209524	3.0878068392565865	5.060011199500877	0.3573895366080251	4096.0	1.693110153079033	0.51220703125	0.4490560768172145	0.256591796875	0.01025390625	0.42675634634113635	0.8440838649034959	0.22208658854166666	0.19205729166666666	3.17763838917017	nan	4.9591064453125e-05	0.7551798141939798	0.4467607532715192	0.7551798141939798	0.4467607532715192	0.9999999906867743	0.0	1.0	1.0	0.31884765625	0.256591796875	1.6393572341011486	3.002599227985195	1.441863484273199	0.8359846896637464	0.4175704117094483	0.8435385709617549	0.35866188615659667	0.8633017530373763	0.7943987871694276	0.8374044319270979	0.3466796875	0.255126953125	0.170654296875	0.0712890625	2.146008803224845	2.573703270396024	2.562924613681389	0.6387412123876857	0.2975541258542762	0.984651333601505	0.2944468860512188	0.9254248861561791	0.5011513085777324	2.0650302999220003	0.1865234375	0.177001953125	0.104248046875	0.042724609375	1.9968561466048413	2.3042433656047763	4.195065042498754	0.586840617521375	0.23672103360684105	1.1013848017792043	0.2637706831385458	0.9703172305307817	0.3438738989639205	2.6220708673681656	0.133056640625	0.14404296875	0.14208984375	0.035400390625	1.7730837439294191	2.023083274078971	6.33297454926651	0.5795761417466565	0.99	0.00029924281978856057	227.51653695106506	21688.093824412004	21603.704354278107	3094430208
400	2.0482009649276733	1.6337991654872894	0.4144018217921257	4.632894515991211	4096.0	1.588613860309124	0.530029296875	0.46063325367867947	0.244140625	0.01318359375	0.4706669601006723	0.792646222458643	0.24650065104166666	0.20760091145833334	3.334510698914528	nan	5.7220458984375e-05	0.7898099131489289	0.3917506981106271	0.7898099131489289	0.3917506981106271	0.9999999902793206	0.0	1.0	1.0	0.3017578125	0.244140625	1.6299329395136675	3.2307031273617923	1.320699957825127	0.7940419517690316	0.4552270427419671	0.8087510662426212	0.40364766873460667	0.8265481229645957	0.846872082544678	0.7382371161430115	0.406982421875	0.29345703125	0.15087890625	0.0517578125	2.1177884893815477	2.8350693074487285	2.32986401389644	0.5556208311536466	0.33516346348005754	0.9461686909562559	0.3261938918069518	0.9045545427761681	0.5446679479574641	2.1076851707371134	0.176025390625	0.176025390625	0.093505859375	0.033935546875	1.9731302646843796	2.5681323256474045	3.795435917447321	0.5090745442812477	0.30246742103173574	1.023914434525068	0.32786589910961084	0.9196683599748212	0.4426999839234895	2.4325783815856994	0.156494140625	0.1533203125	0.11328125	0.026611328125	1.8186620880414335	2.323312654549521	5.70391977269901	0.49240083471886464	4096.0	1.615795310586691	0.5283203125	0.41436362732201815	0.281982421875	0.02685546875	0.4324960522299648	0.8295713785466887	0.2627766927083333	0.23225911458333334	3.2810071855783463	nan	7.82012939453125e-05	0.7860207313424326	0.39377595045061753	0.7860207313424326	0.39377595045061753	0.9999999906285666	0.0	1.0	1.0	0.34423828125	0.281982421875	1.538278582349398	2.7039694290063068	1.426960803073598	0.8363087172983796	0.41712461444251403	0.8337543902798643	0.39339416438429	0.8407346674757719	0.8451180239524092	0.5923261311620536	0.4326171875	0.336181640625	0.18896484375	0.069091796875	2.004753631476427	2.3347769307315005	2.509610340683139	0.6479046639869921	0.29491057239238216	0.9829581184894778	0.29606633806042737	0.925254989277164	0.4764166437144013	1.980025582178314	0.201904296875	0.197021484375	0.144775390625	0.05078125	1.8557822544677598	2.0459987962901995	4.152473442867631	0.6290151244284061	0.2319282907425304	1.1077970549667953	0.2756175012809763	0.9565834204076964	0.3232444706569595	2.5980326887001866	0.15380859375	0.16357421875	0.16259765625	0.040771484375	1.664978649667546	1.802828071776439	6.349687400332186	0.6353451711001981	0.99	0.00029829264309676564	297.7500958442688	22096.38247586357	22010.40433393414	3094430208
500	1.938359558582306	1.5411800146102905	0.3971795216202736	4.618556499481201	4096.0	1.5118214525282383	0.549072265625	0.4129933901131153	0.27490234375	0.01416015625	0.44670436118086343	0.812484338047625	0.24055989583333334	0.19523111979166666	3.48763670027256	nan	9.1552734375e-05	0.8164152927565738	0.3455966393348717	0.8164152927565738	0.3455966393348717	0.9999999915744411	0.0	1.0	1.0	0.329833984375	0.27490234375	1.5347176796699782	2.911373415721016	1.3593737533519743	0.8172079711148399	0.43928699306309227	0.8127427563813399	0.4037302557562725	0.8235585926977365	0.8611291759614232	0.5808937541008703	0.41748046875	0.285888671875	0.1689453125	0.046875	2.102950332095112	2.611025500247111	2.363644613797078	0.5870622606780671	0.29257642487289104	0.9884785894792003	0.27802621213197654	0.946826877681815	0.4892566171899375	1.9612329367769235	0.172607421875	0.1630859375	0.110107421875	0.038818359375	1.963867936697496	2.2487337007402393	3.8463577180809807	0.553717921495263	0.23853873403089665	1.103119366995088	0.26771070268591757	0.9737024794849276	0.3503086401759674	2.6810574941864616	0.131591796875	0.13671875	0.13525390625	0.0390625	1.7816904109269558	2.0064619048221113	5.806794908305164	0.5525884806083923	4096.0	1.5598049461841583	0.545166015625	0.39669958408921957	0.29248046875	0.006591796875	0.3952436547327238	0.8710500200413662	0.20979817708333334	0.15315755208333334	3.605559282004833	nan	0.00012969970703125	0.7993745541316457	0.36642773621497327	0.7993745541316457	0.36642773621497327	0.9999999921419658	0.0	1.0	1.0	0.32958984375	0.29248046875	1.536129257297745	2.639454828762158	1.439705997807323	0.8606830461794743	0.38921288420908695	0.8558829161993344	0.36531363865151434	0.8609044126133085	0.8305567822499142	0.5956807325787281	0.39306640625	0.24609375	0.150634765625	0.048828125	2.1864404548735337	2.374339247591145	2.4507472636323655	0.6297126829012996	0.2271291492401133	1.058986318850657	0.21228775679207956	1.0132567471118819	0.3870095148673727	2.1211263516281633	0.14306640625	0.123291015625	0.10595703125	0.047119140625	2.030042244548895	2.0409633611182345	3.967212885734625	0.6209129036942613	0.16525803135004935	1.2029031089005002	0.18295567550512715	1.0583645913211512	0.23506934823512893	2.774062781872999	0.09326171875	0.090087890625	0.13134765625	0.0361328125	1.770265980953127	1.7945157062792416	5.993509827996604	0.6278750937090081	0.99	0.00029696463392633697	367.8707423210144	22355.678377987195	22268.691302586463	3094430208
600	1.8980229794979095	1.512690544128418	0.3853324428200722	3.226848840713501	4096.0	1.4704861268401146	0.56103515625	0.3886669771745801	0.303955078125	0.011962890625	0.43755534602931334	0.8208119587947067	0.2470703125	0.1904296875	3.711813986301422	nan	0.000164031982421875	0.8277836552733788	0.3218593103679268	0.8277836552733788	0.3218593103679268	0.9999999899446266	0.0	1.0	1.0	0.36376953125	0.303955078125	1.4818172740168867	2.7413513586723504	1.3622377239662455	0.8294078232502216	0.4314091046021531	0.8171927613002481	0.3919040896920478	0.8318706314039446	0.8570189340721299	0.5650414867407676	0.43701171875	0.29248046875	0.17626953125	0.04638671875	2.114894788570348	2.4465876802007864	2.3546551407052903	0.5989139634948515	0.2696787623229966	1.0131297831758275	0.25926252178936693	0.9622884117707144	0.4494120717209853	2.0129273147631466	0.177490234375	0.156494140625	0.118896484375	0.044921875	1.9791306014749352	2.1013758300512437	3.8102869605645537	0.5709728439542232	0.22134986191872486	1.1310659803348244	0.25573678807757005	0.9900096229084738	0.31556227629198474	2.6805118734264397	0.126708984375	0.122314453125	0.14013671875	0.035888671875	1.7696778221509248	1.8681209316831624	5.747730182134546	0.5775638297927799	4096.0	1.528362724930048	0.548583984375	0.3852793863043189	0.302001953125	0.011962890625	0.41375804477151235	0.841161666818607	0.24332682291666666	0.19352213541666666	3.818145841360092	nan	0.0001983642578125	0.8129873017387581	0.3432491421899613	0.8129873017387581	0.3432491421899613	0.9999999913561624	0.0	1.0	1.0	0.36474609375	0.302001953125	1.490449407501641	2.5244965238070263	1.3956037202733569	0.8483346307766624	0.3950387668398889	0.848159722499986	0.3654147199542308	0.858334430227842	0.8313157874907802	0.6289361469206938	0.41357421875	0.284423828125	0.192626953125	0.051025390625	2.162459758767895	2.279437689102913	2.386716544337105	0.6246928685068269	0.24893053161099488	1.02416754609294	0.24716407301434629	0.9676052128725132	0.40760617520265896	2.2096154708528957	0.194580078125	0.172119140625	0.13623046875	0.05615234375	1.9842435725263385	1.9275607834278397	3.855555696442025	0.6127265119175718	0.19807557889640748	1.149070256491541	0.2286407877364809	1.0141751072842453	0.2631026327406971	2.682618558403192	0.121826171875	0.1240234375	0.147216796875	0.0458984375	1.764024835546138	1.6912713852939447	5.818926708132494	0.6217227585184446	0.99	0.00029526255666355165	438.4833126068115	22506.67178490636	22419.09718652151	3094430208
700	1.8451149761676788	1.4708177149295807	0.37429727613925934	2.6245903968811035	4096.0	1.442266270518303	0.567626953125	0.3719137478619814	0.319580078125	0.01318359375	0.43686395509348586	0.8245719238605034	0.24715169270833334	0.18562825520833334	4.010090082883835	nan	0.00025177001953125	0.8355867505379138	0.30604536703049234	0.8355867505379138	0.30604536703049234	0.9999999924766598	0.0	1.0	1.0	0.37890625	0.319580078125	1.4482113740740015	2.6668922762514136	1.3396235908876406	0.8288921712664887	0.4267773943328166	0.8230220279256173	0.3884912338086792	0.8382328047700867	0.8546352519504126	0.5519900144375924	0.438232421875	0.284912109375	0.186767578125	0.050537109375	2.1255181102197946	2.3892030680224745	2.308318127063103	0.5936346771923127	0.2664221206738375	1.0220682815124746	0.25320429927353416	0.9722377507896454	0.43360346040253717	2.0421221945639445	0.173828125	0.148193359375	0.120849609375	0.051025390625	1.988644321526749	2.0510531496604107	3.724132618517615	0.5711146264129638	0.21866955482937556	1.1471520189734292	0.24057114427671422	0.9994675521484169	0.299833711983041	2.8402082169141067	0.12939453125	0.123779296875	0.132568359375	0.038818359375	1.777443194034504	1.7861478107607505	5.619593002687907	0.5827136542029621	4096.0	1.496752768754959	0.5556640625	0.37476044707000256	0.3212890625	0.010498046875	0.43143487581951945	0.8269212555856029	0.22884114583333334	0.18815104166666666	4.411193981766701	nan	0.0002288818359375	0.8227586120410706	0.32796246990073996	0.8227586120410706	0.32796246990073996	0.9999999898136593	0.0	1.0	1.0	0.381103515625	0.3212890625	1.4827900028608816	2.557360966437682	1.3497174566582544	0.8425826299644541	0.43045521893145633	0.8192851847452403	0.3916601778397535	0.8332801729047787	0.8299231145247177	0.6328223197062925	0.43017578125	0.30078125	0.176513671875	0.055419921875	2.184948022035748	2.3191572587265767	2.3241388098103926	0.6059584860886389	0.26444474492728887	1.016966177841823	0.24600110242499795	0.9750073690211138	0.39649714440952266	2.077676949770648	0.154052734375	0.143310546875	0.116455078125	0.048583984375	2.016766020265095	1.9814067441300023	3.728900622285437	0.5832112684020103	0.208080927378262	1.1434711898546084	0.22220358104664228	1.0123513069720502	0.2595596263531661	2.7590682874761114	0.102294921875	0.120361328125	0.1337890625	0.040283203125	1.7490805745365208	1.7426021763873176	5.616077121638227	0.6004397869073728	0.99	0.0002931912360313357	508.468186378479	22643.697891906722	22555.590118008255	3094430208
800	1.8265212178230286	1.4613855481147766	0.36513564735651016	2.8153252601623535	4096.0	1.4218559004366398	0.576171875	0.35872570145875216	0.322265625	0.013427734375	0.43817156557332737	0.8233443979177082	0.24235026041666666	0.18473307291666666	4.493793711066246	nan	0.00031280517578125	0.8412265614970238	0.29464891826410167	0.8412265614970238	0.29464891826410167	0.9999999932333594	0.0	1.0	1.0	0.380126953125	0.322265625	1.4242451886856113	2.599293862430166	1.31494686024962	0.8256511917134048	0.4359889901626275	0.8136662489523587	0.398329208925702	0.8283375218961737	0.8548361350726168	0.575058489359833	0.450439453125	0.28369140625	0.185302734375	0.0478515625	2.1388611268409363	2.342151792533004	2.2696432980155805	0.5885475260547537	0.26320224921289537	1.026600099823554	0.24843753643654054	0.9761654845151497	0.4242795534709103	2.0911971730847654	0.160400390625	0.150634765625	0.1181640625	0.04931640625	1.9916270694126297	2.007750761878805	3.649749620788498	0.5613159874519624	0.21226846142076283	1.1584623246308183	0.22829388847526388	1.0147327122613206	0.2888448257212417	2.8847252895520796	0.1162109375	0.119873046875	0.129638671875	0.039306640625	1.7470374910640203	1.7452705560237163	5.4936078308091965	0.5755833694747707	4096.0	1.4894059151411057	0.555908203125	0.3648856095969677	0.31396484375	0.010986328125	0.41707135428487163	0.8433621534783242	0.23323567708333334	0.18277994791666666	4.985180303454399	nan	0.00030517578125	0.8214287490045535	0.32595013725085664	0.8214287490045535	0.32595013725085664	0.9999999923165888	0.0	1.0	1.0	0.364013671875	0.31396484375	1.4416133530411672	2.4480294238667777	1.3450993869482772	0.8384166080431896	0.41338428261428817	0.833018819866993	0.36285107144612994	0.852969213938195	0.8093023453591286	0.7117225065876482	0.434326171875	0.291259765625	0.177001953125	0.04638671875	2.16970164822726	2.2662043221627717	2.3040455213631503	0.6084396304395341	0.2474990441872933	1.0335321955135441	0.23109686658062856	0.9870700969113386	0.3850543357151537	2.0797539975551445	0.154541015625	0.12890625	0.130615234375	0.050537109375	1.9703952401270612	1.9464349088312929	3.6747209045279305	0.5818551476877474	0.18597334133335153	1.180947461281903	0.1917784188576661	1.0507829429807316	0.23050973298893496	2.7957047287964087	0.11083984375	0.128173828125	0.1455078125	0.038818359375	1.670096764111122	1.6668390759374003	5.491848038858734	0.5888291220508108	0.99	0.0002907565434130629	578.5844316482544	22742.4024571742	22653.91061881944	3094430208
900	1.818057119846344	1.4628654718399048	0.3551916554570198	2.800790548324585	4096.0	1.4085045866668224	0.581298828125	0.3457861067727208	0.334716796875	0.0126953125	0.45032885226675035	0.8067799091415964	0.24267578125	0.18505859375	4.905367016792297	nan	0.00028228759765625	0.8478134375909576	0.2831063929525044	0.8478134375909576	0.2831063929525044	0.9999999913125066	0.0	1.0	1.0	0.39111328125	0.334716796875	1.4067395454284881	2.5399570682692674	1.2803922259918181	0.8159222449976369	0.45076983610817933	0.7983835672712303	0.41020956343811577	0.8166308215495519	0.8539218109731337	0.5693233402581086	0.458984375	0.287109375	0.19189453125	0.05224609375	2.160516544831709	2.311303352891849	2.2066419417824363	0.5787614233813656	0.2753942439508137	1.0127706243292778	0.25489716562549347	0.9695606471723295	0.4168163414233277	2.170645656243323	0.15283203125	0.140625	0.123046875	0.048583984375	1.994608294703653	2.000359616104175	3.536770263744984	0.5479336739554128	0.22733789141705074	1.132859052013373	0.237001385470478	1.0025320017448394	0.289904134446374	2.7928726718728285	0.1162109375	0.12744140625	0.1435546875	0.038330078125	1.7249248668184833	1.7640959893495096	5.312189832475269	0.561627894787307	4096.0	1.4685495123267174	0.56787109375	0.35328908637166023	0.320068359375	0.01123046875	0.4360321892508523	0.8112528998350399	0.24609375	0.188720703125	4.9682068675756454	nan	0.00030517578125	0.8394309356735903	0.2996222918559397	0.8394309356735903	0.2996222918559397	0.9999999892752385	0.0	1.0	1.0	0.372802734375	0.320068359375	1.4606737567435577	2.439664452210902	1.2729653432179475	0.8173666054135538	0.4318947670393527	0.8136371438540664	0.38949018411369707	0.8346645192559663	0.8212438357127212	0.6046191881576419	0.45947265625	0.29443359375	0.181640625	0.0537109375	2.1704282383320788	2.316474093392749	2.1895491640316322	0.5960079611359106	0.2680768719003481	1.0032061057936517	0.2576040283770453	0.9670252173382323	0.39689135284220356	2.0463875966888736	0.164794921875	0.154052734375	0.13525390625	0.04931640625	1.9866850769905113	2.0040071827719794	3.4900769415253308	0.5631564699397131	0.20472618239011808	1.1285460578365019	0.21439128502572657	1.019809078410617	0.2467452249920825	2.7243318032778916	0.114013671875	0.11767578125	0.147216796875	0.046630859375	1.6822200053142353	1.7686010229035027	5.195002207736252	0.5609059649686969	0.99	0.00028796538020948054	648.6702246665955	22820.840909737413	22732.043863396022	3094430208
1000	1.7436344921588898	1.4040100872516632	0.33962442725896835	2.7270939350128174	4096.0	1.3945812098681927	0.584228515625	0.33557711727917194	0.3388671875	0.00927734375	0.4603767549315023	0.7932037906705318	0.24226888020833334	0.17789713541666666	5.212979018688202	nan	0.0004119873046875	0.8526713636820205	0.274245512876405	0.8526713636820205	0.274245512876405	0.9999999928404577	0.0	1.0	1.0	0.40087890625	0.3388671875	1.3914629581674292	2.4744380037025655	1.2512431551585905	0.8101581761366106	0.4634035658910989	0.7856145697878674	0.41884084787307074	0.8077643366705161	0.8481605940730788	0.6118946625967112	0.466552734375	0.28564453125	0.197509765625	0.04931640625	2.1751423660112508	2.2944754082070604	2.1618624202528736	0.5737837200831564	0.29052417934929053	0.9940577951056184	0.26276085934216553	0.9606349508212588	0.4131538136555264	2.1691662565699517	0.15283203125	0.134765625	0.13330078125	0.04931640625	1.9920657739691876	2.0058749241284324	3.4434210160397924	0.5334954995851149	0.2349079108035994	1.1188972849122365	0.2435000410429211	1.0014823881538177	0.28516429321120995	2.727498902790103	0.107421875	0.11328125	0.140380859375	0.041259765625	1.7054293697824505	1.7535038302319457	5.146487150283065	0.541459465825028	4096.0	1.4662949480116367	0.568115234375	0.34483332745730877	0.315185546875	0.008056640625	0.46169409991398425	0.7923546122062817	0.22054036458333334	0.16324869791666666	5.227965027093887	nan	0.0005035400390625	0.8400964439060772	0.2966275328244592	0.8400964439060772	0.2966275328244592	0.9999999913707143	0.0	1.0	1.0	0.3662109375	0.315185546875	1.4479172266707179	2.4986709248905257	1.24028940135031	0.8074926829940523	0.45716953922169523	0.7948891505366191	0.4078045946897646	0.8207133194300695	0.8301406898319783	0.66860017689811	0.400390625	0.259765625	0.175537109375	0.048828125	2.2429735122261865	2.3145798981506838	2.1446374900697265	0.5791882648336468	0.3030011673831723	0.9796969799863291	0.26988547322036993	0.9511765215866035	0.42106088392870333	2.1636319354834086	0.15478515625	0.123046875	0.114013671875	0.0458984375	2.0366424930045923	1.9733616447553457	3.4158984265231993	0.5406339320761617	0.24650924914499228	1.0982047854777193	0.23090814551835592	1.0101277579196903	0.27102129117770346	2.75103906590266	0.1064453125	0.10693359375	0.132080078125	0.03662109375	1.7346145119975063	1.7219632943933334	5.09315456909826	0.5417271281512512	0.99	0.0002848256582759391	718.5335710048676	22891.066839086598	22801.996540101827	3094430208
