step	train_combined	train_ce	train_mse	val_nll	val_accuracy	val_combined_loss	val_ce_loss	val_mse_loss	val_gold_state_relative_mse	val_gold_state_cosine	val_operator_gradient_norm	val_operator_orthogonality_error	val_log_sigma_mean	val_log_sigma_min	val_log_sigma_max	direct_clean_h1	direct_clean_h2	direct_clean_h3	direct_clean_h4	direct_clean_h5	hard_token_h1	hard_token_h2	hard_token_h3	hard_token_h4	hard_token_h5	spectral_active_layers	spectral_raw_sigma_max_estimate	spectral_effective_sigma_max_estimate	inverse_roundtrip_max_abs	lr	wall_s	tokens_per_s	peak_vram_bytes
1	12.836621284484863	12.42894172668457	0.4076792895793915	17.21388030052185	0.004791259765625	17.63766958191991	17.21388030052185	0.42378928139805794	0.42378928139805794	0.7888372018933296	15.272287368774414	3.6958179572277317e-11	-2.9946978092193604	-2.9961657524108887	-2.994069814682007	0.0	0.0	0.00390625	0.00390625	0.0078125	0.0	0.0	0.00390625	0.00390625	0.0078125	6	1.2455195188522339	0.9000000000000001	1.1371448636054993e-06	2.9999999999999997e-06	3.4256794452667236	4782.70085154577	6022161920
50	7.130536079406738	7.098125457763672	0.03241048753261566	7.125618875026703	0.079864501953125	7.157850115559995	7.125618875026703	0.032231240533292294	0.032231240533292294	0.9838920310139656	2.0275979042053223	3.7550926208496094e-06	-3.604022298540388	-4.2932610511779785	-1.8549631834030151	0.078125	0.0546875	0.01953125	0.04296875	0.00390625	0.078125	0.046875	0.03125	0.05078125	0.03515625	7	1.6250452995300293	0.9	1.2489035725593567e-06	0.00015	40.61895704269409	20167.923049795416	6135504896
100	6.863746166229248	6.8165130615234375	0.04723304510116577	6.859773337841034	0.0931396484375	6.908682616427541	6.859773337841034	0.048909278586506844	0.048909278586506844	0.9757387042045593	14.04067611694336	3.6954879760742188e-06	-4.1741039752960205	-5.257085800170898	-1.3559281826019287	0.10546875	0.0390625	0.015625	0.0234375	0.0078125	0.10546875	0.0390625	0.03125	0.01953125	0.0234375	7	3.2101776599884033	0.9	1.12876296043396e-06	0.0003	77.4295859336853	21159.870355024374	6135504896
250	5.618206977844238	5.578638076782227	0.03956882283091545	5.589986681938171	0.162384033203125	5.629304468166083	5.589986681938171	0.03931778622791171	0.03931778622791171	0.9804717674851418	5.220988750457764	5.900859832763672e-06	-5.192010470799038	-6.4167046546936035	-3.9205660820007324	0.1640625	0.0234375	0.01953125	0.01171875	0.0078125	0.1640625	0.05859375	0.03125	0.0390625	0.0234375	8	6.701023101806641	0.9	5.792826414108276e-07	0.0002995753372081722	181.6643431186676	22547.07737183401	6135504896
500	5.038293838500977	5.008824348449707	0.029469605535268784	5.0529661774635315	0.19464111328125	5.082074540434405	5.0529661774635315	0.029108362970873713	0.029108362970873713	0.9855914488434792	5.408691883087158	1.1026859283447266e-05	-5.696742670876639	-7.354177474975586	-4.480683326721191	0.2265625	0.0390625	0.04296875	0.0234375	0.03515625	0.2265625	0.06640625	0.0390625	0.0390625	0.0625	8	5.920544624328613	0.9000000000000001	6.221234798431396e-07	0.00029696463392633697	354.48587226867676	23109.524640776115	6135504896
750	4.789914131164551	4.76314640045166	0.026767872273921967	4.768687665462494	0.21759033203125	4.795412708306685	4.768687665462494	0.026725042844191194	0.026725042844191194	0.9868260398507118	6.570487976074219	1.1324882507324219e-05	-5.8272786140441895	-7.917779922485352	-4.446125030517578	0.234375	0.0234375	0.01953125	0.0078125	0.046875	0.234375	0.08203125	0.06640625	0.0390625	0.046875	8	5.143921852111816	0.9000000000000001	7.515773177146912e-07	0.00029201890380882044	527.8578600883484	23278.994079851986	6135504896
1000	4.567517280578613	4.5453596115112305	0.022157661616802216	4.628171324729919	0.22998046875	4.650400094687939	4.628171324729919	0.022228769958019257	0.022228769958019257	0.9890964180231094	5.340229511260986	1.2040138244628906e-05	-6.067142963409424	-8.291119575500488	-4.74369478225708	0.2265625	0.04296875	0.03515625	0.0078125	0.02734375	0.2265625	0.09765625	0.0625	0.04296875	0.03125	8	4.585461139678955	0.9000000000000001	7.506459951400757e-07	0.0002848256582759391	701.3277275562286	23361.40345839445	6135504896
1250	4.615807056427002	4.594016075134277	0.021790891885757446	4.525276482105255	0.240570068359375	4.547272592550144	4.525276482105255	0.021996110444888473	0.021996110444888473	0.9892113506793976	5.459654331207275	2.3543834686279297e-05	-6.259074551718576	-8.361087799072266	-4.770420551300049	0.234375	0.0546875	0.04296875	0.01953125	0.0390625	0.234375	0.078125	0.0546875	0.03125	0.0234375	8	4.523925304412842	0.9	8.605420589447021e-07	0.0002755121770454111	875.5681552886963	23390.52634143283	6135504896
1500	4.47040319442749	4.449551582336426	0.020851612091064453	4.42756187915802	0.247467041015625	4.448471354553476	4.42756187915802	0.020909475395455956	0.020909475395455956	0.9898163974285126	6.5605645179748535	2.3663043975830078e-05	-6.445960181100028	-8.537165641784668	-5.019221305847168	0.23828125	0.046875	0.01953125	0.015625	0.03515625	0.23828125	0.10546875	0.046875	0.03125	0.0234375	8	4.772085666656494	0.9000000000000001	1.0095536708831787e-06	0.00026424325600201147	1049.0184302330017	23427.61508445693	6135504896
1750	4.3640241622924805	4.344382286071777	0.019641730934381485	4.370372891426086	0.255279541015625	4.390025744214654	4.370372891426086	0.019652852788567543	0.019652852788567543	0.9904247000813484	4.994777202606201	2.372264862060547e-05	-6.561441625867571	-8.733634948730469	-5.162910461425781	0.26171875	0.0390625	0.03515625	0.01171875	0.0390625	0.26171875	0.1171875	0.046875	0.04296875	0.02734375	8	5.000768184661865	0.9000000000000001	8.14325176179409e-07	0.0002512182912434871	1224.7216510772705	23411.033825343075	6135504896
2000	4.323835372924805	4.304802894592285	0.01903235912322998	4.31247490644455	0.263671875	4.331606416963041	4.31247490644455	0.019131510518491268	0.019131510518491268	0.9906884506344795	5.846960544586182	2.008676528930664e-05	-6.593568393162319	-8.717611312866211	-5.173233509063721	0.2578125	0.03125	0.0234375	0.02734375	0.0390625	0.2578125	0.109375	0.05078125	0.0390625	0.0234375	8	5.190709114074707	0.9	9.192153811454773e-07	0.000236667750898609	1399.298320055008	23417.45111129116	6135504896
2250	4.265159606933594	4.246807098388672	0.018352720886468887	4.260347962379456	0.26788330078125	4.278823633212596	4.260347962379456	0.01847567083314061	0.01847567083314061	0.9910461828112602	9.263510704040527	2.1636486053466797e-05	-6.6074057306562155	-8.70854377746582	-5.030666828155518	0.28125	0.03515625	0.0390625	0.0234375	0.0390625	0.28125	0.10546875	0.05078125	0.03515625	0.03125	8	5.336705684661865	0.9	1.2475065886974335e-06	0.00022084909714620545	1573.1472623348236	23433.27982231455	6135504896
2500	4.072422981262207	4.055608749389648	0.0168144628405571	4.214102745056152	0.2735595703125	4.230720690218732	4.214102745056152	0.016617945162579417	0.016617945162579417	0.991949088871479	5.70325231552124	2.3424625396728516e-05	-6.5988600594656805	-8.814453125	-5.266407489776611	0.265625	0.05078125	0.03515625	0.02734375	0.0390625	0.265625	0.11328125	0.05859375	0.03515625	0.03515625	8	5.4437665939331055	0.9	1.3206154108047485e-06	0.00020404223059234975	1749.8521330356598	23407.69212821555	6135504896
2750	4.200564384460449	4.184185028076172	0.016379360109567642	4.183797836303711	0.277374267578125	4.200126969022676	4.183797836303711	0.01632913271896541	0.01632913271896541	0.9921477884054184	5.382068634033203	2.390146255493164e-05	-6.619378089904785	-8.899588584899902	-5.199972629547119	0.2734375	0.046875	0.0234375	0.0234375	0.03125	0.2734375	0.12109375	0.0546875	0.05859375	0.02734375	8	5.522639274597168	0.9	1.391395926475525e-06	0.0001865445376144319	1923.4043018817902	23425.132176276624	6135504896
3000	4.131629943847656	4.115962505340576	0.01566721685230732	4.148157179355621	0.28057861328125	4.163770024897531	4.148157179355621	0.015612845541909337	0.015612845541909337	0.992499977350235	5.624714374542236	2.4437904357910156e-05	-6.617217881338937	-8.850492477416992	-5.197175025939941	0.2890625	0.03125	0.01953125	0.0234375	0.0234375	0.2890625	0.11328125	0.05859375	0.04296875	0.04296875	8	5.566978931427002	0.9000000000000001	1.387670636177063e-06	0.0001686656283060833	2096.8493523597717	23440.88283914382	6135504896
3250	4.1139984130859375	4.099209785461426	0.014788695611059666	4.127551078796387	0.284027099609375	4.142475697561167	4.127551078796387	0.014924618764780462	0.014924618764780462	0.9928589686751366	6.1284027099609375	2.5212764739990234e-05	-6.6060100964137485	-8.797983169555664	-5.27851676940918	0.26953125	0.05078125	0.01953125	0.03125	0.02734375	0.26953125	0.109375	0.046875	0.046875	0.01953125	8	5.593849182128906	0.9000000000000001	1.4640390872955322e-06	0.00015072185813153386	2270.326115846634	23453.899256293906	6135504896
3500	4.070744514465332	4.056557655334473	0.014186980202794075	4.104325443506241	0.28704833984375	4.118521086638793	4.104325443506241	0.014195643132552505	0.014195643132552505	0.9932367131114006	6.249841690063477	2.3603439331054688e-05	-6.5943008831569125	-8.633089065551758	-5.302955627441406	0.27734375	0.05078125	0.04296875	0.0234375	0.03125	0.27734375	0.12890625	0.0625	0.05859375	0.04296875	8	5.592342853546143	0.9000000000000001	1.4156103134155273e-06	0.00013303073022510257	2443.872633457184	23464.397945681507	6135504896
3750	4.052578926086426	4.03896427154541	0.013614597730338573	4.082503616809845	0.289703369140625	4.096065318444744	4.082503616809845	0.013561701634898782	0.013561701634898782	0.993529736995697	8.680377960205078	2.6464462280273438e-05	-6.575507164001465	-8.63414192199707	-5.376579284667969	0.29296875	0.05078125	0.0390625	0.03515625	0.0390625	0.29296875	0.12109375	0.08203125	0.0546875	0.05078125	8	5.5815839767456055	0.9000000000000001	1.5236437320709229e-06	0.0001159052773834253	2617.499561071396	23472.7833057788	6135504896
4000	3.9557838439941406	3.942671298980713	0.013112619519233704	4.054536551237106	0.293975830078125	4.067656856495887	4.054536551237106	0.013120305258780718	0.013120305258780718	0.9937592521309853	5.419149398803711	2.5331974029541016e-05	-6.5820119721548895	-8.47551155090332	-5.424349308013916	0.28515625	0.04296875	0.03125	0.02734375	0.04296875	0.28515625	0.14453125	0.0703125	0.046875	0.03125	8	5.555631637573242	0.9	1.5497207641601562e-06	9.964852315734848e-05	2791.3050072193146	23478.6237371052	6135504896
4250	4.056362152099609	4.044051170349121	0.012310883961617947	4.03445640206337	0.29364013671875	4.046904256683774	4.03445640206337	0.012447854620404541	0.012447854620404541	0.9940851628780365	7.0010986328125	1.990795135498047e-05	-6.635648250579834	-8.447589874267578	-5.54483699798584	0.3046875	0.04296875	0.0390625	0.02734375	0.04296875	0.3046875	0.12890625	0.078125	0.04296875	0.0390625	8	5.520796775817871	0.9	1.5064142644405365e-06	8.454812005080093e-05	2969.319988489151	23450.48707109204	6135504896
4500	3.9918344020843506	3.979918956756592	0.011915398761630058	4.020924657583237	0.297088623046875	4.033005999634042	4.020924657583237	0.012081342050805688	0.012081342050805688	0.9942774996161461	6.446969032287598	2.3663043975830078e-05	-6.704957008361816	-8.529090881347656	-5.660199165344238	0.30859375	0.0390625	0.0390625	0.0234375	0.04296875	0.30859375	0.12890625	0.078125	0.03515625	0.04296875	8	5.478679180145264	0.9000000000000001	1.1685187928378582e-06	7.087125970016519e-05	3142.8448388576508	23459.000930761307	6135504896
