sample	horizon	target_byte	predicted_byte	correct	top_probability	latent_norm	correction_norm	memory_frobenius	transported_final_contribution_norm
0	1	32	32	True	0.9461554884910583	397.74371337890625	5.1475830078125	212.6144256591797	5.1475830078125
0	2	57	49	False	0.12383808940649033	401.0799560546875	4.6213884353637695	428.0609130859375	4.6213884353637695
0	3	32	32	True	0.12642547488212585	404.07537841796875	4.105037689208984	646.2974853515625	4.105037689208984
0	4	79	32	False	0.19407738745212555	406.7298278808594	3.60404896736145	867.2095336914062	3.60404896736145
0	5	99	32	False	0.23232333362102509	409.04815673828125	3.122511625289917	1090.6214599609375	3.122511625289917
0	6	116	32	False	0.23404334485530853	411.0391845703125	2.6633260250091553	1316.3082275390625	2.6633260250091553
0	7	111	32	False	0.2235637754201889	412.7146301269531	2.228438138961792	1544.005615234375	2.228438138961792
0	8	98	32	False	0.21047188341617584	414.08837890625	1.8190544843673706	1773.4202880859375	1.8190544843673706
0	9	101	32	False	0.20362727344036102	415.1759033203125	1.4358621835708618	2004.2381591796875	1.4358621835708618
0	10	114	32	False	0.20458294451236725	415.99365234375	1.0793036222457886	2236.13232421875	1.0793036222457886
0	11	32	32	True	0.20877090096473694	416.5587158203125	0.7501158118247986	2468.767578125	0.7501158118247986
0	12	46	32	False	0.2113739401102066	416.8882751464844	0.4513568878173828	2701.807373046875	0.4513568878173828
0	13	32	32	True	0.21249660849571228	416.9996337890625	0.20467455685138702	2934.91748046875	0.20467455685138702
0	14	10	32	False	0.21329529583454132	416.9097900390625	0.19068460166454315	3167.7685546875	0.19068458676338196
0	15	10	32	False	0.21318309009075165	416.6354064941406	0.38929483294487	3400.039306640625	0.38929483294487
0	16	32	32	True	0.21180127561092377	416.1925354003906	0.5973727703094482	3631.41943359375	0.5973727703094482
1	1	100	32	False	0.25389188528060913	391.92816162109375	6.725649833679199	211.68663024902344	6.725649833679199
1	2	103	32	False	0.5087946653366089	396.2490539550781	6.023859977722168	427.52880859375	6.023860454559326
1	3	101	32	False	0.256110817193985	400.1305236816406	5.339014053344727	647.5043334960938	5.339014053344727
1	4	32	32	True	0.18781328201293945	403.5724792480469	4.679601192474365	871.4761962890625	4.679601192474365
1	5	98	32	False	0.19227376580238342	406.5826110839844	4.051403999328613	1099.2154541015625	4.051403999328613
1	6	101	32	False	0.188076913356781	409.1744079589844	3.458061933517456	1330.4217529296875	3.458061933517456
1	7	103	32	False	0.18195116519927979	411.3654479980469	2.901588201522827	1564.74267578125	2.901588201522827
1	8	97	32	False	0.18107007443904877	413.17620849609375	2.382800817489624	1801.789306640625	2.382800817489624
1	9	110	32	False	0.1841636747121811	414.6288757324219	1.9017003774642944	2041.149169921875	1.9017003774642944
1	10	32	32	True	0.1882600039243698	415.74658203125	1.457824468612671	2282.3974609375	1.457824468612671
1	11	119	32	False	0.1912216693162918	416.5528259277344	1.0507073402404785	2525.1044921875	1.0507073402404785
1	12	105	32	False	0.19291463494300842	417.071044921875	0.6810216903686523	2768.843994140625	0.6810216903686523
1	13	116	32	False	0.19298388063907623	417.3241271972656	0.356653094291687	3013.195556640625	0.356653094291687
1	14	104	32	False	0.19139254093170166	417.3344421386719	0.16640858352184296	3257.751953125	0.16640858352184296
1	15	32	32	True	0.1893327236175537	417.1234436035156	0.3299175798892975	3502.117919921875	0.3299175798892975
1	16	112	32	False	0.1873375028371811	416.71173095703125	0.5686492919921875	3745.91552734375	0.5686492919921875
2	1	105	116	False	0.13178671896457672	412.80621337890625	5.166069984436035	209.9561767578125	5.166069984436035
2	2	110	111	False	0.1627315878868103	416.1631774902344	4.656091690063477	422.578125	4.656091690063477
2	3	32	32	True	0.19329775869846344	419.1897277832031	4.15365743637085	637.8361206054688	4.15365743637085
2	4	112	32	False	0.17719100415706635	421.8844909667969	3.6641769409179688	855.6326904296875	3.6641769409179688
2	5	117	32	False	0.14479561150074005	424.250732421875	3.191760301589966	1075.8123779296875	3.191760301589966
2	6	115	32	False	0.1506364941596985	426.2957458496094	2.739415407180786	1298.1717529296875	2.739415407180786
2	7	104	32	False	0.1717979907989502	428.02972412109375	2.3092494010925293	1522.468994140625	2.3092494010925293
2	8	105	32	False	0.18813936412334442	429.4651184082031	1.9026581048965454	1748.43310546875	1.9026581048965454
2	9	110	32	False	0.19681237637996674	430.6160888671875	1.5205204486846924	1975.7713623046875	1.5205204486846924
2	10	103	32	False	0.197776198387146	431.4978332519531	1.1634358167648315	2204.17626953125	1.1634358167648315
2	11	32	32	True	0.19597892463207245	432.1263427734375	0.8321526050567627	2433.33154296875	0.8321526050567627
2	12	116	32	False	0.19687053561210632	432.5179443359375	0.528959333896637	2662.9169921875	0.528959333896637
2	13	104	32	False	0.19892151653766632	432.6890563964844	0.26643091440200806	2892.613037109375	0.26643091440200806
2	14	101	32	False	0.20087632536888123	432.6560363769531	0.1616552472114563	3122.10302734375	0.1616552472114563
2	15	32	32	True	0.2021103948354721	432.4349060058594	0.33170899748802185	3351.078125	0.33170899748802185
2	16	84	32	False	0.20361407101154327	432.0414123535156	0.5404013395309448	3579.23583984375	0.5404013395309448
3	1	32	32	True	0.8153898119926453	357.5299072265625	6.613080978393555	213.47177124023438	6.613080978393555
3	2	97	116	False	0.26672863960266113	361.7251892089844	5.8663716316223145	431.5399475097656	5.8663716316223145
3	3	110	32	False	0.12759843468666077	365.4566345214844	5.144227981567383	654.1520385742188	5.144227504730225
3	4	100	32	False	0.145912304520607	368.7282409667969	4.455713748931885	881.1199340820312	4.455713748931885
3	5	32	32	True	0.16778799891471863	371.5525207519531	3.806523084640503	1112.15087890625	3.806523084640503
3	6	102	32	False	0.18079738318920135	373.9479064941406	3.1997931003570557	1346.875	3.1997931003570557
3	7	114	32	False	0.1742280274629593	375.93682861328125	2.6368114948272705	1584.86865234375	2.6368114948272705
3	8	111	32	False	0.17006023228168488	377.5441589355469	2.1175897121429443	1825.674560546875	2.1175897121429443
3	9	109	32	False	0.16812466084957123	378.7961120605469	1.6413511037826538	2068.816650390625	1.6413511037826538
3	10	32	32	True	0.1675480753183365	379.71929931640625	1.2070132493972778	2313.812255859375	1.2070132493972778
3	11	116	32	False	0.16818492114543915	380.340087890625	0.8140025734901428	2560.18115234375	0.8140025734901428
3	12	104	32	False	0.16832756996154785	380.68438720703125	0.46531349420547485	2807.45263671875	0.46531349420547485
3	13	101	32	False	0.16819220781326294	380.7770690917969	0.19643373787403107	3055.16943359375	0.19643373787403107
3	14	32	32	True	0.1694599837064743	380.6419677734375	0.24913758039474487	3302.893310546875	0.24913758039474487
3	15	115	32	False	0.17107316851615906	380.30169677734375	0.4816683828830719	3550.205322265625	0.4816683828830719
3	16	111	32	False	0.17112553119659424	379.7776184082031	0.7096874713897705	3796.707763671875	0.7096874713897705
4	1	104	104	True	0.609326958656311	375.2834777832031	6.313565254211426	203.9791259765625	6.313565254211426
4	2	101	32	False	0.47626733779907227	379.3434753417969	5.6384477615356445	411.9945983886719	5.6384477615356445
4	3	32	32	True	0.545427680015564	382.9757995605469	4.980132102966309	623.9926147460938	4.980132102966309
4	4	109	32	False	0.18953566253185272	386.1815185546875	4.346776962280273	839.812255859375	4.346776962280273
4	5	101	101	True	0.10990216583013535	388.96917724609375	3.743927478790283	1059.20703125	3.743927478790283
4	6	110	32	False	0.12245267629623413	391.3527526855469	3.175074338912964	1281.8643798828125	3.175074338912964
4	7	32	32	True	0.16441862285137177	393.3501281738281	2.6421315670013428	1507.423583984375	2.6421315670013428
4	8	44	32	False	0.1817646622657776	394.9818115234375	2.145866870880127	1735.490966796875	2.145866870880127
4	9	32	32	True	0.18562521040439606	396.26995849609375	1.686261773109436	1965.6522216796875	1.686261773109436
4	10	97	32	False	0.18395470082759857	397.2375183105469	1.262871503829956	2197.482666015625	1.262871503829956
4	11	110	32	False	0.17968007922172546	397.9076843261719	0.8753510117530823	2430.55517578125	0.8753510117530823
4	12	105	32	False	0.176719531416893	398.3035888671875	0.5251055359840393	2664.44677734375	0.5251055359840393
4	13	109	32	False	0.17681731283664703	398.4477844238281	0.22842606902122498	2898.74365234375	0.22842606902122498
4	14	97	32	False	0.17882882058620453	398.3620910644531	0.186263307929039	3133.043701171875	0.186263307929039
4	15	108	32	False	0.18029747903347015	398.067626953125	0.4145881235599518	3366.96044921875	0.4145881235599518
4	16	115	32	False	0.17854967713356018	397.58441162109375	0.6487409472465515	3600.12353515625	0.6487409472465515
5	1	32	32	True	0.3479403257369995	378.56658935546875	5.148362636566162	210.5109100341797	5.148362636566162
5	2	105	32	False	0.264502614736557	381.9018249511719	4.60829496383667	423.9049377441406	4.60829496383667
5	3	110	32	False	0.20648795366287231	384.88616943359375	4.079081058502197	640.1517944335938	4.079081058502197
5	4	32	32	True	0.20302380621433258	387.520263671875	3.5667803287506104	859.1394653320312	3.5667803287506104
5	5	74	32	False	0.19450443983078003	389.80999755859375	3.075805187225342	1080.6878662109375	3.0758049488067627
5	6	117	32	False	0.18340523540973663	391.7655334472656	2.6092095375061035	1304.561767578125	2.6092095375061035
5	7	110	32	False	0.18049050867557526	393.40008544921875	2.1689655780792236	1530.483642578125	2.1689655780792236
5	8	101	32	False	0.18192066252231598	394.7290954589844	1.7562243938446045	1758.1448974609375	1.756224274635315
5	9	32	32	True	0.18356795608997345	395.76947021484375	1.3715773820877075	1987.21533203125	1.3715773820877075
5	10	49	32	False	0.18480807542800903	396.5391540527344	1.0153813362121582	2217.35107421875	1.0153813362121582
5	11	57	32	False	0.1872660219669342	397.0564270019531	0.6884490847587585	2448.2021484375	0.6884490847587585
5	12	53	32	False	0.19099020957946777	397.3397521972656	0.3949500322341919	2679.417724609375	0.3949500322341919
5	13	48	32	False	0.19512027502059937	397.4073791503906	0.17024584114551544	2910.649658203125	0.17024584114551544
5	14	32	32	True	0.19818848371505737	397.2771911621094	0.22574195265769958	3141.558349609375	0.22574195265769958
5	15	44	32	False	0.19927984476089478	396.96661376953125	0.43101462721824646	3371.813232421875	0.4310145974159241
5	16	32	32	True	0.19817660748958588	396.4923095703125	0.6346228122711182	3601.09619140625	0.6346228122711182
6	1	116	115	False	0.328425794839859	404.7654724121094	5.162387371063232	210.53775024414062	5.162387371063232
6	2	32	32	True	0.27777451276779175	408.1080017089844	4.645990371704102	423.8181457519531	4.645990371704102
6	3	119	32	False	0.20911258459091187	411.1172790527344	4.1377949714660645	639.8082275390625	4.137794494628906
6	4	97	32	False	0.21601061522960663	413.7920837402344	3.6433515548706055	858.4046020507812	3.6433517932891846
6	5	114	32	False	0.23782388865947723	416.1361999511719	3.166844367980957	1079.4442138671875	3.166844367980957
6	6	32	32	True	0.2193433940410614	418.1573486328125	2.7113020420074463	1302.7147216796875	2.7113020420074463
6	7	97	32	False	0.19202080368995667	419.86614990234375	2.2788116931915283	1527.9649658203125	2.2788116931915283
6	8	103	32	False	0.178062304854393	421.2756652832031	1.8707293272018433	1754.913818359375	1.8707293272018433
6	9	97	32	False	0.17810435593128204	422.4004821777344	1.4878828525543213	1983.259033203125	1.4878829717636108
6	10	105	32	False	0.18416377902030945	423.2562255859375	1.1308298110961914	2212.683837890625	1.1308298110961914
6	11	110	32	False	0.18877829611301422	423.8593444824219	0.8003372550010681	2442.863037109375	0.8003372550010681
6	12	115	32	False	0.18955332040786743	424.2265319824219	0.4990244507789612	2673.46875	0.4990244507789612
6	13	116	32	False	0.18705111742019653	424.37457275390625	0.2425793558359146	2904.173828125	0.2425793558359146
6	14	32	32	True	0.18304301798343658	424.3200988769531	0.1719444990158081	3134.6552734375	0.1719444990158081
6	15	116	32	False	0.17919743061065674	424.079345703125	0.3545493185520172	3364.59814453125	0.3545493185520172
6	16	104	32	False	0.17561718821525574	423.66827392578125	0.5626232624053955	3593.69580078125	0.5626232624053955
7	1	101	101	True	0.3298719823360443	337.74896240234375	5.195094585418701	215.06382751464844	5.195094585418701
7	2	114	114	True	0.18649612367153168	341.08587646484375	4.6016669273376465	433.42681884765625	4.6016669273376465
7	3	109	101	False	0.1521790623664856	344.03900146484375	4.024988174438477	655.0599975585938	4.024988174438477
7	4	97	32	False	0.13093164563179016	346.6121520996094	3.4722466468811035	879.8258056640625	3.4722464084625244
7	5	110	32	False	0.18424934148788452	348.8154602050781	2.9483022689819336	1107.4993896484375	2.9483022689819336
7	6	121	32	False	0.21732991933822632	350.6637268066406	2.4561750888824463	1337.7884521484375	2.4561750888824463
7	7	32	32	True	0.22095032036304474	352.1750183105469	1.9975017309188843	1570.3514404296875	1.9975017309188843
7	8	46	32	False	0.2010444700717926	353.3695373535156	1.5729365348815918	1804.81298828125	1.5729365348815918
7	9	32	32	True	0.18521083891391754	354.2686767578125	1.1825624704360962	2040.77734375	1.1825624704360962
7	10	82	32	False	0.17752332985401154	354.8942565917969	0.8264837861061096	2277.83837890625	0.8264837861061096
7	11	105	32	False	0.17385241389274597	355.26824951171875	0.5065628886222839	2515.58837890625	0.5065628886222839
7	12	99	32	False	0.17297647893428802	355.4121398925781	0.23828494548797607	2753.623779296875	0.23828494548797607
7	13	104	32	False	0.17437629401683807	355.34686279296875	0.17414385080337524	2991.551513671875	0.17414386570453644
7	14	97	32	False	0.17667774856090546	355.09246826171875	0.3638896048069	3228.9912109375	0.3638896048069
7	15	114	32	False	0.177803635597229	354.66815185546875	0.5708610415458679	3465.5791015625	0.5708610415458679
7	16	100	32	False	0.17600443959236145	354.09210205078125	0.7618101835250854	3700.968994140625	0.7618101835250854
