variant	variant_type	parameter_count	parameter_delta_l2	parameter_delta_rms	parameter_delta_max_abs	parameter_delta_to_weight_l2	squared_total_parameter_delta_fraction	preclip_group_gradient_l2	same_batch_ce	delta_same_batch_ce_vs_pre	same_batch_h1_ce	delta_same_batch_h1_ce_vs_pre	same_batch_h16_ce	delta_same_batch_h16_ce_vs_pre	root_rms	delta_root_rms_vs_pre	root_max_abs	delta_root_max_abs_vs_pre	root_mean_row_rms	delta_root_mean_row_rms_vs_pre	root_max_row_rms	delta_root_max_row_rms_vs_pre	h1_p_rms	delta_h1_p_rms_vs_pre	h1_p_max_abs	delta_h1_p_max_abs_vs_pre	h1_p_mean_row_rms	delta_h1_p_mean_row_rms_vs_pre	h1_p_max_row_rms	delta_h1_p_max_row_rms_vs_pre	h1_z_rms	delta_h1_z_rms_vs_pre	h1_z_max_abs	delta_h1_z_max_abs_vs_pre	h1_z_mean_row_rms	delta_h1_z_mean_row_rms_vs_pre	h1_z_max_row_rms	delta_h1_z_max_row_rms_vs_pre	h1_decoded_rms	delta_h1_decoded_rms_vs_pre	h1_decoded_max_abs	delta_h1_decoded_max_abs_vs_pre	h1_decoded_mean_row_rms	delta_h1_decoded_mean_row_rms_vs_pre	h1_decoded_max_row_rms	delta_h1_decoded_max_row_rms_vs_pre	h1_logit_rms	delta_h1_logit_rms_vs_pre	h1_logit_max_abs	delta_h1_logit_max_abs_vs_pre	h1_logit_mean_row_rms	delta_h1_logit_mean_row_rms_vs_pre	h1_logit_max_row_rms	delta_h1_logit_max_row_rms_vs_pre	h16_p_rms	delta_h16_p_rms_vs_pre	h16_p_max_abs	delta_h16_p_max_abs_vs_pre	h16_p_mean_row_rms	delta_h16_p_mean_row_rms_vs_pre	h16_p_max_row_rms	delta_h16_p_max_row_rms_vs_pre	h16_z_rms	delta_h16_z_rms_vs_pre	h16_z_max_abs	delta_h16_z_max_abs_vs_pre	h16_z_mean_row_rms	delta_h16_z_mean_row_rms_vs_pre	h16_z_max_row_rms	delta_h16_z_max_row_rms_vs_pre	h16_decoded_rms	delta_h16_decoded_rms_vs_pre	h16_decoded_max_abs	delta_h16_decoded_max_abs_vs_pre	h16_decoded_mean_row_rms	delta_h16_decoded_mean_row_rms_vs_pre	h16_decoded_max_row_rms	delta_h16_decoded_max_row_rms_vs_pre	h16_logit_rms	delta_h16_logit_rms_vs_pre	h16_logit_max_abs	delta_h16_logit_max_abs_vs_pre	h16_logit_mean_row_rms	delta_h16_logit_mean_row_rms_vs_pre	h16_logit_max_row_rms	delta_h16_logit_max_row_rms_vs_pre	h1_w_rms	delta_h1_w_rms_vs_pre	h1_w_mean_row_rms	delta_h1_w_mean_row_rms_vs_pre	h1_w_max_row_rms	delta_h1_w_max_row_rms_vs_pre	h16_w_rms	delta_h16_w_rms_vs_pre	h16_w_mean_row_rms	delta_h16_w_mean_row_rms_vs_pre	h16_w_max_row_rms	delta_h16_w_max_row_rms_vs_pre	same_batch_ce_effect_fraction_of_full_update
pre_update	control	0	0.0	0.0	0.0	0.0	0.0	0.0	3.181236445903778	0.0	2.9898316264152527	0.0	3.2036713361740112	0.0	0.8115514451269032	0.0	7.281360149383545	0.0	0.8050115257501602	0.0	1.4784022569656372	0.0	1.9428317867088345	0.0	30.41196060180664	0.0	1.6895678043365479	0.0	8.281594276428223	0.0	0.9999995572225409	0.0	5.840836048126221	0.0	0.9999995529651642	0.0	1.0000001192092896	0.0	3.335442239211686	0.0	43.7772331237793	0.0	3.258486568927765	0.0	8.709741592407227	0.0	15.834646645672601	0.0	128.36947631835938	0.0	14.856128931045532	0.0	49.577083587646484	0.0	0.5752980401649331	0.0	2.9972376823425293	0.0	0.5752980411052704	0.0	0.5753234028816223	0.0	0.9999999545869362	0.0	5.1954169273376465	0.0	0.9999999850988388	0.0	1.0000001192092896	0.0	2.465928390414925	0.0	28.85869598388672	0.0	2.4563950896263123	0.0	3.003028631210327	0.0	6.575164708732432	0.0	16.027690887451172	0.0	6.545987963676453	0.0	8.843436241149902	0.0	398.07491835708515	0.0	226.04668807983398	0.0	4194.88232421875	0.0	20.919016043752382	0.0	20.919016361236572	0.0	20.92060661315918	0.0	0.0
full_post_update	control	12869600	0.20391812922703018	5.68425187610543e-05	0.000229603610932827	0.0023327457420836174	1.0	69.36328125	3.1954147815704346	0.014178335666656494	3.0292412638664246	0.039409637451171875	3.2099515795707703	0.006280243396759033	0.812115476954904	0.0005640318280007994	7.0545759201049805	-0.22678422927856445	0.8059355914592743	0.0009240657091140747	1.4564801454544067	-0.02192211151123047	1.8198736875369488	-0.12295809917188572	31.07076072692871	0.6588001251220703	1.6070680618286133	-0.08249974250793457	7.530874729156494	-0.7507195472717285	0.9999987511399963	-8.060825446021269e-07	5.75424337387085	-0.0865926742553711	0.9999987781047821	-7.748603820800781e-07	1.0000001192092896	0.0	3.276951361112647	-0.05849087809903919	44.1830940246582	0.40586090087890625	3.2176231145858765	-0.04086345434188843	8.00537109375	-0.7043704986572266	15.061682714552436	-0.7729639311201648	115.81013488769531	-12.559341430664062	14.240540027618408	-0.615588903427124	44.388545989990234	-5.18853759765625	0.6070166424583868	0.03171860229345369	3.155097007751465	0.15785932540893555	0.6070166528224945	0.03171861171722412	0.6070206761360168	0.03169727325439453	1.0	4.541306375394072e-08	5.192747116088867	-0.002669811248779297	1.0	1.4901161193847656e-08	1.0000001192092896	0.0	2.5189713135762895	0.053042923161364275	29.301151275634766	0.4424552917480469	2.5090638995170593	0.05266880989074707	3.0549161434173584	0.05188751220703125	6.3842524534947405	-0.1909122552376914	16.287086486816406	0.2593955993652344	6.345025062561035	-0.20096290111541748	8.978546142578125	0.13510990142822266	337.04767142423634	-61.02724693284881	199.19580078125	-26.850887298583984	3510.730224609375	-684.152099609375	23.20155619959592	2.282540155843538	23.20155668258667	2.2825403213500977	23.201824188232422	2.281217575073242	1.0
central.hidden_phase	atomic	672	0.0019152716051295381	7.388320618969016e-05	0.0001338752917945385	0.009124280940569747	8.821634575659546e-05	0.48549042217793764	3.1810514330863953	-0.0001850128173828125	2.9898312091827393	-4.172325134277344e-07	3.2034473419189453	-0.00022399425506591797	0.8115514451269032	0.0	7.281360149383545	0.0	0.8050115257501602	0.0	1.4784022569656372	0.0	1.942822717313548	-9.069395286553927e-06	30.41218376159668	0.0002231597900390625	1.689564287662506	-3.516674041748047e-06	8.281596183776855	1.9073486328125e-06	0.99999954586927	-1.135327087897764e-08	5.840844631195068	8.58306884765625e-06	0.9999995678663254	1.4901161193847656e-08	1.0000001192092896	0.0	3.335438072925819	-4.166285866968877e-06	43.77736282348633	0.00012969970703125	3.2584861516952515	-4.172325134277344e-07	8.70974063873291	-9.5367431640625e-07	15.834605691214424	-4.095445817675625e-05	128.36940002441406	-7.62939453125e-05	14.856097936630249	-3.0994415283203125e-05	49.577022552490234	-6.103515625e-05	0.5752889819210225	-9.058243910620156e-06	2.997066020965576	-0.000171661376953125	0.5752890110015869	-9.03010368347168e-06	0.5752947330474854	-2.866983413696289e-05	0.9999999545869362	0.0	5.195415496826172	-1.430511474609375e-06	0.9999999403953552	-4.470348358154297e-08	1.0000001192092896	0.0	2.4688398403493728	0.0029114499344475853	28.858678817749023	-1.71661376953125e-05	2.459035098552704	0.0026400089263916016	3.0030243396759033	-4.291534423828125e-06	6.571098652548589	-0.0040660561838432585	16.027633666992188	-5.7220458984375e-05	6.540886402130127	-0.005101561546325684	8.843404769897461	-3.147125244140625e-05	398.0703847939457	-0.004533563139432317	226.0446434020996	-0.002044677734375	4194.88671875	0.00439453125	20.918403137996695	-0.0006129057556876205	20.918403148651123	-0.0006132125854492188	20.91876792907715	-0.00183868408203125	-0.013048979917855327
central.key	atomic	344064	0.044591476321230346	7.602076472911794e-05	0.00017748860409483314	0.004575858525846831	0.047818068052808735	30.01078907555581	3.180808186531067	-0.00042825937271118164	2.9891156554222107	-0.0007159709930419922	3.203632652759552	-3.8683414459228516e-05	0.8115514451269032	0.0	7.281360149383545	0.0	0.8050115257501602	0.0	1.4784022569656372	0.0	1.913126066370221	-0.029705720338613517	30.39617156982422	-0.015789031982421875	1.669020652770996	-0.020547151565551758	8.17343521118164	-0.10815906524658203	0.999999511809457	-4.5413083848977465e-08	5.833453178405762	-0.007382869720458984	0.9999995231628418	-2.9802322387695312e-08	1.0000001192092896	0.0	3.318451449068058	-0.016990790143628143	43.755191802978516	-0.02204132080078125	3.2463380098342896	-0.012148559093475342	8.607804298400879	-0.10193729400634766	15.647672149788779	-0.1869744958838222	126.36322021484375	-2.006256103515625	14.704135656356812	-0.1519932746887207	48.69335174560547	-0.8837318420410156	0.5779982124642906	0.002700172299357484	3.010331630706787	0.013093948364257812	0.5779982060194016	0.0027001649141311646	0.5780035257339478	0.0026801228523254395	0.9999999659402024	1.1353266105018633e-08	5.194576263427734	-0.0008406639099121094	1.0	1.4901161193847656e-08	1.0000001192092896	0.0	2.472451918646609	0.006523528231683784	28.901926040649414	0.04323005676269531	2.462601125240326	0.006206035614013672	3.0079376697540283	0.004909038543701172	6.56064368741831	-0.014521021314122251	16.049312591552734	0.0216217041015625	6.529644012451172	-0.01634395122528076	8.853411674499512	0.009975433349609375	384.9626630637379	-13.112255293347232	219.3796615600586	-6.667026519775391	4095.701416015625	-99.180908203125	21.116340984351027	0.19732494059864436	21.11634111404419	0.1973247528076172	21.116674423217773	0.19606781005859375	-0.0302051935276387
central.memory_phase	atomic	128	0.0008568827074535928	7.57384466402405e-05	0.00013124942779541016	0.0025100645340059226	1.7657575856548404e-05	0.8410873786448261	3.181182861328125	-5.358457565307617e-05	2.9898259043693542	-5.7220458984375e-06	3.203445255756378	-0.00022608041763305664	0.8115514451269032	0.0	7.281360149383545	0.0	0.8050115257501602	0.0	1.4784022569656372	0.0	1.9428368122575805	5.0255487460404424e-06	30.41204833984375	8.7738037109375e-05	1.689573973417282	6.16908073425293e-06	8.281617164611816	2.288818359375e-05	0.99999954586927	-1.135327087897764e-08	5.840811729431152	-2.4318695068359375e-05	0.9999995678663254	1.4901161193847656e-08	1.0000001192092896	0.0	3.3354506534594313	8.414247745225367e-06	43.77727508544922	4.1961669921875e-05	3.2584967613220215	1.0192394256591797e-05	8.70976734161377	2.574920654296875e-05	15.834573529845075	-7.31158275257826e-05	128.36886596679688	-0.0006103515625	14.856091499328613	-3.743171691894531e-05	49.57648849487305	-0.0005950927734375	0.5753124807632138	1.4440598280707206e-05	2.9971976280212402	-4.00543212890625e-05	0.575312465429306	1.4424324035644531e-05	0.5753182768821716	-5.125999450683594e-06	0.9999999659402024	1.1353266105018633e-08	5.1954145431518555	-2.384185791015625e-06	0.9999999552965164	-2.9802322387695312e-08	1.0000001192092896	0.0	2.468866125943137	0.00293773552821186	28.85901641845703	0.0003204345703125	2.459060847759247	0.0026657581329345703	3.003065347671509	3.6716461181640625e-05	6.570979498392789	-0.004185210339643142	16.02791404724121	0.0002231597900390625	6.540754318237305	-0.005233645439147949	8.843507766723633	7.152557373046875e-05	398.07710661692164	0.00218825983648685	226.0485382080078	0.001850128173828125	4194.9267578125	0.04443359375	20.920010951606407	0.0009949078540252287	20.9200119972229	0.000995635986328125	20.920377731323242	-0.0002288818359375	-0.0037793276244046194
central.output	atomic	666624	0.05268580486109579	6.452873425130093e-05	0.00019953865557909012	0.009763796830989659	0.06675373365461182	23.03171508816362	3.183031976222992	0.0017955303192138672	2.9966936707496643	0.006862044334411621	3.2027422189712524	-0.0009291172027587891	0.8115514451269032	0.0	7.281360149383545	0.0	0.8050115257501602	0.0	1.4784022569656372	0.0	1.9409659656623455	-0.0018658210464890246	30.3992919921875	-0.012668609619140625	1.6888225376605988	-0.0007452666759490967	8.276366233825684	-0.0052280426025390625	0.9999995572225409	0.0	5.842618942260742	0.0017828941345214844	0.9999995529651642	0.0	1.0000001192092896	0.0	3.3361545703551316	0.0007123311434455992	43.7900505065918	0.0128173828125	3.2598847150802612	0.0013981461524963379	8.705766677856445	-0.00397491455078125	15.817520369927651	-0.017126275744949737	127.89661407470703	-0.47286224365234375	14.843739748001099	-0.012389183044433594	49.44098663330078	-0.13609695434570312	0.5879758324390907	0.012677792274157551	3.064074993133545	0.06683731079101562	0.5879758149385452	0.012677773833274841	0.5879812240600586	0.01265782117843628	1.0	4.541306375394072e-08	5.2003326416015625	0.004915714263916016	1.0	1.4901161193847656e-08	1.0000001192092896	0.0	2.48826257938653	0.022334188971604885	29.023597717285156	0.1649017333984375	2.4785577058792114	0.02216261625289917	3.022421360015869	0.019392728805541992	6.529426356614167	-0.04573835211826527	16.0699520111084	0.04226112365722656	6.496677279472351	-0.04931068420410156	8.879935264587402	0.0364990234375	397.77947869626837	-0.29543966081678263	225.9613800048828	-0.08530807495117188	4197.87939453125	2.9970703125	21.840082343648426	0.9210662998960437	21.8400821685791	0.9210658073425293	21.84042739868164	0.9198207855224609	0.12663900484712431
central.query	atomic	344064	0.04263160647499406	7.267952517456466e-05	0.0001573767513036728	0.0045654794947666555	0.04370707268989605	31.475608464693043	3.18130224943161	6.580352783203125e-05	2.990799844264984	0.0009682178497314453	3.2035428285598755	-0.0001285076141357422	0.8115514451269032	0.0	7.281360149383545	0.0	0.8050115257501602	0.0	1.4784022569656372	0.0	1.9216803061846839	-0.021151480524150612	30.423419952392578	0.0114593505859375	1.6760999262332916	-0.013467878103256226	8.209138870239258	-0.07245540618896484	0.999999511809457	-4.5413083848977465e-08	5.838000297546387	-0.0028357505798339844	0.999999538064003	-1.4901161193847656e-08	1.0000001192092896	0.0	3.323255982579938	-0.012186256631748105	43.7752799987793	-0.001953125	3.2506213188171387	-0.00786525011062622	8.63998794555664	-0.06975364685058594	15.742145093382709	-0.09250155228989243	127.42562866210938	-0.94384765625	14.787111043930054	-0.06901788711547852	49.129905700683594	-0.4471778869628906	0.5892464203552686	0.013948380190335508	3.066812753677368	0.06957507133483887	0.5892464369535446	0.013948395848274231	0.5892508625984192	0.013927459716796875	1.0	4.541306375394072e-08	5.195308208465576	-0.0001087188720703125	1.0	1.4901161193847656e-08	1.0000001192092896	0.0	2.4901595679123383	0.024231177497413103	29.112428665161133	0.25373268127441406	2.480143964290619	0.02374887466430664	3.0316150188446045	0.028586387634277344	6.509948672958055	-0.06521603577437673	16.165708541870117	0.1380176544189453	6.476086616516113	-0.06990134716033936	8.896767616271973	0.05333137512207031	387.8252566395077	-10.249661717577453	221.03865432739258	-5.008033752441406	4123.2744140625	-71.60791015625	21.903783204938932	0.98476716118655	21.903783321380615	0.984766960144043	21.904067993164062	0.9834613800048828	0.0046411320326392655
central.value	atomic	666624	0.06199294774433931	7.59279745463882e-05	0.0001647965982556343	0.0045037022943477415	0.09242147564756013	19.26135711547054	3.180915653705597	-0.00032079219818115234	2.9894737005233765	-0.0003579258918762207	3.2035151720046997	-0.00015616416931152344	0.8115514451269032	0.0	7.281360149383545	0.0	0.8050115257501602	0.0	1.4784022569656372	0.0	1.9272751799816081	-0.015556606727226363	30.504016876220703	0.0920562744140625	1.6805486679077148	-0.009019136428833008	8.211067199707031	-0.0705270767211914	0.9999995004561857	-5.6766355172044314e-08	5.82625675201416	-0.014579296112060547	0.999999538064003	-1.4901161193847656e-08	1.0000001192092896	0.0	3.329824735506976	-0.005617503704709925	43.8233757019043	0.046142578125	3.255942940711975	-0.002543628215789795	8.644145011901855	-0.0655965805053711	15.68286793930746	-0.1517787063651408	127.23411560058594	-1.1353607177734375	14.733398914337158	-0.12273001670837402	48.809139251708984	-0.7679443359375	0.5765382650128225	0.0012402248478893263	3.0030057430267334	0.0057680606842041016	0.5765382647514343	0.0012402236461639404	0.576544463634491	0.0012210607528686523	1.0000000113532657	5.676632941487014e-08	5.195190906524658	-0.00022602081298828125	1.0	1.4901161193847656e-08	1.0000001192092896	0.0	2.4710463409151115	0.0051179505001863745	28.90842056274414	0.049724578857421875	2.46111798286438	0.004722893238067627	3.0081281661987305	0.00509953498840332	6.5604688861796125	-0.014695822552819315	16.05164337158203	0.023952484130859375	6.529438138008118	-0.01654982566833496	8.853464126586914	0.010027885437011719	391.2179849121842	-6.85693344490096	223.01959228515625	-3.0270957946777344	4138.6083984375	-56.27392578125	21.009824725241085	0.0908086814887028	21.009824752807617	0.09080839157104492	21.010217666625977	0.08961105346679688	-0.02262551865911642
encoder.block0.attn.proj	atomic	451584	0.0055840434970768635	8.309588537316761e-06	0.00014094216749072075	0.00040840572881464967	0.0007498698784372204	0.0026641541943014622	3.1812366247177124	1.7881393432617188e-07	2.989833414554596	1.7881393432617188e-06	3.203671634197235	2.980232238769531e-07	0.8115514451269032	0.0	7.281360149383545	0.0	0.8050115257501602	0.0	1.4784022569656372	0.0	1.9428317867088345	0.0	30.41196060180664	0.0	1.6895678043365479	0.0	8.281594276428223	0.0	0.9999995572225409	0.0	5.840836048126221	0.0	0.9999995529651642	0.0	1.0000001192092896	0.0	3.335442239211686	0.0	43.7772331237793	0.0	3.2584866285324097	5.960464477539063e-08	8.709741592407227	0.0	15.83464772975976	1.0840871595974022e-06	128.36949157714844	1.52587890625e-05	14.856130123138428	1.1920928955078125e-06	49.57708740234375	3.814697265625e-06	0.5752980401649331	0.0	2.9972376823425293	0.0	0.5752980411052704	0.0	0.5753234028816223	0.0	0.9999999545869362	0.0	5.1954169273376465	0.0	0.9999999850988388	0.0	1.0000001192092896	0.0	2.465928427247351	3.6832425998056806e-08	28.85869598388672	0.0	2.4563950896263123	0.0	3.003028631210327	0.0	6.575165941588382	1.2328559497731817e-06	16.02768898010254	-1.9073486328125e-06	6.545988917350769	9.5367431640625e-07	8.843438148498535	1.9073486328125e-06	398.07491835708515	0.0	226.04668807983398	0.0	4194.88232421875	0.0	20.919016043752382	0.0	20.919016361236572	0.0	20.92060661315918	0.0	1.261177182782409e-05
encoder.block0.attn.qkv	atomic	1354752	0.010863307699826049	9.333234560690929e-06	0.00012283027172088623	0.0004475932125367279	0.002838000616940491	0.0020379366348768635	3.1812373995780945	9.5367431640625e-07	2.989832282066345	6.556510925292969e-07	3.2036713361740112	0.0	0.8115514451269032	0.0	7.281360149383545	0.0	0.8050115257501602	0.0	1.4784022569656372	0.0	1.9428317867088345	0.0	30.41196060180664	0.0	1.6895678043365479	0.0	8.281594276428223	0.0	0.9999995572225409	0.0	5.840836048126221	0.0	0.9999995529651642	0.0	1.0000001192092896	0.0	3.3354419124443555	-3.267673305273888e-07	43.7772331237793	0.0	3.25848650932312	-5.960464477539063e-08	8.70974063873291	-9.5367431640625e-07	15.834558111637353	-8.853403524788916e-05	128.36920166015625	-0.000274658203125	14.8560791015625	-4.982948303222656e-05	49.57691955566406	-0.000164031982421875	0.5752980401649331	0.0	2.9972376823425293	0.0	0.5752980411052704	0.0	0.5753234028816223	0.0	0.9999999545869362	0.0	5.1954169273376465	0.0	0.9999999850988388	0.0	1.0000001192092896	0.0	2.465928427247351	3.6832425998056806e-08	28.85869598388672	0.0	2.4563950896263123	0.0	3.003028392791748	-2.384185791015625e-07	6.575162605624691	-2.10310774129141e-06	16.027708053588867	1.71661376953125e-05	6.545985460281372	-2.5033950805664062e-06	8.843433380126953	-2.86102294921875e-06	398.07491835708515	0.0	226.04668807983398	0.0	4194.88232421875	0.0	20.919016043752382	0.0	20.919016361236572	0.0	20.92060661315918	0.0	6.726278308172848e-05
encoder.block0.ffn.0	atomic	1809024	0.05434036913817734	4.040177260775147e-05	0.0001889411360025406	0.0019288897912712096	0.07101228578016264	26.73779468079728	3.180108606815338	-0.0011278390884399414	2.9830601811408997	-0.006771445274353027	3.2034674882888794	-0.00020384788513183594	0.8103955090866674	-0.0011559360402358942	7.292003631591797	0.010643482208251953	0.803844690322876	-0.0011668354272842407	1.481300950050354	0.002898693084716797	1.9181907391414574	-0.02464104756737706	30.536853790283203	0.1248931884765625	1.6690380573272705	-0.020529747009277344	8.198979377746582	-0.08261489868164062	0.9999994891029143	-6.811962660613347e-08	5.842862129211426	0.002026081085205078	0.9999994933605194	-5.960464477539063e-08	1.0000001192092896	0.0	3.3204680351351046	-0.014974204076581454	43.8508415222168	0.0736083984375	3.245585024356842	-0.012901544570922852	8.631650924682617	-0.07809066772460938	15.665398701970506	-0.16924794370209462	127.01737976074219	-1.3520965576171875	14.702181816101074	-0.153947114944458	49.07989501953125	-0.4971885681152344	0.575297921757436	-1.18407497140538e-07	2.9971160888671875	-0.00012159347534179688	0.5752979218959808	-1.1920928955078125e-07	0.5753033757209778	-2.002716064453125e-05	0.9999999545869362	0.0	5.195412635803223	-4.291534423828125e-06	1.0	1.4901161193847656e-08	1.0000001192092896	0.0	2.4688466095143404	0.0029182190994152535	28.840686798095703	-0.018009185791015625	2.4591254591941833	0.0027303695678710938	3.001556158065796	-0.00147247314453125	6.524302679925998	-0.05086202880643409	15.939269065856934	-0.08842182159423828	6.493543744087219	-0.0524442195892334	8.805829048156738	-0.03760719299316406	388.1962268581123	-9.878691498972842	220.21197891235352	-5.834709167480469	4111.9912109375	-82.89111328125	20.91900929659844	-6.747153943109652e-06	20.9190092086792	-7.152557373046875e-06	20.919355392456055	-0.001251220703125	-0.07954664884202915
encoder.block0.ffn.2	atomic	1807008	0.09057944843866489	6.738289009122261e-05	0.00015546754002571106	0.003227917902451237	0.19730935062224264	15.581263104619568	3.18088835477829	-0.00034809112548828125	2.9880887269973755	-0.0017428994178771973	3.2032209038734436	-0.00045043230056762695	0.8117541708216345	0.0002027256947312317	7.27042293548584	-0.010937213897705078	0.8053262531757355	0.00031472742557525635	1.4767595529556274	-0.0016427040100097656	1.932299195183018	-0.010532591525816537	30.112876892089844	-0.2990837097167969	1.6866800785064697	-0.002887725830078125	8.256429672241211	-0.02516460418701172	0.9999996026356225	4.5413081628531415e-08	5.835351943969727	-0.005484104156494141	0.999999612569809	5.960464477539063e-08	1.0000001192092896	0.0	3.33065732988322	-0.0047849093284662025	43.60956954956055	-0.16766357421875	3.2580390572547913	-0.0004475116729736328	8.685503005981445	-0.02423858642578125	15.813631281133828	-0.02101536453877273	127.987548828125	-0.381927490234375	14.85127305984497	-0.0048558712005615234	49.440223693847656	-0.13685989379882812	0.5752979266910823	-1.134738508712374e-07	2.997115135192871	-0.00012254714965820312	0.5752979218959808	-1.1920928955078125e-07	0.575303316116333	-2.008676528930664e-05	0.9999999545869362	0.0	5.195413112640381	-3.814697265625e-06	0.9999999850988388	0.0	1.0000001192092896	0.0	2.4684872294839173	0.0025588390689921248	28.85765838623047	-0.00103759765625	2.458667755126953	0.002272665500640869	3.002868175506592	-0.00016045570373535156	6.579219120034774	0.004054411302342409	16.047670364379883	0.019979476928710938	6.548855423927307	0.002867460250854492	8.893549919128418	0.050113677978515625	390.3173863785407	-7.757531978544478	223.32574462890625	-2.7209434509277344	4169.68896484375	-25.193359375	20.91900820246516	-7.841287221310722e-06	20.9190092086792	-7.152557373046875e-06	20.919347763061523	-0.00125885009765625	-0.024550915824830898
encoder.block0.norm1	atomic	672	0.0003771266609305647	1.4547976785401025e-05	5.066394805908203e-05	1.4633118545117907e-05	3.420288934837209e-06	6.268737338732535e-05	3.1812363862991333	-5.960464477539063e-08	2.9898317456245422	1.1920928955078125e-07	3.2036713361740112	0.0	0.8115514451269032	0.0	7.281360149383545	0.0	0.8050115257501602	0.0	1.4784022569656372	0.0	1.9428317867088345	0.0	30.41196060180664	0.0	1.6895678043365479	0.0	8.281594276428223	0.0	0.9999995572225409	0.0	5.840836048126221	0.0	0.9999995529651642	0.0	1.0000001192092896	0.0	3.335442266442296	2.7230609767059377e-08	43.7772331237793	0.0	3.258486568927765	0.0	8.709741592407227	0.0	15.834646404764333	-2.409082675569607e-07	128.36947631835938	0.0	14.856128692626953	-2.384185791015625e-07	49.577083587646484	0.0	0.5752980401649331	0.0	2.9972376823425293	0.0	0.5752980411052704	0.0	0.5753234028816223	0.0	0.9999999545869362	0.0	5.1954169273376465	0.0	0.9999999850988388	0.0	1.0000001192092896	0.0	2.465928390414925	0.0	28.85869598388672	0.0	2.4563950896263123	0.0	3.003028631210327	0.0	6.575164781253377	7.252094480492133e-08	16.027690887451172	0.0	6.545987963676453	0.0	8.843436241149902	0.0	398.07491835708515	0.0	226.04668807983398	0.0	4194.88232421875	0.0	20.919016043752382	0.0	20.919016361236572	0.0	20.92060661315918	0.0	-4.20392394260803e-06
encoder.block0.norm2	atomic	672	0.0011421954703662465	4.406114684725978e-05	0.0001659989356994629	4.406855815103057e-05	3.1373949319967314e-05	3.056190842756092	3.1811563372612	-8.0108642578125e-05	2.990432918071747	0.0006012916564941406	3.203119397163391	-0.0005519390106201172	0.81153425874316	-1.7186383743261757e-05	7.28141450881958	5.435943603515625e-05	0.8049951940774918	-1.633167266845703e-05	1.478415846824646	1.3589859008789062e-05	1.94267991550582	-0.0001518712030144087	30.411331176757812	-0.000629425048828125	1.6894347071647644	-0.00013309717178344727	8.281371116638184	-0.0002231597900390625	0.99999954586927	-1.135327087897764e-08	5.8408379554748535	1.9073486328125e-06	0.9999995827674866	2.9802322387695312e-08	1.0000001192092896	0.0	3.3353497627796007	-9.247643208531997e-05	43.77687072753906	-0.000362396240234375	3.258405387401581	-8.118152618408203e-05	8.709524154663086	-0.000217437744140625	15.834090017340626	-0.0005566283319744514	128.36471557617188	-0.0047607421875	14.856001853942871	-0.0001270771026611328	49.57406997680664	-0.00301361083984375	0.5752977046769613	-3.3548797184757007e-07	2.997116804122925	-0.00012087821960449219	0.5752976983785629	-3.427267074584961e-07	0.5753036141395569	-1.9788742065429688e-05	0.9999999659402024	1.1353266105018633e-08	5.195413112640381	-3.814697265625e-06	0.9999999701976776	-1.4901161193847656e-08	1.0000001192092896	0.0	2.4688459657086885	0.0029175752937633526	28.858718872070312	2.288818359375e-05	2.4590418338775635	0.0026467442512512207	3.003047466278076	1.8835067749023438e-05	6.571693810447124	-0.0034708982853075554	16.023103713989258	-0.0045871734619140625	6.541581749916077	-0.0044062137603759766	8.845904350280762	0.002468109130859375	398.0252082547662	-0.04971010231895434	226.01179885864258	-0.03488922119140625	4194.6572265625	-0.22509765625	20.91899452579437	-2.151795801097478e-05	20.918993949890137	-2.2411346435546875e-05	20.91936492919922	-0.0012416839599609375	-0.005650073778865193
encoder.block1.attn.proj	atomic	451584	0.05298091406438989	7.884064592915162e-05	0.00022207433357834816	0.0038300153409359552	0.06750364392156293	14.599372515846197	3.181568205356598	0.0003317594528198242	2.9922426342964172	0.0024110078811645508	3.2033894062042236	-0.00028192996978759766	0.8114047161189695	-0.00014672900793377686	7.251030921936035	-0.030329227447509766	0.8049308061599731	-8.071959018707275e-05	1.4719027280807495	-0.006499528884887695	1.9372008952713844	-0.005630891437450103	31.0030517578125	0.5910911560058594	1.6879576742649078	-0.0016101300716400146	8.206311225891113	-0.07528305053710938	0.999999466396371	-9.082616980737868e-08	5.835223197937012	-0.005612850189208984	0.9999995082616806	-4.470348358154297e-08	1.0000001192092896	0.0	3.334232871977515	-0.0012093672341708661	44.11614227294922	0.3389091491699219	3.259582281112671	0.0010957121849060059	8.638533592224121	-0.07120800018310547	15.793283599500391	-0.04136304617220965	127.13243103027344	-1.2370452880859375	14.826848030090332	-0.029280900955200195	49.09084701538086	-0.486236572265625	0.575297921757436	-1.18407497140538e-07	2.9971137046813965	-0.0001239776611328125	0.575297936797142	-1.043081283569336e-07	0.5753030180931091	-2.0384788513183594e-05	0.9999999545869362	0.0	5.195412635803223	-4.291534423828125e-06	0.9999999850988388	0.0	1.0000001192092896	0.0	2.4688407048904977	0.0029123144755724972	28.850074768066406	-0.0086212158203125	2.4590227603912354	0.0026276707649230957	3.0024330615997314	-0.0005955696105957031	6.560731195311897	-0.014433513420534894	16.033185958862305	0.0054950714111328125	6.530265212059021	-0.01572275161743164	8.83427906036377	-0.009157180786132812	392.9782938701895	-5.096624486895678	224.75878143310547	-1.2879066467285156	4121.55078125	-73.33154296875	20.91900856717626	-7.4765761226558425e-06	20.9190092086792	-7.152557373046875e-06	20.919330596923828	-0.0012760162353515625	0.0233990406645563
encoder.block1.attn.qkv	atomic	1354752	0.06009844241994553	5.163370819796544e-05	0.00017963536083698273	0.0025364865818107594	0.08685898629711758	26.241102472731114	3.1873854398727417	0.006148993968963623	3.013516366481781	0.02368474006652832	3.2069197297096252	0.0032483935356140137	0.812795424637577	0.0012439795106737872	7.207887172698975	-0.07347297668457031	0.8064664006233215	0.001454874873161316	1.464642882347107	-0.013759374618530273	1.9567533494605887	0.013921562751754157	30.85659408569336	0.44463348388671875	1.7086528539657593	0.019085049629211426	8.245713233947754	-0.03588104248046875	0.9999996253421627	6.811962183217446e-08	5.832822799682617	-0.008013248443603516	0.9999996274709702	7.450580596923828e-08	1.0000001192092896	0.0	3.348600121928035	0.01315788271634899	44.042964935302734	0.2657318115234375	3.2749284505844116	0.01644188165664673	8.675769805908203	-0.03397178649902344	15.950270618785751	0.11562397311315031	127.74677276611328	-0.6227035522460938	14.974826574325562	0.1186976432800293	49.35432052612305	-0.2227630615234375	0.5752979316247283	-1.0854020482398141e-07	2.997162342071533	-7.534027099609375e-05	0.5752979218959808	-1.1920928955078125e-07	0.5753110647201538	-1.233816146850586e-05	0.9999999545869362	0.0	5.195413589477539	-3.337860107421875e-06	0.9999999701976776	-1.4901161193847656e-08	1.0000001192092896	0.0	2.4692473735444542	0.0033189831295290517	28.826953887939453	-0.031742095947265625	2.4593939781188965	0.0029988884925842285	3.0006606578826904	-0.0023679733276367188	6.578050264128786	0.0028855553963538227	16.1452693939209	0.11757850646972656	6.547613143920898	0.0016251802444458008	8.884825706481934	0.04138946533203125	395.98935631213624	-2.085562044948915	229.19792556762695	3.1512374877929688	4159.9658203125	-34.91650390625	20.919009661309516	-6.382442865771054e-06	20.919010639190674	-5.7220458984375e-06	20.919832229614258	-0.000774383544921875	0.43368940569127223
encoder.block1.ffn.0	atomic	1809024	0.07664944452114564	5.698845033936513e-05	0.00020301062613725662	0.0027493904451630856	0.14128834803839066	8.163159102782725	3.18057781457901	-0.0006586313247680664	2.985838234424591	-0.003993391990661621	3.2034528255462646	-0.00021851062774658203	0.8117994495203494	0.0002480043934461884	7.260406970977783	-0.02095317840576172	0.8052497953176498	0.00023826956748962402	1.476562261581421	-0.0018399953842163086	1.919244529315634	-0.023587257393200556	30.25493621826172	-0.15702438354492188	1.672183871269226	-0.017383933067321777	8.153477668762207	-0.12811660766601562	0.999999511809457	-4.5413083848977465e-08	5.831320285797119	-0.009515762329101562	0.999999538064003	-1.4901161193847656e-08	1.0000001192092896	0.0	3.3251504549212787	-0.010291784290407335	43.695430755615234	-0.0818023681640625	3.251326084136963	-0.007160484790802002	8.590290069580078	-0.11945152282714844	15.67616634623074	-0.1584802994418606	126.0596694946289	-2.3098068237304688	14.725200176239014	-0.13092875480651855	48.779823303222656	-0.7972602844238281	0.5752979316247283	-1.0854020482398141e-07	2.997115135192871	-0.00012254714965820312	0.575297936797142	-1.043081283569336e-07	0.575303316116333	-2.008676528930664e-05	0.9999999545869362	0.0	5.195412635803223	-4.291534423828125e-06	1.0	1.4901161193847656e-08	1.0000001192092896	0.0	2.4721902947620404	0.006261904347115266	28.860713958740234	0.002017974853515625	2.462529420852661	0.006134331226348877	3.003243923187256	0.00021529197692871094	6.562120844469186	-0.013043864263245553	16.025888442993164	-0.0018024444580078125	6.531420707702637	-0.014567255973815918	8.840797424316406	-0.0026388168334960938	386.9512672199498	-11.123651137135369	220.79536819458008	-5.251319885253906	4070.720703125	-124.16162109375	20.91900856717626	-7.4765761226558425e-06	20.9190092086792	-7.152557373046875e-06	20.919347763061523	-0.00125885009765625	-0.04645335956581873
encoder.block1.ffn.2	atomic	1807008	0.08685874215055599	6.461502224487409e-05	0.000229603610932827	0.0031716841764538022	0.1814326296606076	9.010669407396101	3.180283784866333	-0.0009526610374450684	2.983487844467163	-0.0063437819480896	3.203367829322815	-0.00030350685119628906	0.8112932682891089	-0.00025817683779438827	7.177217960357666	-0.1041421890258789	0.8047575801610947	-0.00025394558906555176	1.4771316051483154	-0.0012706518173217773	1.9063162036510126	-0.036515583057821877	30.25811004638672	-0.15385055541992188	1.6621226072311401	-0.027445197105407715	8.105196952819824	-0.17639732360839844	0.9999994550430993	-1.0217944157453474e-07	5.826200485229492	-0.014635562896728516	0.9999994784593582	-7.450580596923828e-08	1.0000001192092896	0.0	3.316734849275073	-0.01870738993661325	43.700138092041016	-0.07709503173828125	3.2444112300872803	-0.01407533884048462	8.542168617248535	-0.1675729751586914	15.604097591123326	-0.2305490545492752	125.72682189941406	-2.6426544189453125	14.663419961929321	-0.19270896911621094	48.5095329284668	-1.0675506591796875	0.5752979118901435	-1.282747896791392e-07	2.9971137046813965	-0.0001239776611328125	0.5752979218959808	-1.1920928955078125e-07	0.5753030180931091	-2.0384788513183594e-05	0.9999999545869362	0.0	5.195413112640381	-3.814697265625e-06	0.9999999850988388	0.0	1.0000001192092896	0.0	2.470139731431071	0.004211341016145731	28.896154403686523	0.03745841979980469	2.4603007435798645	0.003905653953552246	3.0055012702941895	0.0024726390838623047	6.540749609097842	-0.03441509963458955	16.000797271728516	-0.02689361572265625	6.509967923164368	-0.03602004051208496	8.824932098388672	-0.01850414276123047	381.623308524748	-16.45160983233717	217.7667694091797	-8.279918670654297	4024.3076171875	-170.57470703125	20.91900838482071	-7.658931671983282e-06	20.919008255004883	-8.106231689453125e-06	20.91933250427246	-0.00127410888671875	-0.06719131637470414
encoder.block1.norm1	atomic	672	0.0019652453326059866	7.581098457961732e-05	0.00015223026275634766	7.92313509213273e-05	9.287992811868762e-05	0.9223254768051674	3.180968225002289	-0.0002682209014892578	2.9900697469711304	0.00023812055587768555	3.203372538089752	-0.0002987980842590332	0.8115466047170183	-4.8404098849097466e-06	7.281325340270996	-3.4809112548828125e-05	0.8050069510936737	-4.5746564865112305e-06	1.4783895015716553	-1.2755393981933594e-05	1.9427165928926455	-0.00011519381618896318	30.412315368652344	0.000354766845703125	1.6894839704036713	-8.383393287658691e-05	8.280725479125977	-0.0008687973022460938	0.9999995685758114	1.1353270545910732e-08	5.840885162353516	4.9114227294921875e-05	0.9999995529651642	0.0	1.0000001192092896	0.0	3.3353654480087136	-7.679120297243713e-05	43.77743148803711	0.0001983642578125	3.2584272027015686	-5.936622619628906e-05	8.708908081054688	-0.0008335113525390625	15.831469108188765	-0.0031775374838360904	128.35133361816406	-0.0181427001953125	14.853156328201294	-0.0029726028442382812	49.56895065307617	-0.0081329345703125	0.575297842819091	-1.9734584211228423e-07	2.9971165657043457	-0.00012111663818359375	0.5752978473901749	-1.9371509552001953e-07	0.5753035545349121	-1.9848346710205078e-05	0.9999999545869362	0.0	5.195413112640381	-3.814697265625e-06	1.0	1.4901161193847656e-08	1.0000001192092896	0.0	2.4688351681431615	0.0029067777282363316	28.8586483001709	-4.76837158203125e-05	2.459030508995056	0.0026354193687438965	3.0031557083129883	0.0001270771026611328	6.568473858024204	-0.006690850708228169	16.012109756469727	-0.015581130981445312	6.538382649421692	-0.007605314254760742	8.839519500732422	-0.003916740417480469	398.00690458049843	-0.06801377658672436	226.01912689208984	-0.027561187744140625	4194.005859375	-0.87646484375	20.91900382593148	-1.2217820902549192e-05	20.91900396347046	-1.239776611328125e-05	20.91935920715332	-0.001247406005859375	-0.018917657741736135
encoder.block1.norm2	atomic	672	0.001742122735380092	6.720384352856778e-05	0.00013566017150878906	6.82098057296838e-05	7.298705167470562e-05	0.24071470173969192	3.1813344955444336	9.804964065551758e-05	2.9901346564292908	0.00030303001403808594	3.2033404111862183	-0.00033092498779296875	0.8115524873501099	1.0422232066265025e-06	7.281407833099365	4.76837158203125e-05	0.8050125986337662	1.0728836059570312e-06	1.478386402130127	-1.5854835510253906e-05	1.9428203097092342	-1.1476999600246174e-05	30.411529541015625	-0.000431060791015625	1.689559131860733	-8.672475814819336e-06	8.281521797180176	-7.2479248046875e-05	0.9999995572225409	0.0	5.840827465057373	-8.58306884765625e-06	0.9999995678663254	1.4901161193847656e-08	1.0000001192092896	0.0	3.3354526685188475	1.0429307161441415e-05	43.777679443359375	0.000446319580078125	3.258500397205353	1.3828277587890625e-05	8.709668159484863	-7.343292236328125e-05	15.834044363553565	-0.0006022821190363459	128.3646697998047	-0.0048065185546875	14.855569124221802	-0.0005598068237304688	49.57451629638672	-0.002567291259765625	0.5752979562929585	-8.387197458770146e-08	2.9971165657043457	-0.00012111663818359375	0.5752979665994644	-7.450580596923828e-08	0.5753035545349121	-1.9848346710205078e-05	0.9999999545869362	0.0	5.195412635803223	-4.291534423828125e-06	0.9999999850988388	0.0	1.0000001192092896	0.0	2.4688557515364815	0.0029273611215563378	28.859174728393555	0.0004787445068359375	2.4590524435043335	0.0026573538780212402	3.003084182739258	5.555152893066406e-05	6.570914913324988	-0.004249795407443635	16.026918411254883	-0.0007724761962890625	6.5407843589782715	-0.005203604698181152	8.84300422668457	-0.00043201446533203125	398.06899871049364	-0.005919646591507899	226.04407119750977	-0.00261688232421875	4194.8095703125	-0.07275390625	20.91901002602059	-6.01773179198517e-06	20.919009685516357	-6.67572021484375e-06	20.919363021850586	-0.00124359130859375	0.00691545488559021
aggregate.encoder.block0	aggregate	5423712	0.10633979513096395	4.566121979962336e-05	0.0001889411360025406	0.0017498560317294532	0.2719443011360378	31.09703744812405	3.1804109811782837	-0.0008254647254943848	2.981413781642914	-0.008417844772338867	3.203582286834717	-8.90493392944336e-05	0.8106180340362246	-0.0009334110906786819	7.281258583068848	-0.00010156631469726562	0.8041795939207077	-0.0008319318294525146	1.47968327999115	0.0012810230255126953	1.9083309920009657	-0.03450079470786882	30.24374008178711	-0.16822052001953125	1.6665391027927399	-0.023028701543807983	8.17465877532959	-0.10693550109863281	0.9999996821085106	1.2488596978776911e-07	5.823463439941406	-0.017372608184814453	0.9999997019767761	1.4901161193847656e-07	1.0000001192092896	0.0	3.316115333463488	-0.019326905748198175	43.686676025390625	-0.09055709838867188	3.245233178138733	-0.013253390789031982	8.608260154724121	-0.10148143768310547	15.648635200245774	-0.18601144542682668	126.65544891357422	-1.7140274047851562	14.701357126235962	-0.1547718048095703	48.954750061035156	-0.6223335266113281	0.5752979266910823	-1.134738508712374e-07	2.997134208679199	-0.00010347366333007812	0.5752979218959808	-1.1920928955078125e-07	0.5753064155578613	-1.6987323760986328e-05	0.9999999545869362	0.0	5.195413112640381	-3.814697265625e-06	0.9999999850988388	0.0	1.0	-1.1920928955078125e-07	2.46964285020776	0.003714459792834912	28.839725494384766	-0.018970489501953125	2.459838330745697	0.0034432411193847656	3.001390218734741	-0.0016384124755859375	6.536367355463309	-0.038797353269123036	15.970614433288574	-0.057076454162597656	6.505651116371155	-0.04033684730529785	8.85775089263916	0.014314651489257812	381.01451487689417	-17.060403480190985	217.69243240356445	-8.354255676269531	4087.8740234375	-107.00830078125	20.91900893188735	-7.11186503110639e-06	20.9190092086792	-7.152557373046875e-06	20.919540405273438	-0.0010662078857421875	-0.05822014268117861
aggregate.encoder.block1	aggregate	5423712	0.14087326094976715	6.0489536623566624e-05	0.000229603610932827	0.00236519886416749	0.47724947489747227	32.41103352872824	3.189556837081909	0.008320391178131104	3.0087563395500183	0.018924713134765625	3.2084357738494873	0.004764437675476074	0.8127703304305722	0.0012188853036689817	7.0543437004089355	-0.22701644897460938	0.8064968883991241	0.0014853626489639282	1.4551900625228882	-0.023212194442749023	1.8944601278761672	-0.04837165883266725	31.131732940673828	0.7197723388671875	1.6640691459178925	-0.025498658418655396	7.871104717254639	-0.410489559173584	0.9999996366954326	7.947289171195138e-08	5.775083065032959	-0.06575298309326172	0.9999996572732925	1.043081283569336e-07	1.0000001192092896	0.0	3.3196309152496477	-0.015811323962038326	44.22014617919922	0.4429130554199219	3.2535958886146545	-0.0048906803131103516	8.32330322265625	-0.38643836975097656	15.534504785419543	-0.3001418602530581	121.65096282958984	-6.718513488769531	14.633219242095947	-0.22290968894958496	47.04469680786133	-2.5323867797851562	0.5752979168237897	-1.233411434098386e-07	2.9971158504486084	-0.00012183189392089844	0.5752979218959808	-1.1920928955078125e-07	0.5753033757209778	-2.002716064453125e-05	0.99999994323367	-1.1353266216040936e-08	5.195413112640381	-3.814697265625e-06	0.9999999701976776	-1.4901161193847656e-08	1.0000001192092896	0.0	2.4744095362649077	0.008481145849982497	28.85773277282715	-0.0009632110595703125	2.4646382927894592	0.008243203163146973	3.0026071071624756	-0.0004215240478515625	6.531634232749661	-0.043530475982771044	16.116783142089844	0.08909225463867188	6.500419020652771	-0.04556894302368164	8.851676940917969	0.008240699768066406	365.67433961962655	-32.4005787374586	215.21239852905273	-10.83428955078125	3803.1376953125	-391.74462890625	20.91900856717626	-7.4765761226558425e-06	20.9190092086792	-7.152557373046875e-06	20.919353485107422	-0.0012531280517578125	0.5868383549204828
aggregate.encoder.all	aggregate	10847424	0.17650333616993355	5.359072230584005e-05	0.000229603610932827	0.0020742773386541033	0.74919377603351	44.91659862957541	3.1885446906089783	0.007308244705200195	3.0025278329849243	0.01269620656967163	3.208360195159912	0.004688858985900879	0.812115476954904	0.0005640318280007994	7.0545759201049805	-0.22678422927856445	0.8059355914592743	0.0009240657091140747	1.4564801454544067	-0.02192211151123047	1.867181857370932	-0.07564992933790249	30.992042541503906	0.5800819396972656	1.644866168498993	-0.04470163583755493	7.771174907684326	-0.5104193687438965	0.999999466396371	-9.082616980737868e-08	5.796482086181641	-0.04435396194458008	0.9999994933605194	-5.960464477539063e-08	1.0000001192092896	0.0	3.3038527595983536	-0.03158947961333247	44.146705627441406	0.3694725036621094	3.241117298603058	-0.01736927032470703	8.229096412658691	-0.48064517974853516	15.38488166651997	-0.44976497915263103	120.05084991455078	-8.318626403808594	14.509124755859375	-0.3470041751861572	46.4673957824707	-3.1096878051757812	0.5752979266910823	-1.134738508712374e-07	2.9971261024475098	-0.00011157989501953125	0.575297936797142	-1.043081283569336e-07	0.5753051042556763	-1.8298625946044922e-05	0.9999999545869362	0.0	5.195412635803223	-4.291534423828125e-06	0.9999999850988388	0.0	1.0000001192092896	0.0	2.474612256200873	0.00868386578594782	28.838558197021484	-0.020137786865234375	2.464889109134674	0.008494019508361816	3.0009753704071045	-0.0020532608032226562	6.50026460255729	-0.07490010617514198	16.066152572631836	0.03846168518066406	6.468672871589661	-0.07731509208679199	8.869067192077637	0.025630950927734375	353.308890172608	-44.766028184477136	208.74280166625977	-17.30388641357422	3707.674560546875	-487.207763671875	20.919009114242897	-6.929509485331664e-06	20.919010162353516	-6.198883056640625e-06	20.91946029663086	-0.0011463165283203125	0.5154515224510559
aggregate.central.projections	aggregate	2021376	0.1021017788044824	7.181410558564006e-05	0.00019953865557909012	0.0051003224198128555	0.25070035004487673	52.84714909048725	3.1854735612869263	0.004237115383148193	3.00416100025177	0.014329373836517334	3.203732967376709	6.16312026977539e-05	0.8115514451269032	0.0	7.281360149383545	0.0	0.8050115257501602	0.0	1.4784022569656372	0.0	1.878918794160123	-0.06391299254871141	30.487567901611328	0.0756072998046875	1.6474214792251587	-0.04214632511138916	8.027711868286133	-0.25388240814208984	0.9999995004561857	-5.6766355172044314e-08	5.812633991241455	-0.028202056884765625	0.9999995082616806	-4.470348358154297e-08	1.0000001192092896	0.0	3.302808377428729	-0.03263386178295713	43.81217575073242	0.034942626953125	3.2360017895698547	-0.022484779357910156	8.471200942993164	-0.2385406494140625	15.417814854660115	-0.4168317910124859	123.87065124511719	-4.4988250732421875	14.522345066070557	-0.3337838649749756	47.375789642333984	-2.2012939453125	0.607008585922042	0.031710545757108854	3.155066967010498	0.15782928466796875	0.6070085763931274	0.031710535287857056	0.6070129871368408	0.031689584255218506	1.0	4.541306375394072e-08	5.19275426864624	-0.00266265869140625	1.0	1.4901161193847656e-08	1.0000001192092896	0.0	2.513088081037998	0.04715969062307268	29.319805145263672	0.4611091613769531	2.503098964691162	0.046703875064849854	3.056687831878662	0.05365920066833496	6.453683750448705	-0.12148095828372707	16.24891471862793	0.2212238311767578	6.415990114212036	-0.1299978494644165	8.952519416809082	0.10908317565917969	370.5435091693012	-27.531409187783936	212.29855346679688	-13.74813461303711	3974.26025390625	-220.6220703125	23.20103532519902	2.2820192814466367	23.201035976409912	2.28201961517334	23.201326370239258	2.280719757080078	0.29884434130817705
aggregate.central.phases	aggregate	800	0.002098216694183057	7.418316264278301e-05	0.0001338752917945385	0.0052357114687466046	0.00010587392161314384	0.9711482526072613	3.1809765100479126	-0.0002599358558654785	2.9898259043693542	-5.7220458984375e-06	3.203435003757477	-0.00023633241653442383	0.8115514451269032	0.0	7.281360149383545	0.0	0.8050115257501602	0.0	1.4784022569656372	0.0	1.9428278130099252	-3.973698909254253e-06	30.412277221679688	0.000316619873046875	1.689570426940918	2.6226043701171875e-06	8.28161907196045	2.47955322265625e-05	0.9999995572225409	0.0	5.840819835662842	-1.621246337890625e-05	0.9999995827674866	2.9802322387695312e-08	1.0000001192092896	0.0	3.3354464871840745	4.247972388515819e-06	43.777400970458984	0.0001678466796875	3.2584961652755737	9.59634780883789e-06	8.709766387939453	2.47955322265625e-05	15.834533297927779	-0.00011334774482207877	128.36886596679688	-0.0006103515625	14.856059789657593	-6.914138793945312e-05	49.57643508911133	-0.00064849853515625	0.5753037927664822	5.752601549113834e-06	2.9971466064453125	-9.107589721679688e-05	0.5753037929534912	5.751848220825195e-06	0.5753094553947449	-1.3947486877441406e-05	0.9999999545869362	0.0	5.1954169273376465	0.0	0.9999999850988388	0.0	1.0000001192092896	0.0	2.46886283336135	0.0029344429464246424	28.85900115966797	0.00030517578125	2.459057867527008	0.0026627779006958008	3.003061532974243	3.2901763916015625e-05	6.571054169550721	-0.004110539181710671	16.02785301208496	0.0001621246337890625	6.540853261947632	-0.005134701728820801	8.843477249145508	4.100799560546875e-05	398.0725779851584	-0.002340371926777607	226.0464973449707	-0.00019073486328125	4194.93115234375	0.048828125	20.91942214547024	0.00040610171785715465	20.919422149658203	0.0004057884216308594	20.919776916503906	-0.0008296966552734375	-0.018333312313713622
aggregate.central.all	aggregate	2022176	0.10212333596360432	7.181505826916161e-05	0.00019953865557909012	0.0051003773753422995	0.2508062239664898	52.85607151426154	3.1854794025421143	0.004242956638336182	3.0041623711586	0.014330744743347168	3.2037355303764343	6.41942024230957e-05	0.8115514451269032	0.0	7.281360149383545	0.0	0.8050115257501602	0.0	1.4784022569656372	0.0	1.8789185766320482	-0.0639132100767863	30.487869262695312	0.07590866088867188	1.6474238634109497	-0.042143940925598145	8.027727127075195	-0.25386714935302734	0.9999994891029143	-6.811962660613347e-08	5.812615394592285	-0.028220653533935547	0.9999995082616806	-4.470348358154297e-08	1.0000001192092896	0.0	3.3028126123744905	-0.0326296268371955	43.81231689453125	0.035083770751953125	3.236007809638977	-0.022478759288787842	8.471217155456543	-0.2385244369506836	15.417733823940182	-0.41691282173241895	123.86993408203125	-4.499542236328125	14.52229642868042	-0.3338325023651123	47.375099182128906	-2.201984405517578	0.607016623755002	0.03171858359006885	3.155099391937256	0.15786170959472656	0.6070166379213333	0.03171859681606293	0.607021152973175	0.031697750091552734	1.0	4.541306375394072e-08	5.192750930786133	-0.002665996551513672	1.0	1.4901161193847656e-08	1.0000001192092896	0.0	2.5131078140788454	0.04717942366392025	29.320037841796875	0.46134185791015625	2.5031185150146484	0.04672342538833618	3.056713104248047	0.05368447303771973	6.453623089721919	-0.12154161901051275	16.249067306518555	0.2213764190673828	6.415925621986389	-0.13006234169006348	8.952559471130371	0.10912322998046875	370.5442787306262	-27.530639626458935	212.29907989501953	-13.747608184814453	3974.297119140625	-220.585205078125	23.20155488427126	2.2825388405188782	23.201555728912354	2.2825393676757812	23.201854705810547	2.281248092651367	0.29925632585455264
