source	global_row	anchor_ordinal	horizon	tensor	selected_anchor_rms	other_anchor_median_rms	selected_to_other_median_ratio	input_token_id	target_token_id	nll	max_probability
followup_micro0	10	0	5	p	0.20474037528038025	0.5716667175292969	0.3581463971966982	104	111	3.310421943664551	0.18236465752124786
followup_micro0	10	0	5	innovation_w	0.34208282828330994	20.71288299560547	0.01651546181938495	104	111	3.310421943664551	0.18236465752124786
followup_micro0	10	0	5	s_raw	1.2141098976135254	21.711578369140625	0.05591992792837113	104	111	3.310421943664551	0.18236465752124786
followup_micro0	10	0	5	z_raw	0.3928559124469757	7.374724388122559	0.053270589078514445	104	111	3.310421943664551	0.18236465752124786
followup_micro0	10	0	5	stored_s	0.9999996423721313	1.0	0.9999996423721313	104	111	3.310421943664551	0.18236465752124786
followup_micro0	10	0	5	stored_z	0.9999967813491821	1.0	0.9999967813491821	104	111	3.310421943664551	0.18236465752124786
followup_micro0	10	0	5	decoded_hidden	1.186684250831604	2.318518877029419	0.5118285913427767	104	111	3.310421943664551	0.18236465752124786
followup_micro0	10	0	5	logits	6.452343940734863	6.724734306335449	0.9594942561010977	104	111	3.310421943664551	0.18236465752124786
followup_micro0	10	0	5	z_boundary_denominator	0.3928571939468384	7.374724388122559	0.05327076284770164	104	111	3.310421943664551	0.18236465752124786
followup_micro0	10	0	5	s_boundary_denominator	1.214110255241394	21.711578369140625	0.05591994440012931	104	111	3.310421943664551	0.18236465752124786
followup_micro0	10	0	6	p	1.1706136465072632	0.5728243589401245	2.0435821700620513	104	115	3.871899127960205	0.13142752647399902
followup_micro0	10	0	6	innovation_w	78.74180603027344	20.766143798828125	3.7918357299787644	104	115	3.871899127960205	0.13142752647399902
followup_micro0	10	0	6	s_raw	79.71231079101562	21.764877319335938	3.6624286744864456	104	115	3.871899127960205	0.13142752647399902
followup_micro0	10	0	6	z_raw	73.09699249267578	7.404356002807617	9.87216072065667	104	115	3.871899127960205	0.13142752647399902
followup_micro0	10	0	6	stored_s	1.0	1.0	1.0	104	115	3.871899127960205	0.13142752647399902
followup_micro0	10	0	6	stored_z	1.0	1.0	1.0	104	115	3.871899127960205	0.13142752647399902
followup_micro0	10	0	6	decoded_hidden	2.7849020957946777	2.321812391281128	1.199451818868977	104	115	3.871899127960205	0.13142752647399902
followup_micro0	10	0	6	logits	4.453991413116455	6.601689338684082	0.6746744938477022	104	115	3.871899127960205	0.13142752647399902
followup_micro0	10	0	6	z_boundary_denominator	73.09699249267578	7.404356002807617	9.87216072065667	104	115	3.871899127960205	0.13142752647399902
followup_micro0	10	0	6	s_boundary_denominator	79.71231079101562	21.764877319335938	3.6624286744864456	104	115	3.871899127960205	0.13142752647399902
primary_micro3	55	0	5	p	0.20474037528038025	0.5720045566558838	0.3579348676474818	104	111	3.310421943664551	0.18236465752124786
primary_micro3	55	0	5	innovation_w	0.34208282828330994	20.72352409362793	0.016506981473700874	104	111	3.310421943664551	0.18236465752124786
primary_micro3	55	0	5	s_raw	1.2141098976135254	21.722171783447266	0.05589265703803621	104	111	3.310421943664551	0.18236465752124786
primary_micro3	55	0	5	z_raw	0.3928559124469757	7.385852813720703	0.053190325119553836	104	111	3.310421943664551	0.18236465752124786
primary_micro3	55	0	5	stored_s	0.9999996423721313	1.0	0.9999996423721313	104	111	3.310421943664551	0.18236465752124786
primary_micro3	55	0	5	stored_z	0.9999967813491821	1.0	0.9999967813491821	104	111	3.310421943664551	0.18236465752124786
primary_micro3	55	0	5	decoded_hidden	1.186684250831604	2.325439214706421	0.5103054267455531	104	111	3.310421943664551	0.18236465752124786
primary_micro3	55	0	5	logits	6.452343940734863	6.392253875732422	1.0094004503216882	104	111	3.310421943664551	0.18236465752124786
primary_micro3	55	0	5	z_boundary_denominator	0.3928571939468384	7.385852813720703	0.0531904986269192	104	111	3.310421943664551	0.18236465752124786
primary_micro3	55	0	5	s_boundary_denominator	1.214110255241394	21.722171783447266	0.05589267350176149	104	111	3.310421943664551	0.18236465752124786
primary_micro3	55	0	6	p	1.1706136465072632	0.573128342628479	2.042498266860437	104	109	4.680387020111084	0.13142752647399902
primary_micro3	55	0	6	innovation_w	78.74180603027344	20.78306007385254	3.7887493829332484	104	109	4.680387020111084	0.13142752647399902
primary_micro3	55	0	6	s_raw	79.71231079101562	21.781803131103516	3.659582740291585	104	109	4.680387020111084	0.13142752647399902
primary_micro3	55	0	6	z_raw	73.09699249267578	7.413294792175293	9.860257084316869	104	109	4.680387020111084	0.13142752647399902
primary_micro3	55	0	6	stored_s	1.0	1.0	1.0	104	109	4.680387020111084	0.13142752647399902
primary_micro3	55	0	6	stored_z	1.0	0.9999999403953552	1.0000000596046483	104	109	4.680387020111084	0.13142752647399902
primary_micro3	55	0	6	decoded_hidden	2.7849020957946777	2.3282957077026367	1.1961118540834237	104	109	4.680387020111084	0.13142752647399902
primary_micro3	55	0	6	logits	4.453991413116455	6.364199638366699	0.6998509893161557	104	109	4.680387020111084	0.13142752647399902
primary_micro3	55	0	6	z_boundary_denominator	73.09699249267578	7.413294792175293	9.860257084316869	104	109	4.680387020111084	0.13142752647399902
primary_micro3	55	0	6	s_boundary_denominator	79.71231079101562	21.781803131103516	3.659582740291585	104	109	4.680387020111084	0.13142752647399902
