checkpoint_step	group	count	accuracy	mean_target_probability	mean_frame_velocity_cosine	mean_frame_velocity_relative_error	mean_frame_predicted_norm	mean_frame_target_norm	mean_signed_target_projection	mean_frame_ray_velocity_cosine	mean_frame_ray_velocity_relative_error	mean_frame_predicted_ray_velocity_norm	mean_frame_target_ray_velocity_norm	mean_state_direction_cosine
10071	all	256	0.41015625	0.26270160037574897	-0.027337098321368103	1.0022130063734949	8.242512425407767	198.75417879223824	-0.19705417154182214	0.051844344574419665	0.9990413920022547	0.00437368004804739	0.13318126383819617	0.9764903208706528
10071	correct	105	1.0	0.5366581232774825	-0.056965772878556024	1.0038792263893854	9.06098985671997	199.7024688720703	-0.5885945045167491	0.037068763712332364	0.9993928080513363	0.0048984291963279246	0.13840919811101188	0.9797400179363432
10071	incorrect	151	0.0	0.07220203147057	-0.00673437760279372	1.0010543765611206	7.673372489727096	198.09477178308347	0.07520897390431916	0.06211875510765918	0.9987970298489198	0.004008788256196687	0.12954594530411903	0.9742305977455038
10071	shallow_h1_h4_correct	105	1.0	0.5366581232774825	-0.056965772878556024	1.0038792263893854	9.06098985671997	199.7024688720703	-0.5885945045167491	0.037068763712332364	0.9993928080513363	0.0048984291963279246	0.13840919811101188	0.9797400179363432
10071	shallow_h1_h4_incorrect	151	0.0	0.07220203147057	-0.00673437760279372	1.0010543765611206	7.673372489727096	198.09477178308347	0.07520897390431916	0.06211875510765918	0.9987970298489198	0.004008788256196687	0.12954594530411903	0.9742305977455038
10071	h1	64	0.59375	0.510566832836048	-0.05183053633663803	1.003092904575169	11.626140251755714	196.816477060318	-0.6083217305131257	0.036175146044115536	0.9994320115074515	0.006301576991972979	0.13568570418283343	0.9903619047254324
10071	h2	64	0.453125	0.25753254818027926	0.05224372378143016	0.9995919037610292	9.298981614410877	200.56039237976074	0.568146925244946	0.011299672260065563	1.0000870423391461	0.004912274805974448	0.1354992276756093	0.9842739412561059
10071	h3	64	0.296875	0.14431002990204433	-0.10338324421172729	1.005082936026156	7.047506213188171	195.49097168445587	-0.717983765876852	0.05208994630811503	0.9987818375229836	0.0036727316801261622	0.1328059631632641	0.9733466599136591
10071	h4	64	0.296875	0.1383969905846243	-0.006378336518537253	1.0010842811316252	4.997421622276306	202.14887404441833	-0.03005811502225697	0.10781261368538253	0.9978646766394377	0.0026081367141159717	0.12873416033107787	0.9579787775874138
33570	all	256	0.4765625	0.32364813282811156	-0.05542287042590033	1.0023612007498741	6.697935390286148	242.19440031051636	-0.327475444857555	0.08600400381692452	0.9989557571243495	0.0027266987663097098	0.13616138556972146	0.9665314485318959
33570	correct	122	1.0	0.5983249146308078	-0.045920709850358184	1.0027956293254603	7.7669591297868825	246.52360397088722	-0.4346829319952941	0.05682212868552716	0.9994233470471179	0.003198477074114575	0.14121912902251618	0.9716487673462414
33570	incorrect	134	0.0	0.07356927178386571	-0.06407409124840885	1.001965676225833	5.724645119994434	238.2528865301787	-0.22986862820976262	0.11257257669774899	0.9985300409260081	0.002297169262188862	0.13155657436643073	0.9618723970740589
33570	shallow_h1_h4_correct	122	1.0	0.5983249146308078	-0.045920709850358184	1.0027956293254603	7.7669591297868825	246.52360397088722	-0.4346829319952941	0.05682212868552716	0.9994233470471179	0.003198477074114575	0.14121912902251618	0.9716487673462414
33570	shallow_h1_h4_incorrect	134	0.0	0.07356927178386571	-0.06407409124840885	1.001965676225833	5.724645119994434	238.2528865301787	-0.22986862820976262	0.11257257669774899	0.9985300409260081	0.002297169262188862	0.13155657436643073	0.9618723970740589
33570	h1	64	0.671875	0.5719459571737389	-0.0682272189296782	1.004814668558538	11.504858672618866	246.20652174949646	-0.7845166875049472	0.03578926593763754	0.9994383035227656	0.0047096708076423965	0.13903057121206075	0.9899284141138196
33570	h2	64	0.5	0.3388141653194907	-0.03597912133409409	1.002449574880302	7.8763686418533325	247.1330120563507	-0.17865074056317098	0.030601557868067175	0.99943174328655	0.0031370772849186324	0.13841195940040052	0.9791087452322245
33570	h3	64	0.421875	0.2148138734883105	-0.02495700345025398	1.000974239781499	4.819820042699575	236.39277529716492	-0.11322865926194936	0.11242687396588735	0.9984012264758348	0.001931009963300312	0.13545659952796996	0.9613820305094123
33570	h4	64	0.3125	0.16901853533090616	-0.09252813798957504	1.0012063197791576	2.5906942039728165	239.04529213905334	-0.23350569210015237	0.16519831749610603	0.9985517552122474	0.0011290370093774982	0.13174641213845462	0.9357066042721272
