section	metric	value	unit	scope
completeness	selected_epoch_count	10	count	E1--E10
completeness	horizon_count	16	count	H1--H16
curvature	local_second_difference_count	128	count	all horizons
curvature	positive_local_second_difference_count	77	count	all horizons
curvature	positive_local_second_difference_fraction	0.6015625	fraction	all horizons
curvature	positive_mean_second_difference_horizon_count	16	count	H1--H16
curvature	positive_median_second_difference_horizon_count	14	count	H1--H16
curvature	positive_velocity_ols_slope_horizon_count	16	count	H1--H16
curvature	positive_velocity_theil_sen_slope_horizon_count	16	count	H1--H16
block	epoch1_nll	2.9544167063580575	nll_per_token	H1--H16 mean
block	epoch10_nll	2.835063272527572	nll_per_token	H1--H16 mean
block	net_nll_change	-0.11935343383048558	nll_per_token	E1 to E10
block	positive_second_difference_count	6	count	8 centers
block	mean_second_difference	0.0049281947159866002	nll_per_token_per_epoch_squared	8 centers
block	median_second_difference	0.0045848571638493762	nll_per_token_per_epoch_squared	8 centers
block	velocity_ols_slope	0.0038675566439187793	nll_per_token_per_epoch_squared	9 intervals
timing	horizon_vs_positive_improvement_centroid_pearson	-0.048604789162733517	correlation	16 horizons
timing	horizon_vs_positive_improvement_centroid_spearman	0.12647058823529411	correlation	16 horizons
timing	horizon_vs_peak_interval_midpoint_pearson	-0.16977493752543307	correlation	16 horizons
timing	horizon_vs_peak_interval_midpoint_spearman	-0.23983537771430083	correlation	16 horizons
timing	horizon_vs_late_early_retention_pearson	0.30324817548098665	correlation	16 horizons
timing	horizon_vs_late_early_retention_spearman	0.45588235294117646	correlation	16 horizons
cascade	h2_to_h16_same_interval_pearson	0.44899694043794791	correlation	n=9
cascade	h2_to_h16_source_lead1_pearson	0.27093320585538888	correlation	n=8
cascade	h2_to_h16_target_lead1_pearson	0.60392330260798377	correlation	n=8
cascade	h2_to_h16_same_interval_drop_first_pearson	-0.029686267617785558	correlation	n=8
cascade	h1_to_h16_source_lead1_pearson	-0.021071360371392914	correlation	n=8
cascade	h1_to_mean_h13_h16_source_lead1_pearson	0.0055104581850135411	correlation	n=8
cascade	h2_to_h16_source_lead1_lr_normalized_pearson	0.35365391626956749	correlation	n=8
cascade_acceleration	h1_improvement_to_h16_improvement_change_pearson	-0.47186515526118633	correlation	n=8
cascade_acceleration	h1_improvement_to_h16_improvement_change_drop_first_pearson	0.22442101979969997	correlation	n=7
cascade_acceleration	h1_improvement_to_mean_h13_h16_improvement_change_pearson	-0.70576107443345004	correlation	n=8
cascade_acceleration	h1_improvement_to_mean_h13_h16_improvement_change_drop_first_pearson	0.42157500518349961	correlation	n=7
relative	horizon_vs_raw_late_early_retention_spearman	0.45588235294117646	correlation	16 horizons
relative	h2_raw_late_to_early_improvement_ratio	0.092428775747031941	ratio	raw improvement
relative	h16_raw_late_to_early_improvement_ratio	0.19215465920191405	ratio	raw improvement
relative	h2_lr_normalized_early_mean	0.10480113001302442	peak_lr_equivalent_nll_improvement	first two intervals
relative	h2_lr_normalized_late_mean	0.060226560024227438	peak_lr_equivalent_nll_improvement	last two intervals
relative	h16_lr_normalized_early_mean	0.0051112054837629444	peak_lr_equivalent_nll_improvement	first two intervals
relative	h16_lr_normalized_late_mean	0.0071900193672252404	peak_lr_equivalent_nll_improvement	last two intervals
relative	h16_positive_signed_late_minus_early_envelope_count	6	count	6 envelopes
relative	h16_positive_signed_ols_slope_envelope_count	6	count	6 envelopes
relative	h16_positive_signed_theil_sen_slope_envelope_count	3	count	6 envelopes
relative	h16_block_relative_early_mean	0.11526029581429656	ratio	first two intervals
relative	h16_block_relative_late_mean	0.32421970133918221	ratio	last two intervals
relative	h16_shallow_mean_relative_early_mean	0.050781779691879754	ratio	first two intervals
relative	h16_shallow_mean_relative_late_mean	0.23607501792086055	ratio	last two intervals
share	shallow_h1_h4_early_positive_share	0.63725941662458951	fraction	first two intervals
share	shallow_h1_h4_late_positive_share	0.38646190464868702	fraction	last two intervals
share	deep_h5_h16_early_positive_share	0.36274058337541049	fraction	first two intervals
share	deep_h5_h16_late_positive_share	0.6135380953513131	fraction	last two intervals
share	deep_h9_h16_early_positive_share	0.14265746957750608	fraction	first two intervals
share	deep_h9_h16_late_positive_share	0.31971260371767884	fraction	last two intervals
share	deep_h13_h16_early_positive_share	0.050598308534988201	fraction	first two intervals
share	deep_h13_h16_late_positive_share	0.093460641059332883	fraction	last two intervals
residual_lead	h2_to_h16_positive_partial_envelope_count	6	count	6 envelopes; n=8
residual_lead	h2_to_h16_partial_pearson_minimum	0.28245951567536093	correlation	6 envelopes; n=8
residual_lead	h2_to_h16_partial_pearson_maximum	0.67870200534358394	correlation	6 envelopes; n=8
residual_lead	h2_to_h16_drop_first_positive_partial_envelope_count	6	count	6 envelopes; n=7
residual_lead	h2_to_h16_drop_first_partial_pearson_minimum	0.28672049866340421	correlation	6 envelopes; n=7
residual_lead	h2_to_h16_drop_first_partial_pearson_maximum	0.60574164958366961	correlation	6 envelopes; n=7
denominator	block_maximum_to_minimum	19.376966548702743	ratio	9 intervals
denominator	shallow_mean_maximum_to_minimum	41.399878647053292	ratio	9 intervals
denominator	shallow_median_maximum_to_minimum	57.844405551579115	ratio	9 intervals
denominator	all_median_maximum_to_minimum	14.824826353734668	ratio	9 intervals
