pair_index	source_series	source_min_horizon	source_max_horizon	target_series	target_min_horizon	target_max_horizon	transform	drop_first_transition	sample_count	pearson_r	spearman_rho
1	H1	1	1	H2	2	2	raw_improvement	false	8	-0.0015572235324044293	-0.19047619047619047
1	H1	1	1	H2	2	2	raw_improvement	true	7	-0.48957811790335642	-0.42857142857142855
1	H1	1	1	H2	2	2	peak_lr_equivalent_improvement	false	8	0.65069367437168912	0.59523809523809523
1	H1	1	1	H2	2	2	peak_lr_equivalent_improvement	true	7	0.66412168997140164	0.6428571428571429
2	H1	1	1	H3	3	3	raw_improvement	false	8	-0.38040033661506423	-0.19047619047619047
2	H1	1	1	H3	3	3	raw_improvement	true	7	-0.0089937857949699291	0
2	H1	1	1	H3	3	3	peak_lr_equivalent_improvement	false	8	0.10254145134846394	0.35714285714285715
2	H1	1	1	H3	3	3	peak_lr_equivalent_improvement	true	7	0.21458748600045391	0.5
3	H1	1	1	H4	4	4	raw_improvement	false	8	0.058324473509385258	0.095238095238095233
3	H1	1	1	H4	4	4	raw_improvement	true	7	-0.43855386841688043	-0.17857142857142858
3	H1	1	1	H4	4	4	peak_lr_equivalent_improvement	false	8	0.27860387713112406	0.35714285714285715
3	H1	1	1	H4	4	4	peak_lr_equivalent_improvement	true	7	0.20907972080526688	0.21428571428571427
4	H1	1	1	H5	5	5	raw_improvement	false	8	-0.16123713761233477	-0.14285714285714285
4	H1	1	1	H5	5	5	raw_improvement	true	7	-0.68606860200307307	-0.39285714285714285
4	H1	1	1	H5	5	5	peak_lr_equivalent_improvement	false	8	-0.10721458772099474	-0.30952380952380953
4	H1	1	1	H5	5	5	peak_lr_equivalent_improvement	true	7	-0.20275718078767679	-0.42857142857142855
5	H1	1	1	H6	6	6	raw_improvement	false	8	-0.61519765625429124	-0.30952380952380953
5	H1	1	1	H6	6	6	raw_improvement	true	7	0.076755646558861246	0.035714285714285712
5	H1	1	1	H6	6	6	peak_lr_equivalent_improvement	false	8	-0.48967559044358272	-0.35714285714285715
5	H1	1	1	H6	6	6	peak_lr_equivalent_improvement	true	7	-0.37024148353284209	-0.035714285714285712
6	H1	1	1	H7	7	7	raw_improvement	false	8	-0.42843623021829008	-0.5
6	H1	1	1	H7	7	7	raw_improvement	true	7	-0.48013518044822306	-0.5357142857142857
6	H1	1	1	H7	7	7	peak_lr_equivalent_improvement	false	8	-0.64819934868920959	-0.52380952380952384
6	H1	1	1	H7	7	7	peak_lr_equivalent_improvement	true	7	-0.65602224690181243	-0.5357142857142857
7	H1	1	1	H8	8	8	raw_improvement	false	8	-0.66183070814075329	-0.47619047619047616
7	H1	1	1	H8	8	8	raw_improvement	true	7	-0.25630773684498864	-0.21428571428571427
7	H1	1	1	H8	8	8	peak_lr_equivalent_improvement	false	8	-0.37647845760229021	-0.38095238095238093
7	H1	1	1	H8	8	8	peak_lr_equivalent_improvement	true	7	-0.26221454757263013	-0.21428571428571427
8	H1	1	1	H9	9	9	raw_improvement	false	8	0.017242322668945584	0.095238095238095233
8	H1	1	1	H9	9	9	raw_improvement	true	7	-0.005090440864129386	0.10714285714285714
8	H1	1	1	H9	9	9	peak_lr_equivalent_improvement	false	8	0.62135425957782031	0.5714285714285714
8	H1	1	1	H9	9	9	peak_lr_equivalent_improvement	true	7	0.71281930806546412	0.6428571428571429
9	H1	1	1	H10	10	10	raw_improvement	false	8	-0.51142884550638912	-0.19047619047619047
9	H1	1	1	H10	10	10	raw_improvement	true	7	-0.0078538849184880011	0.21428571428571427
9	H1	1	1	H10	10	10	peak_lr_equivalent_improvement	false	8	0.56208635277623364	0.45238095238095238
9	H1	1	1	H10	10	10	peak_lr_equivalent_improvement	true	7	0.72824565845949307	0.6071428571428571
10	H1	1	1	H11	11	11	raw_improvement	false	8	-0.74542398126041753	-0.23809523809523808
10	H1	1	1	H11	11	11	raw_improvement	true	7	0.25614780794517206	0.14285714285714285
10	H1	1	1	H11	11	11	peak_lr_equivalent_improvement	false	8	-0.74845824352202972	-0.5
10	H1	1	1	H11	11	11	peak_lr_equivalent_improvement	true	7	-0.66679748606077827	-0.2857142857142857
11	H1	1	1	H12	12	12	raw_improvement	false	8	-0.38329843481507025	-0.40476190476190477
11	H1	1	1	H12	12	12	raw_improvement	true	7	-0.52268271122346266	-0.35714285714285715
11	H1	1	1	H12	12	12	peak_lr_equivalent_improvement	false	8	-0.59727019657299318	-0.45238095238095238
11	H1	1	1	H12	12	12	peak_lr_equivalent_improvement	true	7	-0.61286717371247823	-0.4642857142857143
12	H1	1	1	H13	13	13	raw_improvement	false	8	-0.51025541461269175	0.023809523809523808
12	H1	1	1	H13	13	13	raw_improvement	true	7	0.63897210810737204	0.5357142857142857
12	H1	1	1	H13	13	13	peak_lr_equivalent_improvement	false	8	0.20048889389729677	0.23809523809523808
12	H1	1	1	H13	13	13	peak_lr_equivalent_improvement	true	7	0.66947081403990938	0.6428571428571429
13	H1	1	1	H14	14	14	raw_improvement	false	8	-0.82404529093792112	-0.61904761904761907
13	H1	1	1	H14	14	14	raw_improvement	true	7	-0.11003477235744845	-0.42857142857142855
13	H1	1	1	H14	14	14	peak_lr_equivalent_improvement	false	8	-0.38401544185373498	-0.5
13	H1	1	1	H14	14	14	peak_lr_equivalent_improvement	true	7	-0.12029711271148018	-0.32142857142857145
14	H1	1	1	H15	15	15	raw_improvement	false	8	-0.55386049659287961	-0.38095238095238093
14	H1	1	1	H15	15	15	raw_improvement	true	7	-0.01071407824253349	-0.071428571428571425
14	H1	1	1	H15	15	15	peak_lr_equivalent_improvement	false	8	-0.49892326338140369	-0.45238095238095238
14	H1	1	1	H15	15	15	peak_lr_equivalent_improvement	true	7	-0.43162301747444248	-0.32142857142857145
15	H1	1	1	H16	16	16	raw_improvement	false	8	-0.47186515526118633	-0.19047619047619047
15	H1	1	1	H16	16	16	raw_improvement	true	7	0.22442101979969997	0.21428571428571427
15	H1	1	1	H16	16	16	peak_lr_equivalent_improvement	false	8	-0.025308249571756862	-0.047619047619047616
15	H1	1	1	H16	16	16	peak_lr_equivalent_improvement	true	7	0.16049025215008322	0.17857142857142858
16	H2	2	2	H16	16	16	raw_improvement	false	8	-0.16981446382152424	0.023809523809523808
16	H2	2	2	H16	16	16	raw_improvement	true	7	0.34126329777947428	0.5357142857142857
16	H2	2	2	H16	16	16	peak_lr_equivalent_improvement	false	8	0.25341083321160268	0.30952380952380953
16	H2	2	2	H16	16	16	peak_lr_equivalent_improvement	true	7	0.41356712213133634	0.4642857142857143
17	H1	1	1	mean_H2_H16	2	16	raw_improvement	false	8	-0.81611557072259366	-0.73809523809523814
17	H1	1	1	mean_H2_H16	2	16	raw_improvement	true	7	-0.53976638427679013	-0.6071428571428571
17	H1	1	1	mean_H2_H16	2	16	peak_lr_equivalent_improvement	false	8	0.030568268382455823	-0.047619047619047616
17	H1	1	1	mean_H2_H16	2	16	peak_lr_equivalent_improvement	true	7	0.26833063074967234	0.2857142857142857
18	H1	1	1	mean_H5_H16	5	16	raw_improvement	false	8	-0.79131926289570775	-0.5714285714285714
18	H1	1	1	mean_H5_H16	5	16	raw_improvement	true	7	-0.2841658351087365	-0.35714285714285715
18	H1	1	1	mean_H5_H16	5	16	peak_lr_equivalent_improvement	false	8	-0.33821788895248078	-0.30952380952380953
18	H1	1	1	mean_H5_H16	5	16	peak_lr_equivalent_improvement	true	7	-0.10851390176960313	-0.071428571428571425
19	H1	1	1	mean_H9_H16	9	16	raw_improvement	false	8	-0.71334288782720534	-0.30952380952380953
19	H1	1	1	mean_H9_H16	9	16	raw_improvement	true	7	0.11355114058812958	0.035714285714285712
19	H1	1	1	mean_H9_H16	9	16	peak_lr_equivalent_improvement	false	8	0.12039916426268421	0.21428571428571427
19	H1	1	1	mean_H9_H16	9	16	peak_lr_equivalent_improvement	true	7	0.54676520561777819	0.5714285714285714
20	H1	1	1	mean_H13_H16	13	16	raw_improvement	false	8	-0.70576107443345004	-0.11904761904761904
20	H1	1	1	mean_H13_H16	13	16	raw_improvement	true	7	0.42157500518349961	0.32142857142857145
20	H1	1	1	mean_H13_H16	13	16	peak_lr_equivalent_improvement	false	8	-0.33415994271564647	-0.023809523809523808
20	H1	1	1	mean_H13_H16	13	16	peak_lr_equivalent_improvement	true	7	0.050743800700548215	0.32142857142857145
