pair_index	source_series	source_min_horizon	source_max_horizon	target_series	target_min_horizon	target_max_horizon	transform	drop_first_interval	lag_intervals	lag_direction	sample_count	pearson_r	spearman_rho
1	H1	1	1	H2	2	2	raw_improvement	false	-1	target_leads_source	8	0.55799036660004186	0.40476190476190477
1	H1	1	1	H2	2	2	raw_improvement	false	0	contemporaneous	9	0.81743334991602989	0.73333333333333328
1	H1	1	1	H2	2	2	raw_improvement	false	1	source_leads_target	8	0.93382801973858764	0.69047619047619047
1	H1	1	1	H2	2	2	raw_improvement	true	-1	target_leads_source	7	0.2318283626977688	0.10714285714285714
1	H1	1	1	H2	2	2	raw_improvement	true	0	contemporaneous	8	0.75214180751499482	0.61904761904761907
1	H1	1	1	H2	2	2	raw_improvement	true	1	source_leads_target	7	0.73152095578151255	0.5357142857142857
1	H1	1	1	H2	2	2	linear_detrended_improvement	false	-1	target_leads_source	8	-0.15636299734595152	-0.16666666666666666
1	H1	1	1	H2	2	2	linear_detrended_improvement	false	0	contemporaneous	9	0.52277448011498362	0.43333333333333335
1	H1	1	1	H2	2	2	linear_detrended_improvement	false	1	source_leads_target	8	0.82479186056872811	0.90476190476190477
1	H1	1	1	H2	2	2	linear_detrended_improvement	true	-1	target_leads_source	7	-0.13474731450832955	-0.21428571428571427
1	H1	1	1	H2	2	2	linear_detrended_improvement	true	0	contemporaneous	8	0.48306182268505621	0.40476190476190477
1	H1	1	1	H2	2	2	linear_detrended_improvement	true	1	source_leads_target	7	0.73222933571571425	0.8571428571428571
1	H1	1	1	H2	2	2	peak_lr_equivalent_improvement	false	-1	target_leads_source	8	-0.42311201965155032	-0.40476190476190477
1	H1	1	1	H2	2	2	peak_lr_equivalent_improvement	false	0	contemporaneous	9	0.093707257440271086	0.050000000000000003
1	H1	1	1	H2	2	2	peak_lr_equivalent_improvement	false	1	source_leads_target	8	0.91779111155829796	0.88095238095238093
1	H1	1	1	H2	2	2	peak_lr_equivalent_improvement	true	-1	target_leads_source	7	-0.48900719485908856	-0.5357142857142857
1	H1	1	1	H2	2	2	peak_lr_equivalent_improvement	true	0	contemporaneous	8	-0.098371145779457228	-0.071428571428571425
1	H1	1	1	H2	2	2	peak_lr_equivalent_improvement	true	1	source_leads_target	7	0.89063335358198237	0.8571428571428571
2	H1	1	1	H3	3	3	raw_improvement	false	-1	target_leads_source	8	0.61113026783744073	0.26190476190476192
2	H1	1	1	H3	3	3	raw_improvement	false	0	contemporaneous	9	0.84645409103081659	0.73333333333333328
2	H1	1	1	H3	3	3	raw_improvement	false	1	source_leads_target	8	0.78127758486464172	0.69047619047619047
2	H1	1	1	H3	3	3	raw_improvement	true	-1	target_leads_source	7	0.14005245448107198	-0.10714285714285714
2	H1	1	1	H3	3	3	raw_improvement	true	0	contemporaneous	8	0.52809813466362698	0.61904761904761907
2	H1	1	1	H3	3	3	raw_improvement	true	1	source_leads_target	7	0.52218370037105388	0.5357142857142857
2	H1	1	1	H3	3	3	linear_detrended_improvement	false	-1	target_leads_source	8	0.086039131425086193	0.071428571428571425
2	H1	1	1	H3	3	3	linear_detrended_improvement	false	0	contemporaneous	9	0.62323378967495358	0.56666666666666665
2	H1	1	1	H3	3	3	linear_detrended_improvement	false	1	source_leads_target	8	0.37675712836108394	0.33333333333333331
2	H1	1	1	H3	3	3	linear_detrended_improvement	true	-1	target_leads_source	7	0.18055824354824365	0.14285714285714285
2	H1	1	1	H3	3	3	linear_detrended_improvement	true	0	contemporaneous	8	0.35752457043000169	0.38095238095238093
2	H1	1	1	H3	3	3	linear_detrended_improvement	true	1	source_leads_target	7	0.52000851890116551	0.42857142857142855
2	H1	1	1	H3	3	3	peak_lr_equivalent_improvement	false	-1	target_leads_source	8	-0.60190839565426391	-0.52380952380952384
2	H1	1	1	H3	3	3	peak_lr_equivalent_improvement	false	0	contemporaneous	9	0.41896259897000587	0.26666666666666666
2	H1	1	1	H3	3	3	peak_lr_equivalent_improvement	false	1	source_leads_target	8	0.5844091403983398	0.6428571428571429
2	H1	1	1	H3	3	3	peak_lr_equivalent_improvement	true	-1	target_leads_source	7	-0.69172724913930028	-0.6428571428571429
2	H1	1	1	H3	3	3	peak_lr_equivalent_improvement	true	0	contemporaneous	8	0.28149995730028116	-0.047619047619047616
2	H1	1	1	H3	3	3	peak_lr_equivalent_improvement	true	1	source_leads_target	7	0.60761571374654499	0.7142857142857143
3	H1	1	1	H4	4	4	raw_improvement	false	-1	target_leads_source	8	0.66121776674493604	0.6428571428571429
3	H1	1	1	H4	4	4	raw_improvement	false	0	contemporaneous	9	0.78761775623515295	0.76666666666666672
3	H1	1	1	H4	4	4	raw_improvement	false	1	source_leads_target	8	0.92325962932404437	0.69047619047619047
3	H1	1	1	H4	4	4	raw_improvement	true	-1	target_leads_source	7	0.4581678388819484	0.5357142857142857
3	H1	1	1	H4	4	4	raw_improvement	true	0	contemporaneous	8	0.75760990918866478	0.69047619047619047
3	H1	1	1	H4	4	4	raw_improvement	true	1	source_leads_target	7	0.60894724147507906	0.5357142857142857
3	H1	1	1	H4	4	4	linear_detrended_improvement	false	-1	target_leads_source	8	0.17237387317095432	0.14285714285714285
3	H1	1	1	H4	4	4	linear_detrended_improvement	false	0	contemporaneous	9	0.4814870958720962	0.51666666666666672
3	H1	1	1	H4	4	4	linear_detrended_improvement	false	1	source_leads_target	8	0.80325662572998657	0.6428571428571429
3	H1	1	1	H4	4	4	linear_detrended_improvement	true	-1	target_leads_source	7	0.19923295390927268	0.21428571428571427
3	H1	1	1	H4	4	4	linear_detrended_improvement	true	0	contemporaneous	8	0.48983553982278349	0.5
3	H1	1	1	H4	4	4	linear_detrended_improvement	true	1	source_leads_target	7	0.6615546917207612	0.4642857142857143
3	H1	1	1	H4	4	4	peak_lr_equivalent_improvement	false	-1	target_leads_source	8	0.33166588166178218	0.26190476190476192
3	H1	1	1	H4	4	4	peak_lr_equivalent_improvement	false	0	contemporaneous	9	0.29735232589909777	0.38333333333333336
3	H1	1	1	H4	4	4	peak_lr_equivalent_improvement	false	1	source_leads_target	8	0.67548151019841063	0.69047619047619047
3	H1	1	1	H4	4	4	peak_lr_equivalent_improvement	true	-1	target_leads_source	7	0.31994183922763986	0.21428571428571427
3	H1	1	1	H4	4	4	peak_lr_equivalent_improvement	true	0	contemporaneous	8	0.18998330943990174	0.2857142857142857
3	H1	1	1	H4	4	4	peak_lr_equivalent_improvement	true	1	source_leads_target	7	0.56561548423376407	0.7142857142857143
4	H1	1	1	H5	5	5	raw_improvement	false	-1	target_leads_source	8	0.75334493475061592	0.7857142857142857
4	H1	1	1	H5	5	5	raw_improvement	false	0	contemporaneous	9	0.8179316511463145	0.6166666666666667
4	H1	1	1	H5	5	5	raw_improvement	false	1	source_leads_target	8	0.80340234088149187	0.19047619047619047
4	H1	1	1	H5	5	5	raw_improvement	true	-1	target_leads_source	7	0.56999417769458649	0.75
4	H1	1	1	H5	5	5	raw_improvement	true	0	contemporaneous	8	0.7261814064769172	0.47619047619047616
4	H1	1	1	H5	5	5	raw_improvement	true	1	source_leads_target	7	-0.24250586652846884	-0.21428571428571427
4	H1	1	1	H5	5	5	linear_detrended_improvement	false	-1	target_leads_source	8	0.30785918470925755	0.095238095238095233
4	H1	1	1	H5	5	5	linear_detrended_improvement	false	0	contemporaneous	9	0.58163901350532166	0.59999999999999998
4	H1	1	1	H5	5	5	linear_detrended_improvement	false	1	source_leads_target	8	0.57992280053770939	0.7142857142857143
4	H1	1	1	H5	5	5	linear_detrended_improvement	true	-1	target_leads_source	7	0.36585259439999379	0.21428571428571427
4	H1	1	1	H5	5	5	linear_detrended_improvement	true	0	contemporaneous	8	0.52777450089486733	0.54761904761904767
4	H1	1	1	H5	5	5	linear_detrended_improvement	true	1	source_leads_target	7	0.24606690508087398	0.5714285714285714
4	H1	1	1	H5	5	5	peak_lr_equivalent_improvement	false	-1	target_leads_source	8	0.19548139163353476	-0.047619047619047616
4	H1	1	1	H5	5	5	peak_lr_equivalent_improvement	false	0	contemporaneous	9	0.40338508294159736	0.58333333333333337
4	H1	1	1	H5	5	5	peak_lr_equivalent_improvement	false	1	source_leads_target	8	0.28280719033680707	0.61904761904761907
4	H1	1	1	H5	5	5	peak_lr_equivalent_improvement	true	-1	target_leads_source	7	0.17509474415895496	-0.14285714285714285
4	H1	1	1	H5	5	5	peak_lr_equivalent_improvement	true	0	contemporaneous	8	0.29112757016321328	0.5
4	H1	1	1	H5	5	5	peak_lr_equivalent_improvement	true	1	source_leads_target	7	0.016912247082386502	0.5
5	H1	1	1	H6	6	6	raw_improvement	false	-1	target_leads_source	8	0.40073509746631153	0.16666666666666666
5	H1	1	1	H6	6	6	raw_improvement	false	0	contemporaneous	9	0.85886400954957665	0.80000000000000004
5	H1	1	1	H6	6	6	raw_improvement	false	1	source_leads_target	8	0.051621678801990672	0.14285714285714285
5	H1	1	1	H6	6	6	raw_improvement	true	-1	target_leads_source	7	-0.49858271594612147	-0.25
5	H1	1	1	H6	6	6	raw_improvement	true	0	contemporaneous	8	0.41687907504334032	0.7142857142857143
5	H1	1	1	H6	6	6	raw_improvement	true	1	source_leads_target	7	0.48080391208767864	0.10714285714285714
5	H1	1	1	H6	6	6	linear_detrended_improvement	false	-1	target_leads_source	8	-0.0084041186458655263	0.023809523809523808
5	H1	1	1	H6	6	6	linear_detrended_improvement	false	0	contemporaneous	9	0.77147928517989206	0.58333333333333337
5	H1	1	1	H6	6	6	linear_detrended_improvement	false	1	source_leads_target	8	-0.28667374854072986	-0.047619047619047616
5	H1	1	1	H6	6	6	linear_detrended_improvement	true	-1	target_leads_source	7	0.073264362564406368	0
5	H1	1	1	H6	6	6	linear_detrended_improvement	true	0	contemporaneous	8	0.57087040480291096	0.40476190476190477
5	H1	1	1	H6	6	6	linear_detrended_improvement	true	1	source_leads_target	7	0.39317458359845575	0.42857142857142855
5	H1	1	1	H6	6	6	peak_lr_equivalent_improvement	false	-1	target_leads_source	8	-0.54293356329613851	-0.19047619047619047
5	H1	1	1	H6	6	6	peak_lr_equivalent_improvement	false	0	contemporaneous	9	0.78431553309673996	0.58333333333333337
5	H1	1	1	H6	6	6	peak_lr_equivalent_improvement	false	1	source_leads_target	8	-0.046576770226328855	-0.11904761904761904
5	H1	1	1	H6	6	6	peak_lr_equivalent_improvement	true	-1	target_leads_source	7	-0.64216902990380287	-0.35714285714285715
5	H1	1	1	H6	6	6	peak_lr_equivalent_improvement	true	0	contemporaneous	8	0.72968609162428844	0.40476190476190477
5	H1	1	1	H6	6	6	peak_lr_equivalent_improvement	true	1	source_leads_target	7	0.10434884265556781	0.10714285714285714
6	H1	1	1	H7	7	7	raw_improvement	false	-1	target_leads_source	8	0.50022212520168352	0.45238095238095238
6	H1	1	1	H7	7	7	raw_improvement	false	0	contemporaneous	9	0.84631288041272379	0.73333333333333328
6	H1	1	1	H7	7	7	raw_improvement	false	1	source_leads_target	8	0.58561415152520158	0.26190476190476192
6	H1	1	1	H7	7	7	raw_improvement	true	-1	target_leads_source	7	0.063721865003560793	0.17857142857142858
6	H1	1	1	H7	7	7	raw_improvement	true	0	contemporaneous	8	0.71369976662067736	0.61904761904761907
6	H1	1	1	H7	7	7	raw_improvement	true	1	source_leads_target	7	0.15048249635920094	-0.10714285714285714
6	H1	1	1	H7	7	7	linear_detrended_improvement	false	-1	target_leads_source	8	-0.29657858826959604	-0.11904761904761904
6	H1	1	1	H7	7	7	linear_detrended_improvement	false	0	contemporaneous	9	0.65219961519644498	0.55000000000000004
6	H1	1	1	H7	7	7	linear_detrended_improvement	false	1	source_leads_target	8	0.18482327593221834	0.047619047619047616
6	H1	1	1	H7	7	7	linear_detrended_improvement	true	-1	target_leads_source	7	-0.29345178315540832	-0.17857142857142858
6	H1	1	1	H7	7	7	linear_detrended_improvement	true	0	contemporaneous	8	0.56178576454552376	0.40476190476190477
6	H1	1	1	H7	7	7	linear_detrended_improvement	true	1	source_leads_target	7	0.15504132915597535	0.14285714285714285
6	H1	1	1	H7	7	7	peak_lr_equivalent_improvement	false	-1	target_leads_source	8	-0.57804512634068772	-0.30952380952380953
6	H1	1	1	H7	7	7	peak_lr_equivalent_improvement	false	0	contemporaneous	9	0.21854691148059255	0.5
6	H1	1	1	H7	7	7	peak_lr_equivalent_improvement	false	1	source_leads_target	8	-0.54169903519435336	-0.2857142857142857
6	H1	1	1	H7	7	7	peak_lr_equivalent_improvement	true	-1	target_leads_source	7	-0.62925956139438766	-0.5
6	H1	1	1	H7	7	7	peak_lr_equivalent_improvement	true	0	contemporaneous	8	0.24747622907172484	0.38095238095238093
6	H1	1	1	H7	7	7	peak_lr_equivalent_improvement	true	1	source_leads_target	7	-0.56972094159011011	-0.25
7	H1	1	1	H8	8	8	raw_improvement	false	-1	target_leads_source	8	0.64962908090643912	0.40476190476190477
7	H1	1	1	H8	8	8	raw_improvement	false	0	contemporaneous	9	0.86260038008708007	0.6166666666666667
7	H1	1	1	H8	8	8	raw_improvement	false	1	source_leads_target	8	0.43556359682678664	0.35714285714285715
7	H1	1	1	H8	8	8	raw_improvement	true	-1	target_leads_source	7	0.13691033797492538	0.10714285714285714
7	H1	1	1	H8	8	8	raw_improvement	true	0	contemporaneous	8	0.38152258868867939	0.45238095238095238
7	H1	1	1	H8	8	8	raw_improvement	true	1	source_leads_target	7	-0.085328717258691678	0.035714285714285712
7	H1	1	1	H8	8	8	linear_detrended_improvement	false	-1	target_leads_source	8	0.16063342600731598	0.26190476190476192
7	H1	1	1	H8	8	8	linear_detrended_improvement	false	0	contemporaneous	9	0.714795733314466	0.69999999999999996
7	H1	1	1	H8	8	8	linear_detrended_improvement	false	1	source_leads_target	8	-0.047436014130439234	0.095238095238095233
7	H1	1	1	H8	8	8	linear_detrended_improvement	true	-1	target_leads_source	7	0.33849897297424336	0.32142857142857145
7	H1	1	1	H8	8	8	linear_detrended_improvement	true	0	contemporaneous	8	0.43542762567333987	0.5714285714285714
7	H1	1	1	H8	8	8	linear_detrended_improvement	true	1	source_leads_target	7	0.13207400696520769	0.32142857142857145
7	H1	1	1	H8	8	8	peak_lr_equivalent_improvement	false	-1	target_leads_source	8	-0.53869063082964974	-0.26190476190476192
7	H1	1	1	H8	8	8	peak_lr_equivalent_improvement	false	0	contemporaneous	9	0.46649619549260835	0.48333333333333334
7	H1	1	1	H8	8	8	peak_lr_equivalent_improvement	false	1	source_leads_target	8	-0.15277704497960518	-0.33333333333333331
7	H1	1	1	H8	8	8	peak_lr_equivalent_improvement	true	-1	target_leads_source	7	-0.68285511560761647	-0.39285714285714285
7	H1	1	1	H8	8	8	peak_lr_equivalent_improvement	true	0	contemporaneous	8	0.30596266561702096	0.26190476190476192
7	H1	1	1	H8	8	8	peak_lr_equivalent_improvement	true	1	source_leads_target	7	-0.1535881762477829	-0.25
8	H1	1	1	H9	9	9	raw_improvement	false	-1	target_leads_source	8	0.1104988560327924	0.11904761904761904
8	H1	1	1	H9	9	9	raw_improvement	false	0	contemporaneous	9	0.44232767662914307	0.41666666666666669
8	H1	1	1	H9	9	9	raw_improvement	false	1	source_leads_target	8	0.45414348648527714	0.54761904761904767
8	H1	1	1	H9	9	9	raw_improvement	true	-1	target_leads_source	7	-0.15327653767690552	-0.14285714285714285
8	H1	1	1	H9	9	9	raw_improvement	true	0	contemporaneous	8	0.34217779163796386	0.23809523809523808
8	H1	1	1	H9	9	9	raw_improvement	true	1	source_leads_target	7	0.31375989309179464	0.35714285714285715
8	H1	1	1	H9	9	9	linear_detrended_improvement	false	-1	target_leads_source	8	-0.16104911855029713	-0.071428571428571425
8	H1	1	1	H9	9	9	linear_detrended_improvement	false	0	contemporaneous	9	0.21151963027517315	-0.14999999999999999
8	H1	1	1	H9	9	9	linear_detrended_improvement	false	1	source_leads_target	8	0.33949965735455923	0.33333333333333331
8	H1	1	1	H9	9	9	linear_detrended_improvement	true	-1	target_leads_source	7	-0.15218642146637701	-0.071428571428571425
8	H1	1	1	H9	9	9	linear_detrended_improvement	true	0	contemporaneous	8	0.19234310860549131	-0.11904761904761904
8	H1	1	1	H9	9	9	linear_detrended_improvement	true	1	source_leads_target	7	0.35135916918344628	0.42857142857142855
8	H1	1	1	H9	9	9	peak_lr_equivalent_improvement	false	-1	target_leads_source	8	-0.097706783306258843	-0.095238095238095233
8	H1	1	1	H9	9	9	peak_lr_equivalent_improvement	false	0	contemporaneous	9	-0.4928922185695282	-0.48333333333333334
8	H1	1	1	H9	9	9	peak_lr_equivalent_improvement	false	1	source_leads_target	8	0.45249426906007656	0.26190476190476192
8	H1	1	1	H9	9	9	peak_lr_equivalent_improvement	true	-1	target_leads_source	7	-0.095118866119050571	-0.071428571428571425
8	H1	1	1	H9	9	9	peak_lr_equivalent_improvement	true	0	contemporaneous	8	-0.54680048900465783	-0.47619047619047616
8	H1	1	1	H9	9	9	peak_lr_equivalent_improvement	true	1	source_leads_target	7	0.53766495014352267	0.35714285714285715
9	H1	1	1	H10	10	10	raw_improvement	false	-1	target_leads_source	8	0.65980865958665735	0.38095238095238093
9	H1	1	1	H10	10	10	raw_improvement	false	0	contemporaneous	9	0.80182921047499112	0.51666666666666672
9	H1	1	1	H10	10	10	raw_improvement	false	1	source_leads_target	8	0.29610595399381212	0.40476190476190477
9	H1	1	1	H10	10	10	raw_improvement	true	-1	target_leads_source	7	0.19775708871692732	0.071428571428571425
9	H1	1	1	H10	10	10	raw_improvement	true	0	contemporaneous	8	0.24643033692769822	0.30952380952380953
9	H1	1	1	H10	10	10	raw_improvement	true	1	source_leads_target	7	0.072217846536189345	0.32142857142857145
9	H1	1	1	H10	10	10	linear_detrended_improvement	false	-1	target_leads_source	8	0.37524384682986572	0.54761904761904767
9	H1	1	1	H10	10	10	linear_detrended_improvement	false	0	contemporaneous	9	0.65126438602436199	0.66666666666666663
9	H1	1	1	H10	10	10	linear_detrended_improvement	false	1	source_leads_target	8	-0.018421247642740987	0.16666666666666666
9	H1	1	1	H10	10	10	linear_detrended_improvement	true	-1	target_leads_source	7	0.55735069000485393	0.6785714285714286
9	H1	1	1	H10	10	10	linear_detrended_improvement	true	0	contemporaneous	8	0.37086952068746115	0.52380952380952384
9	H1	1	1	H10	10	10	linear_detrended_improvement	true	1	source_leads_target	7	0.23721334410498898	0.39285714285714285
9	H1	1	1	H10	10	10	peak_lr_equivalent_improvement	false	-1	target_leads_source	8	0.12948310975006391	0.19047619047619047
9	H1	1	1	H10	10	10	peak_lr_equivalent_improvement	false	0	contemporaneous	9	-0.23953035698755915	-0.11666666666666667
9	H1	1	1	H10	10	10	peak_lr_equivalent_improvement	false	1	source_leads_target	8	0.64663274581503294	0.61904761904761907
9	H1	1	1	H10	10	10	peak_lr_equivalent_improvement	true	-1	target_leads_source	7	0.10771530001098333	0.10714285714285714
9	H1	1	1	H10	10	10	peak_lr_equivalent_improvement	true	0	contemporaneous	8	-0.46729157142770428	-0.30952380952380953
9	H1	1	1	H10	10	10	peak_lr_equivalent_improvement	true	1	source_leads_target	7	0.73756036314746065	0.6071428571428571
10	H1	1	1	H11	11	11	raw_improvement	false	-1	target_leads_source	8	0.55205268223010329	0.21428571428571427
10	H1	1	1	H11	11	11	raw_improvement	false	0	contemporaneous	9	0.84642601006363871	0.55000000000000004
10	H1	1	1	H11	11	11	raw_improvement	false	1	source_leads_target	8	0.12068261973983777	0.21428571428571427
10	H1	1	1	H11	11	11	raw_improvement	true	-1	target_leads_source	7	-0.32530817465157053	-0.17857142857142858
10	H1	1	1	H11	11	11	raw_improvement	true	0	contemporaneous	8	0.10758719462333168	0.35714285714285715
10	H1	1	1	H11	11	11	raw_improvement	true	1	source_leads_target	7	0.48724120778002589	0.35714285714285715
10	H1	1	1	H11	11	11	linear_detrended_improvement	false	-1	target_leads_source	8	-0.027828342894142887	0.047619047619047616
10	H1	1	1	H11	11	11	linear_detrended_improvement	false	0	contemporaneous	9	0.72552712887304205	0.66666666666666663
10	H1	1	1	H11	11	11	linear_detrended_improvement	false	1	source_leads_target	8	-0.28431927847438021	0.21428571428571427
10	H1	1	1	H11	11	11	linear_detrended_improvement	true	-1	target_leads_source	7	0.094896708747355674	0.071428571428571425
10	H1	1	1	H11	11	11	linear_detrended_improvement	true	0	contemporaneous	8	0.40050007414524935	0.52380952380952384
10	H1	1	1	H11	11	11	linear_detrended_improvement	true	1	source_leads_target	7	0.49879919558636926	0.8214285714285714
10	H1	1	1	H11	11	11	peak_lr_equivalent_improvement	false	-1	target_leads_source	8	-0.31395812065708772	-0.5
10	H1	1	1	H11	11	11	peak_lr_equivalent_improvement	false	0	contemporaneous	9	0.59653232349712304	0.48333333333333334
10	H1	1	1	H11	11	11	peak_lr_equivalent_improvement	false	1	source_leads_target	8	-0.63396359882659137	-0.40476190476190477
10	H1	1	1	H11	11	11	peak_lr_equivalent_improvement	true	-1	target_leads_source	7	-0.56603673463899906	-0.8571428571428571
10	H1	1	1	H11	11	11	peak_lr_equivalent_improvement	true	0	contemporaneous	8	0.43219213294351083	0.30952380952380953
10	H1	1	1	H11	11	11	peak_lr_equivalent_improvement	true	1	source_leads_target	7	-0.66681142482657318	-0.39285714285714285
11	H1	1	1	H12	12	12	raw_improvement	false	-1	target_leads_source	8	0.62367204922943009	0.2857142857142857
11	H1	1	1	H12	12	12	raw_improvement	false	0	contemporaneous	9	0.80051007695913823	0.40000000000000002
11	H1	1	1	H12	12	12	raw_improvement	false	1	source_leads_target	8	0.67993148981757445	0.14285714285714285
11	H1	1	1	H12	12	12	raw_improvement	true	-1	target_leads_source	7	0.23706660155410966	-0.071428571428571425
11	H1	1	1	H12	12	12	raw_improvement	true	0	contemporaneous	8	0.47229986863265816	0.14285714285714285
11	H1	1	1	H12	12	12	raw_improvement	true	1	source_leads_target	7	-0.33842466181008157	-0.2857142857142857
11	H1	1	1	H12	12	12	linear_detrended_improvement	false	-1	target_leads_source	8	-0.013319016026299306	-0.047619047619047616
11	H1	1	1	H12	12	12	linear_detrended_improvement	false	0	contemporaneous	9	0.64400930240725174	0.71666666666666667
11	H1	1	1	H12	12	12	linear_detrended_improvement	false	1	source_leads_target	8	0.52344181358827335	0.66666666666666663
11	H1	1	1	H12	12	12	linear_detrended_improvement	true	-1	target_leads_source	7	0.055474615917708081	0
11	H1	1	1	H12	12	12	linear_detrended_improvement	true	0	contemporaneous	8	0.46939742189226841	0.59523809523809523
11	H1	1	1	H12	12	12	linear_detrended_improvement	true	1	source_leads_target	7	0.3641142290930382	0.6071428571428571
11	H1	1	1	H12	12	12	peak_lr_equivalent_improvement	false	-1	target_leads_source	8	-0.49184758126446149	-0.38095238095238093
11	H1	1	1	H12	12	12	peak_lr_equivalent_improvement	false	0	contemporaneous	9	0.25732720057353997	0.36666666666666664
11	H1	1	1	H12	12	12	peak_lr_equivalent_improvement	false	1	source_leads_target	8	-0.43725267985761307	-0.071428571428571425
11	H1	1	1	H12	12	12	peak_lr_equivalent_improvement	true	-1	target_leads_source	7	-0.6305325891000485	-0.6428571428571429
11	H1	1	1	H12	12	12	peak_lr_equivalent_improvement	true	0	contemporaneous	8	0.2139504653641929	0.21428571428571427
11	H1	1	1	H12	12	12	peak_lr_equivalent_improvement	true	1	source_leads_target	7	-0.55325585352477158	-0.21428571428571427
12	H1	1	1	H13	13	13	raw_improvement	false	-1	target_leads_source	8	0.34182100311077623	0.071428571428571425
12	H1	1	1	H13	13	13	raw_improvement	false	0	contemporaneous	9	0.59920948015238451	0.016666666666666666
12	H1	1	1	H13	13	13	raw_improvement	false	1	source_leads_target	8	-0.20918852829210946	0.023809523809523808
12	H1	1	1	H13	13	13	raw_improvement	true	-1	target_leads_source	7	-0.42037736197925013	-0.39285714285714285
12	H1	1	1	H13	13	13	raw_improvement	true	0	contemporaneous	8	-0.33987466249922782	-0.40476190476190477
12	H1	1	1	H13	13	13	raw_improvement	true	1	source_leads_target	7	0.56795745235516404	0.5357142857142857
12	H1	1	1	H13	13	13	linear_detrended_improvement	false	-1	target_leads_source	8	-0.07455631126697275	-0.21428571428571427
12	H1	1	1	H13	13	13	linear_detrended_improvement	false	0	contemporaneous	9	0.36163059342056869	0.10000000000000001
12	H1	1	1	H13	13	13	linear_detrended_improvement	false	1	source_leads_target	8	-0.52813367834072533	-0.11904761904761904
12	H1	1	1	H13	13	13	linear_detrended_improvement	true	-1	target_leads_source	7	-0.023640734371843355	-0.21428571428571427
12	H1	1	1	H13	13	13	linear_detrended_improvement	true	0	contemporaneous	8	-0.097396676863309634	-0.2857142857142857
12	H1	1	1	H13	13	13	linear_detrended_improvement	true	1	source_leads_target	7	0.23386980630702103	0.32142857142857145
12	H1	1	1	H13	13	13	peak_lr_equivalent_improvement	false	-1	target_leads_source	8	-0.30073769006225126	-0.047619047619047616
12	H1	1	1	H13	13	13	peak_lr_equivalent_improvement	false	0	contemporaneous	9	-0.27506049292527196	-0.43333333333333335
12	H1	1	1	H13	13	13	peak_lr_equivalent_improvement	false	1	source_leads_target	8	0.030536987442980442	0.11904761904761904
12	H1	1	1	H13	13	13	peak_lr_equivalent_improvement	true	-1	target_leads_source	7	-0.39579890918239152	-0.17857142857142858
12	H1	1	1	H13	13	13	peak_lr_equivalent_improvement	true	0	contemporaneous	8	-0.66397111212125459	-0.90476190476190477
12	H1	1	1	H13	13	13	peak_lr_equivalent_improvement	true	1	source_leads_target	7	0.30135291557098004	0.32142857142857145
13	H1	1	1	H14	14	14	raw_improvement	false	-1	target_leads_source	8	0.64344422765892417	0.40476190476190477
13	H1	1	1	H14	14	14	raw_improvement	false	0	contemporaneous	9	0.88985952297925019	0.69999999999999996
13	H1	1	1	H14	14	14	raw_improvement	false	1	source_leads_target	8	0.50088414168787054	0.52380952380952384
13	H1	1	1	H14	14	14	raw_improvement	true	-1	target_leads_source	7	-0.02366702210852778	0.10714285714285714
13	H1	1	1	H14	14	14	raw_improvement	true	0	contemporaneous	8	0.32436586622548447	0.5714285714285714
13	H1	1	1	H14	14	14	raw_improvement	true	1	source_leads_target	7	0.18283677162482401	0.2857142857142857
13	H1	1	1	H14	14	14	linear_detrended_improvement	false	-1	target_leads_source	8	0.089362083498305975	0.14285714285714285
13	H1	1	1	H14	14	14	linear_detrended_improvement	false	0	contemporaneous	9	0.77697903037495741	0.56666666666666665
13	H1	1	1	H14	14	14	linear_detrended_improvement	false	1	source_leads_target	8	-0.086137955901739255	0.16666666666666666
13	H1	1	1	H14	14	14	linear_detrended_improvement	true	-1	target_leads_source	7	0.34538765008594075	0.17857142857142858
13	H1	1	1	H14	14	14	linear_detrended_improvement	true	0	contemporaneous	8	0.49223408556125026	0.38095238095238093
13	H1	1	1	H14	14	14	linear_detrended_improvement	true	1	source_leads_target	7	0.3826154216030086	0.5714285714285714
13	H1	1	1	H14	14	14	peak_lr_equivalent_improvement	false	-1	target_leads_source	8	-0.3376145697306116	0
13	H1	1	1	H14	14	14	peak_lr_equivalent_improvement	false	0	contemporaneous	9	0.29892869424869123	0.36666666666666664
13	H1	1	1	H14	14	14	peak_lr_equivalent_improvement	false	1	source_leads_target	8	-0.25098559051244068	-0.33333333333333331
13	H1	1	1	H14	14	14	peak_lr_equivalent_improvement	true	-1	target_leads_source	7	-0.7171279975254472	-0.21428571428571427
13	H1	1	1	H14	14	14	peak_lr_equivalent_improvement	true	0	contemporaneous	8	-0.12411869436993034	0.16666666666666666
13	H1	1	1	H14	14	14	peak_lr_equivalent_improvement	true	1	source_leads_target	7	-0.30893055564479999	-0.42857142857142855
14	H1	1	1	H15	15	15	raw_improvement	false	-1	target_leads_source	8	0.43878934859907354	0.21428571428571427
14	H1	1	1	H15	15	15	raw_improvement	false	0	contemporaneous	9	0.68485261263216468	0.31666666666666665
14	H1	1	1	H15	15	15	raw_improvement	false	1	source_leads_target	8	-0.030616537786480318	-0.14285714285714285
14	H1	1	1	H15	15	15	raw_improvement	true	-1	target_leads_source	7	-0.18341296485619774	-0.17857142857142858
14	H1	1	1	H15	15	15	raw_improvement	true	0	contemporaneous	8	0.0061588877714979619	0.023809523809523808
14	H1	1	1	H15	15	15	raw_improvement	true	1	source_leads_target	7	-0.015046300921436048	0.035714285714285712
14	H1	1	1	H15	15	15	linear_detrended_improvement	false	-1	target_leads_source	8	-0.11332364076334452	0
14	H1	1	1	H15	15	15	linear_detrended_improvement	false	0	contemporaneous	9	0.44968448435894826	0.43333333333333335
14	H1	1	1	H15	15	15	linear_detrended_improvement	false	1	source_leads_target	8	-0.43894389408287315	-0.23809523809523808
14	H1	1	1	H15	15	15	linear_detrended_improvement	true	-1	target_leads_source	7	-0.072540510535103242	0
14	H1	1	1	H15	15	15	linear_detrended_improvement	true	0	contemporaneous	8	0.094432140894825448	0.19047619047619047
14	H1	1	1	H15	15	15	linear_detrended_improvement	true	1	source_leads_target	7	-0.15472716458646407	-0.035714285714285712
14	H1	1	1	H15	15	15	peak_lr_equivalent_improvement	false	-1	target_leads_source	8	-0.59547934458985441	-0.23809523809523808
14	H1	1	1	H15	15	15	peak_lr_equivalent_improvement	false	0	contemporaneous	9	0.30390947493704745	0.33333333333333331
14	H1	1	1	H15	15	15	peak_lr_equivalent_improvement	false	1	source_leads_target	8	-0.53591013753284167	-0.5714285714285714
14	H1	1	1	H15	15	15	peak_lr_equivalent_improvement	true	-1	target_leads_source	7	-0.69080684165763739	-0.5357142857142857
14	H1	1	1	H15	15	15	peak_lr_equivalent_improvement	true	0	contemporaneous	8	0.19819273677029875	0.16666666666666666
14	H1	1	1	H15	15	15	peak_lr_equivalent_improvement	true	1	source_leads_target	7	-0.54296247103042661	-0.5
15	H1	1	1	H16	16	16	raw_improvement	false	-1	target_leads_source	8	0.58742895133207806	0.61904761904761907
15	H1	1	1	H16	16	16	raw_improvement	false	0	contemporaneous	9	0.68818381302439779	0.16666666666666666
15	H1	1	1	H16	16	16	raw_improvement	false	1	source_leads_target	8	-0.021071360371392914	0.16666666666666666
15	H1	1	1	H16	16	16	raw_improvement	true	-1	target_leads_source	7	0.14956716324381875	0.42857142857142855
15	H1	1	1	H16	16	16	raw_improvement	true	0	contemporaneous	8	0.052260708891104554	-0.19047619047619047
15	H1	1	1	H16	16	16	raw_improvement	true	1	source_leads_target	7	0.42906466890152661	0.2857142857142857
15	H1	1	1	H16	16	16	linear_detrended_improvement	false	-1	target_leads_source	8	0.24587451530689869	0.30952380952380953
15	H1	1	1	H16	16	16	linear_detrended_improvement	false	0	contemporaneous	9	0.56638671717032718	0.53333333333333333
15	H1	1	1	H16	16	16	linear_detrended_improvement	false	1	source_leads_target	8	-0.19775998794760324	-0.14285714285714285
15	H1	1	1	H16	16	16	linear_detrended_improvement	true	-1	target_leads_source	7	0.37216785888808268	0.42857142857142855
15	H1	1	1	H16	16	16	linear_detrended_improvement	true	0	contemporaneous	8	0.28152255878932225	0.33333333333333331
15	H1	1	1	H16	16	16	linear_detrended_improvement	true	1	source_leads_target	7	0.37262334294556493	0.2857142857142857
15	H1	1	1	H16	16	16	peak_lr_equivalent_improvement	false	-1	target_leads_source	8	0.68734358467768053	0.54761904761904767
15	H1	1	1	H16	16	16	peak_lr_equivalent_improvement	false	0	contemporaneous	9	-0.059592720409869279	-0.016666666666666666
15	H1	1	1	H16	16	16	peak_lr_equivalent_improvement	false	1	source_leads_target	8	-0.10322277976011313	0.19047619047619047
15	H1	1	1	H16	16	16	peak_lr_equivalent_improvement	true	-1	target_leads_source	7	0.70185288960886494	0.5
15	H1	1	1	H16	16	16	peak_lr_equivalent_improvement	true	0	contemporaneous	8	-0.2681748607024742	-0.23809523809523808
15	H1	1	1	H16	16	16	peak_lr_equivalent_improvement	true	1	source_leads_target	7	0.014440719122318519	0.21428571428571427
16	H2	2	2	H16	16	16	raw_improvement	false	-1	target_leads_source	8	0.60392330260798377	0.42857142857142855
16	H2	2	2	H16	16	16	raw_improvement	false	0	contemporaneous	9	0.44899694043794791	0.11666666666666667
16	H2	2	2	H16	16	16	raw_improvement	false	1	source_leads_target	8	0.27093320585538888	0.33333333333333331
16	H2	2	2	H16	16	16	raw_improvement	true	-1	target_leads_source	7	-0.1072875984196616	0.14285714285714285
16	H2	2	2	H16	16	16	raw_improvement	true	0	contemporaneous	8	-0.029686267617785558	-0.26190476190476192
16	H2	2	2	H16	16	16	raw_improvement	true	1	source_leads_target	7	0.54211214448894107	0.5357142857142857
16	H2	2	2	H16	16	16	linear_detrended_improvement	false	-1	target_leads_source	8	0.40416234359571701	0.40476190476190477
16	H2	2	2	H16	16	16	linear_detrended_improvement	false	0	contemporaneous	9	0.048080859044451085	-0.033333333333333333
16	H2	2	2	H16	16	16	linear_detrended_improvement	false	1	source_leads_target	8	0.26343849643275363	0.23809523809523808
16	H2	2	2	H16	16	16	linear_detrended_improvement	true	-1	target_leads_source	7	0.10154178446592815	0.10714285714285714
16	H2	2	2	H16	16	16	linear_detrended_improvement	true	0	contemporaneous	8	-0.13696473382951821	-0.19047619047619047
16	H2	2	2	H16	16	16	linear_detrended_improvement	true	1	source_leads_target	7	0.53266388413867782	0.4642857142857143
16	H2	2	2	H16	16	16	peak_lr_equivalent_improvement	false	-1	target_leads_source	8	-0.017344660717077208	0.14285714285714285
16	H2	2	2	H16	16	16	peak_lr_equivalent_improvement	false	0	contemporaneous	9	-0.16862658195389521	-0.016666666666666666
16	H2	2	2	H16	16	16	peak_lr_equivalent_improvement	false	1	source_leads_target	8	0.35365391626956749	0.5
16	H2	2	2	H16	16	16	peak_lr_equivalent_improvement	true	-1	target_leads_source	7	-0.24193840867269037	-0.21428571428571427
16	H2	2	2	H16	16	16	peak_lr_equivalent_improvement	true	0	contemporaneous	8	-0.320889236631554	-0.16666666666666666
16	H2	2	2	H16	16	16	peak_lr_equivalent_improvement	true	1	source_leads_target	7	0.47979234972783175	0.5357142857142857
17	H1	1	1	mean_H2_H16	2	16	raw_improvement	false	-1	target_leads_source	8	0.6698772428651425	0.52380952380952384
17	H1	1	1	mean_H2_H16	2	16	raw_improvement	false	0	contemporaneous	9	0.93657217288877925	0.80000000000000004
17	H1	1	1	mean_H2_H16	2	16	raw_improvement	false	1	source_leads_target	8	0.91677713020679186	0.61904761904761907
17	H1	1	1	mean_H2_H16	2	16	raw_improvement	true	-1	target_leads_source	7	0.22931825530904087	0.2857142857142857
17	H1	1	1	mean_H2_H16	2	16	raw_improvement	true	0	contemporaneous	8	0.77577350180428739	0.7142857142857143
17	H1	1	1	mean_H2_H16	2	16	raw_improvement	true	1	source_leads_target	7	0.67679106271610778	0.42857142857142855
17	H1	1	1	mean_H2_H16	2	16	linear_detrended_improvement	false	-1	target_leads_source	8	0.081987932724247869	0.2857142857142857
17	H1	1	1	mean_H2_H16	2	16	linear_detrended_improvement	false	0	contemporaneous	9	0.88223492175156604	0.83333333333333337
17	H1	1	1	mean_H2_H16	2	16	linear_detrended_improvement	false	1	source_leads_target	8	0.53539270429743946	0.61904761904761907
17	H1	1	1	mean_H2_H16	2	16	linear_detrended_improvement	true	-1	target_leads_source	7	0.24526722116130151	0.35714285714285715
17	H1	1	1	mean_H2_H16	2	16	linear_detrended_improvement	true	0	contemporaneous	8	0.75785474434448419	0.76190476190476186
17	H1	1	1	mean_H2_H16	2	16	linear_detrended_improvement	true	1	source_leads_target	7	0.67007448974375861	0.6428571428571429
17	H1	1	1	mean_H2_H16	2	16	peak_lr_equivalent_improvement	false	-1	target_leads_source	8	-0.44821871562554116	-0.2857142857142857
17	H1	1	1	mean_H2_H16	2	16	peak_lr_equivalent_improvement	false	0	contemporaneous	9	0.46782451929206292	0.36666666666666664
17	H1	1	1	mean_H2_H16	2	16	peak_lr_equivalent_improvement	false	1	source_leads_target	8	0.64360293474474628	0.54761904761904767
17	H1	1	1	mean_H2_H16	2	16	peak_lr_equivalent_improvement	true	-1	target_leads_source	7	-0.66294400117263452	-0.5357142857142857
17	H1	1	1	mean_H2_H16	2	16	peak_lr_equivalent_improvement	true	0	contemporaneous	8	0.22473341841085279	0.11904761904761904
17	H1	1	1	mean_H2_H16	2	16	peak_lr_equivalent_improvement	true	1	source_leads_target	7	0.60770724385696273	0.39285714285714285
18	H1	1	1	mean_H5_H16	5	16	raw_improvement	false	-1	target_leads_source	8	0.64346517212265986	0.33333333333333331
18	H1	1	1	mean_H5_H16	5	16	raw_improvement	false	0	contemporaneous	9	0.93934465359089647	0.75
18	H1	1	1	mean_H5_H16	5	16	raw_improvement	false	1	source_leads_target	8	0.67165888798674411	0.61904761904761907
18	H1	1	1	mean_H5_H16	5	16	raw_improvement	true	-1	target_leads_source	7	0.052939224407520601	0
18	H1	1	1	mean_H5_H16	5	16	raw_improvement	true	0	contemporaneous	8	0.68566357677384626	0.6428571428571429
18	H1	1	1	mean_H5_H16	5	16	raw_improvement	true	1	source_leads_target	7	0.35047625956318251	0.42857142857142855
18	H1	1	1	mean_H5_H16	5	16	linear_detrended_improvement	false	-1	target_leads_source	8	0.092964433811194694	0.14285714285714285
18	H1	1	1	mean_H5_H16	5	16	linear_detrended_improvement	false	0	contemporaneous	9	0.86256909904919365	0.76666666666666672
18	H1	1	1	mean_H5_H16	5	16	linear_detrended_improvement	false	1	source_leads_target	8	0.055807607528992609	0.35714285714285715
18	H1	1	1	mean_H5_H16	5	16	linear_detrended_improvement	true	-1	target_leads_source	7	0.30043745034083091	0.14285714285714285
18	H1	1	1	mean_H5_H16	5	16	linear_detrended_improvement	true	0	contemporaneous	8	0.69896705608025178	0.66666666666666663
18	H1	1	1	mean_H5_H16	5	16	linear_detrended_improvement	true	1	source_leads_target	7	0.43238228283943458	0.6428571428571429
18	H1	1	1	mean_H5_H16	5	16	peak_lr_equivalent_improvement	false	-1	target_leads_source	8	-0.41805552826193826	-0.19047619047619047
18	H1	1	1	mean_H5_H16	5	16	peak_lr_equivalent_improvement	false	0	contemporaneous	9	0.39667985157118218	0.33333333333333331
18	H1	1	1	mean_H5_H16	5	16	peak_lr_equivalent_improvement	false	1	source_leads_target	8	-0.058677825789943898	-0.023809523809523808
18	H1	1	1	mean_H5_H16	5	16	peak_lr_equivalent_improvement	true	-1	target_leads_source	7	-0.63789095624175784	-0.42857142857142855
18	H1	1	1	mean_H5_H16	5	16	peak_lr_equivalent_improvement	true	0	contemporaneous	8	0.15335443450887296	0.095238095238095233
18	H1	1	1	mean_H5_H16	5	16	peak_lr_equivalent_improvement	true	1	source_leads_target	7	-0.0064021992724778796	-0.035714285714285712
19	H1	1	1	mean_H9_H16	9	16	raw_improvement	false	-1	target_leads_source	8	0.59508560038590474	0.30952380952380953
19	H1	1	1	mean_H9_H16	9	16	raw_improvement	false	0	contemporaneous	9	0.87639446535388144	0.51666666666666672
19	H1	1	1	mean_H9_H16	9	16	raw_improvement	false	1	source_leads_target	8	0.46391630163042896	0.69047619047619047
19	H1	1	1	mean_H9_H16	9	16	raw_improvement	true	-1	target_leads_source	7	-0.13698158585174958	-0.035714285714285712
19	H1	1	1	mean_H9_H16	9	16	raw_improvement	true	0	contemporaneous	8	0.31849068955721838	0.30952380952380953
19	H1	1	1	mean_H9_H16	9	16	raw_improvement	true	1	source_leads_target	7	0.4212641847995276	0.5714285714285714
19	H1	1	1	mean_H9_H16	9	16	linear_detrended_improvement	false	-1	target_leads_source	8	0.061359968525813602	0.35714285714285715
19	H1	1	1	mean_H9_H16	9	16	linear_detrended_improvement	false	0	contemporaneous	9	0.74490755629840189	0.66666666666666663
19	H1	1	1	mean_H9_H16	9	16	linear_detrended_improvement	false	1	source_leads_target	8	-0.080650929873526817	0.14285714285714285
19	H1	1	1	mean_H9_H16	9	16	linear_detrended_improvement	true	-1	target_leads_source	7	0.2360797255652827	0.42857142857142855
19	H1	1	1	mean_H9_H16	9	16	linear_detrended_improvement	true	0	contemporaneous	8	0.44345868903061009	0.52380952380952384
19	H1	1	1	mean_H9_H16	9	16	linear_detrended_improvement	true	1	source_leads_target	7	0.47862769136959354	0.5
19	H1	1	1	mean_H9_H16	9	16	peak_lr_equivalent_improvement	false	-1	target_leads_source	8	-0.23197770009688093	0.047619047619047616
19	H1	1	1	mean_H9_H16	9	16	peak_lr_equivalent_improvement	false	0	contemporaneous	9	-0.068482161227946731	-0.10000000000000001
19	H1	1	1	mean_H9_H16	9	16	peak_lr_equivalent_improvement	false	1	source_leads_target	8	0.1217407452369359	0.023809523809523808
19	H1	1	1	mean_H9_H16	9	16	peak_lr_equivalent_improvement	true	-1	target_leads_source	7	-0.36845571364983914	-0.10714285714285714
19	H1	1	1	mean_H9_H16	9	16	peak_lr_equivalent_improvement	true	0	contemporaneous	8	-0.49183723478783486	-0.45238095238095238
19	H1	1	1	mean_H9_H16	9	16	peak_lr_equivalent_improvement	true	1	source_leads_target	7	0.23140242394758745	0.035714285714285712
20	H1	1	1	mean_H13_H16	13	16	raw_improvement	false	-1	target_leads_source	8	0.55838905435234021	0.047619047619047616
20	H1	1	1	mean_H13_H16	13	16	raw_improvement	false	0	contemporaneous	9	0.80531431700222433	0.083333333333333329
20	H1	1	1	mean_H13_H16	13	16	raw_improvement	false	1	source_leads_target	8	0.0055104581850135411	0.023809523809523808
20	H1	1	1	mean_H13_H16	13	16	raw_improvement	true	-1	target_leads_source	7	-0.24587021357869979	-0.42857142857142855
20	H1	1	1	mean_H13_H16	13	16	raw_improvement	true	0	contemporaneous	8	-0.065832736977643289	-0.30952380952380953
20	H1	1	1	mean_H13_H16	13	16	raw_improvement	true	1	source_leads_target	7	0.444364222674832	0.35714285714285715
20	H1	1	1	mean_H13_H16	13	16	linear_detrended_improvement	false	-1	target_leads_source	8	0.030174100553542336	0.023809523809523808
20	H1	1	1	mean_H13_H16	13	16	linear_detrended_improvement	false	0	contemporaneous	9	0.63241675523644825	0.5
20	H1	1	1	mean_H13_H16	13	16	linear_detrended_improvement	false	1	source_leads_target	8	-0.46668495342475125	0.11904761904761904
20	H1	1	1	mean_H13_H16	13	16	linear_detrended_improvement	true	-1	target_leads_source	7	0.1758264033710569	0.035714285714285712
20	H1	1	1	mean_H13_H16	13	16	linear_detrended_improvement	true	0	contemporaneous	8	0.21367622879550205	0.2857142857142857
20	H1	1	1	mean_H13_H16	13	16	linear_detrended_improvement	true	1	source_leads_target	7	0.33306758037372169	0.6785714285714286
20	H1	1	1	mean_H13_H16	13	16	peak_lr_equivalent_improvement	false	-1	target_leads_source	8	-0.26163998301265162	0
20	H1	1	1	mean_H13_H16	13	16	peak_lr_equivalent_improvement	false	0	contemporaneous	9	0.11218219915209668	-0.14999999999999999
20	H1	1	1	mean_H13_H16	13	16	peak_lr_equivalent_improvement	false	1	source_leads_target	8	-0.43470508939477082	-0.45238095238095238
20	H1	1	1	mean_H13_H16	13	16	peak_lr_equivalent_improvement	true	-1	target_leads_source	7	-0.5382564786170948	-0.17857142857142858
20	H1	1	1	mean_H13_H16	13	16	peak_lr_equivalent_improvement	true	0	contemporaneous	8	-0.34332702717500346	-0.5
20	H1	1	1	mean_H13_H16	13	16	peak_lr_equivalent_improvement	true	1	source_leads_target	7	-0.30985477377017312	-0.42857142857142855
