sample	horizon	target_byte	predicted_byte	correct	predicted_space	correct_nonspace	top_probability	density_purity	density_entropy_nats	density_effective_rank	density_largest_eigenvalue	density_eigenvalue_sum	born_weight	total_measurement_energy	diagonal_write_energy	positive_cross_term	negative_cross_term	net_cross_term	cross_to_diagonal_ratio	negative_to_positive_cross_ratio	born_reconstruction_error
0	1	32	32	True	True	False	0.9995040893554688	0.3381076157093048	1.1968868970870972	3.3097970485687256	0.4699874520301819	1.0000001192092896	0.014660438522696495	0.014660438522696495	0.014660438522696495	0.0	0.0	0.0	0.0	0.0	0.0
1	1	100	100	True	False	True	0.963635265827179	0.3003081679344177	1.2716336250305176	3.5666744709014893	0.36903080344200134	1.0	0.014314984902739525	0.014314984902739525	0.014314984902739525	0.0	0.0	0.0	0.0	0.0	0.0
2	1	105	116	False	False	False	0.2738242745399475	0.3601883351802826	1.1598254442214966	3.1893765926361084	0.5111364126205444	1.0	0.016269970685243607	0.016269970685243607	0.016269970685243607	0.0	0.0	0.0	0.0	0.0	0.0
3	1	32	32	True	True	False	0.9210346937179565	0.3373255431652069	1.207937240600586	3.346574306488037	0.47988563776016235	1.0	0.014198570512235165	0.014198570512235165	0.014198570512235165	0.0	0.0	0.0	0.0	0.0	0.0
4	1	104	104	True	False	True	0.6977928876876831	0.35429179668426514	1.1650036573410034	3.205934762954712	0.4980182349681854	1.0	0.01520463079214096	0.01520463079214096	0.01520463079214096	0.0	0.0	0.0	0.0	0.0	0.0
5	1	32	32	True	True	False	0.9867367148399353	0.3263002634048462	1.2197846174240112	3.386458396911621	0.4225822985172272	1.0000001192092896	0.014978313818573952	0.014978313818573952	0.014978313818573952	0.0	0.0	0.0	0.0	0.0	0.0
6	1	116	116	True	False	True	0.7807597517967224	0.2971418499946594	1.2807981967926025	3.5995118618011475	0.35646915435791016	0.9999999403953552	0.014088199473917484	0.014088199473917484	0.014088199473917484	0.0	0.0	0.0	0.0	0.0	0.0
7	1	101	114	False	False	False	0.20331250131130219	0.3399123549461365	1.1921333074569702	3.2941009998321533	0.4714473485946655	1.0000001192092896	0.014483582228422165	0.014483582228422165	0.014483582228422165	0.0	0.0	0.0	0.0	0.0	0.0
0	2	57	49	False	False	False	0.20333708822727203	0.3423555791378021	1.1907896995544434	3.289677858352661	0.4797079861164093	1.0	0.01409207470715046	0.01409207470715046	0.007049813400954008	0.007042259909212589	0.0	0.007042259909212589	0.9989285469055176	0.0	1.862645149230957e-09
1	2	103	103	True	False	True	0.6637552380561829	0.30235108733177185	1.2681313753128052	3.5542049407958984	0.3825015425682068	1.0	0.01399962231516838	0.01399962231516838	0.0070053646340966225	0.006994258146733046	0.0	0.006994258146733046	0.9984145760536194	0.0	0.0
2	2	110	110	True	False	True	0.18671582639217377	0.3650932013988495	1.1526918411254883	3.16670560836792	0.5194835066795349	1.0	0.01631007343530655	0.01631007343530655	0.008159330114722252	0.008150745183229446	0.0	0.008150745183229446	0.9989478588104248	0.0	1.862645149230957e-09
3	2	97	116	False	False	False	0.16531135141849518	0.34353402256965637	1.1983530521392822	3.3146533966064453	0.4915775954723358	1.0	0.013939767144620419	0.013939767144620419	0.006975183263421059	0.0069645848125219345	0.0	0.0069645848125219345	0.9984805583953857	0.0	9.313225746154785e-10
4	2	101	101	True	False	True	0.5231693983078003	0.3606606721878052	1.1561466455459595	3.1776649951934814	0.5100073218345642	1.0	0.015120361000299454	0.015120361000299454	0.007565710227936506	0.00755465030670166	0.0	0.00755465030670166	0.9985381364822388	0.0	0.0
5	2	105	116	False	False	False	0.2120816558599472	0.3294162154197693	1.2150808572769165	3.3705666065216064	0.43653371930122375	0.9999999403953552	0.014172734692692757	0.014172734692692757	0.007092754356563091	0.00707998126745224	0.0	0.00707998126745224	0.9981991648674011	0.0	9.313225746154785e-10
6	2	32	32	True	True	False	0.3340679407119751	0.2987353205680847	1.2778658866882324	3.5889720916748047	0.3704253137111664	1.0	0.013734564185142517	0.013734564185142517	0.006872885394841433	0.0068616801872849464	0.0	0.0068616801872849464	0.9983696341514587	0.0	1.862645149230957e-09
7	2	114	114	True	False	True	0.13325084745883942	0.3447282612323761	1.1851977109909058	3.2713334560394287	0.48237475752830505	1.0	0.0139185581356287	0.0139185581356287	0.006963640451431274	0.006954917684197426	0.0	0.006954917684197426	0.9987474083900452	0.0	0.0
0	3	32	32	True	True	False	0.7395852208137512	0.3465205132961273	1.1849569082260132	3.2705459594726562	0.48870474100112915	1.0	0.013158340007066727	0.013158340007066727	0.004391825757920742	0.00876651518046856	0.0	0.00876651518046856	1.9960981607437134	0.0	9.313225746154785e-10
1	3	101	32	False	True	False	0.2772071063518524	0.3046402931213379	1.2645020484924316	3.5413286685943604	0.3948206901550293	0.9999998807907104	0.013195451349020004	0.013195451349020004	0.004406215623021126	0.008789237588644028	0.0	0.008789237588644028	1.9947361946105957	0.0	1.862645149230957e-09
2	3	32	32	True	True	False	0.343404084444046	0.36961042881011963	1.1463117599487305	3.146566152572632	0.5269684791564941	1.0	0.015526377595961094	0.015526377595961094	0.005181840620934963	0.01034453697502613	0.0	0.01034453697502613	1.9963054656982422	0.0	0.0
3	3	110	101	False	False	False	0.19796326756477356	0.34943002462387085	1.1894407272338867	3.285243272781372	0.5021008253097534	1.0	0.013175454922020435	0.013175454922020435	0.004399225581437349	0.008776228874921799	0.0	0.008776228874921799	1.9949486255645752	0.0	9.313225746154785e-10
4	3	32	32	True	True	False	0.5205342173576355	0.36671575903892517	1.1479302644729614	3.151663064956665	0.5207775831222534	1.0	0.01443125493824482	0.01443125493824482	0.004818098619580269	0.009613154456019402	0.0	0.009613154456019402	1.9952174425125122	0.0	1.862645149230957e-09
5	3	110	111	False	False	False	0.14344269037246704	0.33266595005989075	1.2105121612548828	3.3552026748657227	0.4490075409412384	1.0	0.012757668271660805	0.012757668271660805	0.004260889254510403	0.008496779017150402	0.0	0.008496779017150402	1.9941327571868896	0.0	0.0
6	3	119	105	False	False	False	0.23976242542266846	0.3006226420402527	1.274747371673584	3.5777974128723145	0.38310664892196655	1.0	0.012823008932173252	0.012823008932173252	0.004281879868358374	0.008541129529476166	0.0	0.008541129529476166	1.9947148561477661	0.0	9.313225746154785e-10
7	3	109	101	False	False	False	0.20794500410556793	0.3494473993778229	1.1785774230957031	3.2497479915618896	0.49240967631340027	0.9999998807907104	0.01293073408305645	0.01293073408305645	0.00431663915514946	0.008614093996584415	0.0	0.008614093996584415	1.9955557584762573	0.0	9.313225746154785e-10
0	4	79	32	False	True	False	0.399794340133667	0.3505669832229614	1.1794220209121704	3.2524936199188232	0.4970124065876007	1.0	0.01179550588130951	0.01179550588130951	0.0029555722139775753	0.008839933201670647	0.0	0.008839933201670647	2.9909379482269287	0.0	0.0
1	4	32	32	True	True	False	0.25290313363075256	0.307075560092926	1.2608716487884521	3.5284955501556396	0.4060467481613159	1.0	0.011730747297406197	0.011730747297406197	0.0029408663976937532	0.008789880201220512	0.0	0.008789880201220512	2.9888744354248047	0.0	9.313225746154785e-10
2	4	112	116	False	False	False	0.2090655118227005	0.3737475872039795	1.140642523765564	3.1287779808044434	0.5336712002754211	1.0	0.013629984110593796	0.013629984110593796	0.003414848353713751	0.010215135291218758	0.0	0.010215135291218758	2.9913876056671143	0.0	0.0
3	4	100	101	False	False	False	0.19371137022972107	0.3549763858318329	1.1812214851379395	3.2583518028259277	0.5115524530410767	1.0	0.011751390062272549	0.011751390062272549	0.0029457155615091324	0.008805673569440842	0.0	0.008805673569440842	2.9893157482147217	0.0	9.313225746154785e-10
4	4	109	32	False	True	False	0.14113444089889526	0.3724134862422943	1.1403777599334717	3.1279497146606445	0.5304356217384338	1.0	0.012906731106340885	0.012906731106340885	0.0032347661908715963	0.00967196561396122	0.0	0.00967196561396122	2.990004539489746	0.0	9.313225746154785e-10
5	4	32	32	True	True	False	0.2855326533317566	0.3359314203262329	1.2061882019042969	3.340726137161255	0.4601368308067322	1.0	0.010691843926906586	0.010691843926906586	0.0026809764094650745	0.008010867983102798	0.0	0.008010867983102798	2.9880411624908447	0.0	0.0
6	4	97	110	False	False	False	0.14727717638015747	0.30269062519073486	1.2715880870819092	3.566512107849121	0.39458587765693665	1.0	0.01117534190416336	0.01117534190416336	0.0028015412390232086	0.008373801596462727	0.0	0.008373801596462727	2.9889981746673584	0.0	9.313225746154785e-10
7	4	97	97	True	False	True	0.19928164780139923	0.3540201485157013	1.1723201274871826	3.2294766902923584	0.501602053642273	1.0	0.011439024470746517	0.011439024470746517	0.002867000875994563	0.008572024293243885	0.0	0.008572024293243885	2.9898924827575684	0.0	9.313225746154785e-10
0	5	99	32	False	True	False	0.20140156149864197	0.3544711470603943	1.1742024421691895	3.2355613708496094	0.5046738982200623	1.0	0.010014890693128109	0.010014890693128109	0.002010005060583353	0.008004885166883469	0.0	0.008004885166883469	3.9825198650360107	0.0	9.313225746154785e-10
1	5	98	32	False	True	False	0.2376716136932373	0.3095795214176178	1.2573285102844238	3.5160160064697266	0.4162580072879791	0.9999999403953552	0.009598905220627785	0.009598905220627785	0.001927521312609315	0.007671384606510401	0.0	0.007671384606510401	3.97992205619812	0.0	9.313225746154785e-10
2	5	117	32	False	True	False	0.19121915102005005	0.3775189518928528	1.1356370449066162	3.113156318664551	0.5396669507026672	1.0	0.010723110288381577	0.010723110288381577	0.0021523316390812397	0.008570779114961624	0.0	0.008570779114961624	3.982090473175049	0.0	0.0
3	5	32	32	True	True	False	0.17422325909137726	0.3601623773574829	1.173680067062378	3.2338714599609375	0.5200414061546326	1.0000001192092896	0.009682136587798595	0.009682136587798595	0.001943887211382389	0.007738249842077494	0.0	0.007738249842077494	3.9808120727539062	0.0	9.313225746154785e-10
4	5	101	101	True	False	True	0.12264703959226608	0.37773609161376953	1.1334803104400635	3.1064493656158447	0.5390916466712952	1.0	0.010556349530816078	0.010556349530816078	0.0021189097315073013	0.008437439799308777	0.0	0.008437439799308777	3.9819722175598145	0.0	0.0
5	5	74	32	False	True	False	0.19937798380851746	0.33913111686706543	1.2021713256835938	3.327333688735962	0.47005701065063477	1.0	0.008174329996109009	0.008174329996109009	0.0016414897982031107	0.006532839499413967	0.0	0.006532839499413967	3.979823350906372	0.0	9.313225746154785e-10
6	5	114	32	False	True	False	0.22906050086021423	0.30485326051712036	1.2684857845306396	3.555464744567871	0.4049636721611023	1.0	0.008853735402226448	0.008853735402226448	0.0017779226182028651	0.007075812667608261	0.0	0.007075812667608261	3.979820489883423	0.0	0.0
7	5	110	32	False	True	False	0.18152080476284027	0.35841619968414307	1.1664444208145142	3.210556983947754	0.510013997554779	1.0	0.009472088888287544	0.009472088888287544	0.001901803771033883	0.007570285350084305	0.0	0.007570285350084305	3.980581760406494	0.0	0.0
0	6	116	32	False	True	False	0.2051444798707962	0.35821622610092163	1.1693066358566284	3.219759464263916	0.5117305517196655	1.0	0.007947462610900402	0.007947462610900402	0.0013315510004758835	0.006615911610424519	0.0	0.006615911610424519	4.968575477600098	0.0	0.0
1	6	101	32	False	True	False	0.1641620397567749	0.3120948374271393	1.2539299726486206	3.504086971282959	0.4255387485027313	1.0	0.007099814247339964	0.007099814247339964	0.0011905473656952381	0.005909265950322151	0.0	0.005909265950322151	4.963486671447754	0.0	9.313225746154785e-10
2	6	115	32	False	True	False	0.15340958535671234	0.38094839453697205	1.1312354803085327	3.0994834899902344	0.5450323224067688	1.0000001192092896	0.007444682996720076	0.007444682996720076	0.0012487026397138834	0.0061959801241755486	0.0	0.0061959801241755486	4.9619340896606445	0.0	4.656612873077393e-10
3	6	102	32	False	True	False	0.15499012172222137	0.36498787999153137	1.1667890548706055	3.2116637229919434	0.5276665091514587	0.9999999403953552	0.007259391248226166	0.007259391248226166	0.0012168443063274026	0.006042547523975372	0.0	0.006042547523975372	4.965752601623535	0.0	4.656612873077393e-10
4	6	110	101	False	False	False	0.10499934107065201	0.38268616795539856	1.1272039413452148	3.087013006210327	0.5468569397926331	1.0	0.00778653658926487	0.00778653658926487	0.001304995734244585	0.006481540389358997	0.0	0.006481540389358997	4.966713905334473	0.0	4.656612873077393e-10
5	6	117	32	False	True	False	0.13286994397640228	0.3422151505947113	1.1984846591949463	3.315089464187622	0.4789063632488251	1.0	0.005634992849081755	0.005634992849081755	0.0009444081224501133	0.004690585192292929	0.0	0.004690585192292929	4.966692924499512	0.0	4.656612873077393e-10
6	6	32	32	True	True	False	0.1653885841369629	0.30704814195632935	1.2655029296875	3.544874906539917	0.4143432080745697	1.0	0.006288736127316952	0.006288736127316952	0.0010550509905442595	0.00523368502035737	0.0	0.00523368502035737	4.960598945617676	0.0	0.0
7	6	121	32	False	True	False	0.29182660579681396	0.36261460185050964	1.160960078239441	3.1929972171783447	0.5177049040794373	1.0	0.007227173075079918	0.007227173075079918	0.0012117924634367228	0.006015380844473839	0.0	0.006015380844473839	4.964035511016846	0.0	0.0
0	7	111	32	False	True	False	0.17646145820617676	0.3617939352989197	1.1647330522537231	3.2050673961639404	0.5182287096977234	1.0	0.005833815783262253	0.005833815783262253	0.0008402129169553518	0.004993603099137545	0.0	0.004993603099137545	5.943259239196777	0.0	0.0
1	7	103	32	False	True	False	0.1705569326877594	0.3145812749862671	1.250709056854248	3.492818832397461	0.4339773952960968	0.9999998807907104	0.004742341581732035	0.004742341581732035	0.000684752594679594	0.004057588987052441	0.0	0.004057588987052441	5.925627708435059	0.0	0.0
2	7	104	32	False	True	False	0.16044525802135468	0.3840622901916504	1.1273784637451172	3.0875518321990967	0.5498377084732056	1.0	0.004574799910187721	0.004574799910187721	0.0006618262268602848	0.003912972752004862	0.0	0.003912972752004862	5.912386894226074	0.0	9.313225746154785e-10
3	7	114	32	False	True	False	0.1638166755437851	0.36946725845336914	1.1605033874511719	3.1915392875671387	0.5345258712768555	1.0	0.004948177840560675	0.004948177840560675	0.0007137592183426023	0.004234418738633394	0.0	0.004234418738633394	5.932559013366699	0.0	0.0
4	7	32	32	True	True	False	0.13738498091697693	0.38727352023124695	1.1215101480484009	3.069486141204834	0.553828775882721	1.0	0.005207580514252186	0.005207580514252186	0.0007513787713833153	0.004456201568245888	0.0	0.004456201568245888	5.930699348449707	0.0	0.0
5	7	110	32	False	True	False	0.13799801468849182	0.3451555669307709	1.195128083229065	3.303980827331543	0.48681411147117615	1.0000001192092896	0.0035103776026517153	0.0035103776026517153	0.0005060366238467395	0.0030043404549360275	0.0	0.0030043404549360275	5.937002182006836	0.0	4.656612873077393e-10
6	7	97	32	False	True	False	0.18356910347938538	0.30923160910606384	1.2626755237579346	3.5348663330078125	0.42283108830451965	0.9999998807907104	0.00405270978808403	0.00405270978808403	0.0005863930564373732	0.0034663171973079443	0.0	0.0034663171973079443	5.911252021789551	0.0	4.656612873077393e-10
7	7	32	32	True	True	False	0.2870512306690216	0.36660540103912354	1.15586256980896	3.176762342453003	0.5247368216514587	1.0	0.005029156804084778	0.005029156804084778	0.0007257143151946366	0.004303441848605871	0.0	0.004303441848605871	5.929939270019531	0.0	4.656612873077393e-10
0	8	98	32	False	True	False	0.18489758670330048	0.36519914865493774	1.1604759693145752	3.1914520263671875	0.5242093801498413	1.0	0.003938581328839064	0.003938581328839064	0.0004990804009139538	0.00343950092792511	0.0	0.00343950092792511	6.891676902770996	0.0	0.0
1	8	97	32	False	True	False	0.17188923060894012	0.31701135635375977	1.2476831674575806	3.4822659492492676	0.4416576623916626	1.0	0.002924139378592372	0.002924139378592372	0.000373437418602407	0.002550701843574643	0.0	0.002550701843574643	6.8303327560424805	0.0	2.3283064365386963e-10
2	8	105	32	False	True	False	0.16476324200630188	0.386888712644577	1.124007225036621	3.077160358428955	0.554147481918335	0.9999999403953552	0.002522665774449706	0.002522665774449706	0.0003241714439354837	0.002198494505137205	0.0	0.002198494505137205	6.781888008117676	0.0	2.3283064365386963e-10
3	8	111	32	False	True	False	0.17217697203159332	0.3736219108104706	1.1547712087631226	3.173297166824341	0.5407107472419739	1.0	0.0031146127730607986	0.0031146127730607986	0.00039671335252933204	0.00271789962425828	0.0	0.00271789962425828	6.851041316986084	0.0	2.3283064365386963e-10
4	8	44	32	False	True	False	0.17151963710784912	0.391519695520401	1.1163469552993774	3.053678512573242	0.5601020455360413	1.0	0.003236025106161833	0.003236025106161833	0.00041276559932157397	0.0028232596814632416	0.0	0.0028232596814632416	6.839861869812012	0.0	2.3283064365386963e-10
5	8	101	32	False	True	False	0.14913137257099152	0.3479401469230652	1.192085862159729	3.293944835662842	0.49389809370040894	0.9999999403953552	0.0020131231285631657	0.0020131231285631657	0.00025631411699578166	0.0017568087205290794	0.0	0.0017568087205290794	6.854124069213867	0.0	2.3283064365386963e-10
6	8	103	32	False	True	False	0.1909928023815155	0.3113745152950287	1.2600222826004028	3.5254998207092285	0.4305245280265808	1.0	0.0024717331398278475	0.0024717331398278475	0.0003175112942699343	0.002154221525415778	0.0	0.002154221525415778	6.784708499908447	0.0	2.3283064365386963e-10
7	8	46	32	False	True	False	0.20256173610687256	0.37038666009902954	1.1511378288269043	3.16178822517395	0.531169056892395	1.0	0.003183122491464019	0.003183122491464019	0.0004054836754221469	0.0027776393108069897	0.0	0.0027776393108069897	6.8501877784729	0.0	4.656612873077393e-10
0	9	101	32	False	True	False	0.20564168691635132	0.3684338629245758	1.1565214395523071	3.178856134414673	0.5297172665596008	1.0	0.002444175072014332	0.002444175072014332	0.00027850238257087767	0.0021656726021319628	0.0	0.0021656726021319628	7.776136875152588	0.0	0.0
1	9	110	32	False	True	False	0.17907607555389404	0.31936967372894287	1.24485445022583	3.4724292755126953	0.4486633837223053	0.9999999403953552	0.0017458527581766248	0.0017458527581766248	0.0002029101160587743	0.0015429427148774266	0.0	0.0015429427148774266	7.604069709777832	0.0	1.1641532182693481e-10
2	9	110	32	False	True	False	0.16529569029808044	0.38945674896240234	1.1210651397705078	3.0681204795837402	0.5580214858055115	1.0000001192092896	0.0012707720743492246	0.0012707720743492246	0.00015069686924107373	0.0011200753506273031	0.0	0.0011200753506273031	7.432638645172119	0.0	1.1641532182693481e-10
3	9	109	32	False	True	False	0.1859281212091446	0.3774758279323578	1.1495405435562134	3.1567423343658447	0.5463023781776428	1.0	0.0018707418348640203	0.0018707418348640203	0.0002161544980481267	0.0016545873368158937	0.0	0.0016545873368158937	7.654651641845703	0.0	0.0
4	9	32	32	True	True	False	0.17913919687271118	0.395452082157135	1.111659288406372	3.0393974781036377	0.5657645463943481	1.0	0.0019454288994893432	0.0019454288994893432	0.0002255910076200962	0.0017198382411152124	0.0	0.0017198382411152124	7.623700141906738	0.0	3.4924596548080444e-10
5	9	32	32	True	True	False	0.17148350179195404	0.35056787729263306	1.189333438873291	3.28489089012146	0.5002657175064087	1.0	0.0011124026495963335	0.0011124026495963335	0.00012895974214188755	0.0009834428783506155	0.0	0.0009834428783506155	7.625967979431152	0.0	0.0
6	9	97	32	False	True	False	0.185409277677536	0.3134608268737793	1.2575445175170898	3.516775608062744	0.43751978874206543	1.0	0.0015344122657552361	0.0015344122657552361	0.0001803519990062341	0.001354060135781765	0.0	0.001354060135781765	7.507874488830566	0.0	1.1641532182693481e-10
7	9	32	32	True	True	False	0.1862376183271408	0.37396204471588135	1.1467664241790771	3.1479971408843994	0.5370588898658752	1.0	0.0018431020434945822	0.0018431020434945822	0.00021304530673660338	0.0016300565330311656	0.0	0.0016300565330311656	7.651220321655273	0.0	2.3283064365386963e-10
0	10	114	32	False	True	False	0.2155207097530365	0.3715018332004547	1.1528546810150146	3.1672213077545166	0.5347922444343567	1.0	0.001404048758558929	0.001404048758558929	0.00014773104339838028	0.0012563177151605487	0.0	0.0012563177151605487	8.504087448120117	0.0	0.0
1	10	32	32	True	True	False	0.18897977471351624	0.321647971868515	1.242218255996704	3.463287353515625	0.45506995916366577	1.0	0.0010947516420856118	0.0010947516420856118	0.00011947793245781213	0.0009752735495567322	0.0	0.0009752735495567322	8.162792205810547	0.0	1.1641532182693481e-10
2	10	103	32	False	True	False	0.16614273190498352	0.391796350479126	1.118494987487793	3.0602450370788574	0.5615158677101135	1.0	0.000612142903264612	0.000612142903264612	7.13946355972439e-05	0.0005407482967711985	0.0	0.0005407482967711985	7.574074745178223	0.0	5.820766091346741e-11
3	10	32	32	True	True	False	0.1971777379512787	0.38105514645576477	1.1447598934173584	3.1416866779327393	0.5513736605644226	1.0	0.0011358670890331268	0.0011358670890331268	0.0001229321933351457	0.0010129347210749984	0.0	0.0010129347210749984	8.239784240722656	0.0	2.3283064365386963e-10
4	10	97	32	False	True	False	0.18969659507274628	0.3990947902202606	1.1073997020721436	3.0264782905578613	0.5708879232406616	0.9999998807907104	0.001202446292154491	0.001202446292154491	0.00013091060100123286	0.0010715356329455972	0.0	0.0010715356329455972	8.185247421264648	0.0	1.1641532182693481e-10
5	10	49	32	False	True	False	0.18423211574554443	0.35304418206214905	1.186842918395996	3.2767200469970703	0.5060105323791504	1.0	0.0006589303957298398	0.0006589303957298398	7.22018230590038e-05	0.0005867284489795566	0.0	0.0005867284489795566	8.126227378845215	0.0	1.1641532182693481e-10
6	10	105	32	False	True	False	0.18457147479057312	0.31548118591308594	1.2552391290664673	3.5086774826049805	0.44390079379081726	1.0	0.0010662779677659273	0.0010662779677659273	0.00011771140270866454	0.0009485665941610932	0.0	0.0009485665941610932	8.058408737182617	0.0	0.0
7	10	82	32	False	True	False	0.189082071185112	0.37733930349349976	1.1427252292633057	3.135300874710083	0.542460024356842	1.0	0.0009993875864893198	0.0009993875864893198	0.00010907490650424734	0.0008903124835342169	0.0	0.0008903124835342169	8.162395477294922	0.0	2.3283064365386963e-10
0	11	32	32	True	True	False	0.2167050689458847	0.3744106888771057	1.1494572162628174	3.1564791202545166	0.5394749641418457	1.0000001192092896	0.0007702980656176805	0.0007702980656176805	7.792952237650752e-05	0.0006923686014488339	0.0	0.0006923686014488339	8.88454818725586	0.0	5.820766091346741e-11
1	11	119	32	False	True	False	0.19533535838127136	0.3238435685634613	1.239763855934143	3.4547977447509766	0.4609466791152954	0.9999998807907104	0.000800733920186758	0.000800733920186758	8.376579353353009e-05	0.0007169682066887617	0.0	0.0007169682066887617	8.559200286865234	0.0	5.820766091346741e-11
2	11	32	32	True	True	False	0.17390938103199005	0.3939312994480133	1.116254210472107	3.0533955097198486	0.5646746158599854	1.0	0.00033460621489211917	0.00033460621489211917	4.125248233322054e-05	0.0002933536597993225	0.0	0.0002933536597993225	7.111176013946533	0.0	5.820766091346741e-11
3	11	116	32	False	True	False	0.192858025431633	0.3843867778778076	1.1403793096542358	3.1279544830322266	0.5559906363487244	1.0	0.0007647314923815429	0.0007647314923815429	7.988187280716375e-05	0.0006848496268503368	0.0	0.0006848496268503368	8.57327938079834	0.0	0.0
4	11	110	32	False	True	False	0.19864782691001892	0.40247616171836853	1.1035192012786865	3.014756917953491	0.5755403637886047	1.0	0.0008311130222864449	0.0008311130222864449	8.73550889082253e-05	0.0007437579333782196	0.0	0.0007437579333782196	8.514191627502441	0.0	0.0
5	11	57	32	False	True	False	0.17735491693019867	0.3553793430328369	1.184584379196167	3.2693276405334473	0.5112157464027405	1.0	0.0004955859039910138	0.0004955859039910138	5.236260767560452e-05	0.00044322333997115493	0.0	0.00044322333997115493	8.464500427246094	0.0	5.820766091346741e-11
6	11	110	32	False	True	False	0.18719163537025452	0.31743279099464417	1.2530959844589233	3.5011658668518066	0.44974255561828613	1.0	0.0008881168905645609	0.0008881168905645609	9.281937673222274e-05	0.000795297441072762	0.0	0.000795297441072762	8.56822681427002	0.0	5.820766091346741e-11
7	11	105	32	False	True	False	0.18864022195339203	0.38052576780319214	1.13899564743042	3.123629331588745	0.5474181175231934	1.0	0.0005504909204319119	0.0005504909204319119	6.014808968757279e-05	0.0004903427325189114	0.0	0.0004903427325189114	8.152257919311523	0.0	1.1641532182693481e-10
0	12	46	32	False	True	False	0.21448403596878052	0.3771667778491974	1.146312952041626	3.1465699672698975	0.5437989830970764	0.9999998807907104	0.00044975505443289876	0.00044975505443289876	4.6073662815615535e-05	0.00040368130430579185	0.0	0.00040368130430579185	8.761650085449219	0.0	8.731149137020111e-11
1	12	105	32	False	True	False	0.19742397964000702	0.32595908641815186	1.2374773025512695	3.446906805038452	0.4663582444190979	1.0	0.0007216787780635059	0.0007216787780635059	7.19125964678824e-05	0.0006497660651803017	0.0	0.0006497660651803017	9.035497665405273	0.0	1.1641532182693481e-10
2	12	116	32	False	True	False	0.1819947063922882	0.3958868086338043	1.1142988204956055	3.0474305152893066	0.5675410628318787	1.0	0.00028259045211598277	0.00028259045211598277	3.500073216855526e-05	0.0002476113149896264	2.1598481225737487e-08	0.0002475897199474275	7.073843955993652	8.722735947230831e-05	0.0
3	12	104	32	False	True	False	0.18489789962768555	0.3874971270561218	1.1363526582717896	3.115384817123413	0.5602115988731384	1.0	0.0006259591318666935	0.0006259591318666935	6.342047709040344e-05	0.0005625387420877814	0.0	0.0005625387420877814	8.869985580444336	0.0	1.1641532182693481e-10
4	12	105	32	False	True	False	0.19978851079940796	0.4056238830089569	1.0999705791473389	3.004077672958374	0.5797821283340454	0.9999999403953552	0.0006890228833071887	0.0006890228833071887	7.01924946042709e-05	0.0006188304396346211	0.0	0.0006188304396346211	8.816190719604492	0.0	5.820766091346741e-11
5	12	53	32	False	True	False	0.17048820853233337	0.35758498311042786	1.182530403137207	3.2626194953918457	0.5159531235694885	1.0	0.0005028074374422431	0.0005028074374422431	5.015624992665835e-05	0.0004526512057054788	0.0	0.0004526512057054788	9.024821281433105	0.0	0.0
6	12	115	32	False	True	False	0.1880854368209839	0.31931960582733154	1.2510976791381836	3.4941763877868652	0.45511943101882935	1.0	0.0008717349846847355	0.0008717349846847355	8.548919868189842e-05	0.0007862456841394305	0.0	0.0007862456841394305	9.197017669677734	0.0	1.1641532182693481e-10
7	12	99	32	False	True	False	0.18668310344219208	0.3835364282131195	1.135547399520874	3.112877130508423	0.5519823431968689	0.9999998807907104	0.0003763281856663525	0.0003763281856663525	4.2428986489539966e-05	0.00033389925374649465	0.0	0.00033389925374649465	7.869602203369141	0.0	5.820766091346741e-11
0	13	32	32	True	True	False	0.2046688050031662	0.3797803819179535	1.1434028148651123	3.1374263763427734	0.5477994680404663	0.9999998807907104	0.0003470852389000356	0.0003470852389000356	3.605291203712113e-05	0.0003110322868451476	0.0	0.0003110322868451476	8.627105712890625	0.0	2.9103830456733704e-11
1	13	116	32	False	True	False	0.19812527298927307	0.32799679040908813	1.2353458404541016	3.439567804336548	0.47135674953460693	1.0	0.0007618560339324176	0.0007618560339324176	7.101853407220915e-05	0.0006908374489285052	0.0	0.0006908374489285052	9.72756576538086	0.0	5.820766091346741e-11
2	13	104	32	False	True	False	0.1855558305978775	0.39768561720848083	1.1125894784927368	3.0422258377075195	0.5701528191566467	0.9999999403953552	0.00035659558488987386	0.00035659558488987386	3.947626828448847e-05	0.00031711923656985164	0.0	0.00031711923656985164	8.033161163330078	0.0	8.731149137020111e-11
3	13	101	32	False	True	False	0.17854252457618713	0.3904104232788086	1.1326392889022827	3.103837490081787	0.5640870332717896	1.0	0.0006250350270420313	0.0006250350270420313	6.009836579323746e-05	0.0005649366066791117	0.0	0.0005649366066791117	9.400198936462402	0.0	5.820766091346741e-11
4	13	109	32	False	True	False	0.19344936311244965	0.40856167674064636	1.0967168807983398	2.994319200515747	0.583663284778595	0.9999999403953552	0.000680073571857065	0.000680073571857065	6.590621342184022e-05	0.0006141674239188433	0.0	0.0006141674239188433	9.318809509277344	0.0	5.820766091346741e-11
5	13	48	32	False	True	False	0.16956329345703125	0.35967525839805603	1.1806526184082031	3.2564985752105713	0.520285964012146	0.9999999403953552	0.0006023773457854986	0.0006023773457854986	5.545352178160101e-05	0.0005469238385558128	0.0	0.0005469238385558128	9.862743377685547	0.0	0.0
6	13	116	32	False	True	False	0.18871845304965973	0.32114285230636597	1.2492350339889526	3.4876739978790283	0.46008607745170593	0.9999998807907104	0.0009387015015818179	0.0009387015015818179	8.562425500713289e-05	0.0008530773920938373	0.0	0.0008530773920938373	9.963034629821777	0.0	1.7462298274040222e-10
7	13	104	32	False	True	False	0.18544389307498932	0.3863821029663086	1.1323601007461548	3.102971315383911	0.5561919808387756	0.9999999403953552	0.0003761637781281024	0.0003761637781281024	4.092354720341973e-05	0.0003352402418386191	0.0	0.0003352402418386191	8.191866874694824	0.0	0.0
0	14	10	32	False	True	False	0.1972174495458603	0.38226091861724854	1.140709638595581	3.1289877891540527	0.5515076518058777	1.0	0.0003846375329885632	0.0003846375329885632	3.763014683499932e-05	0.0003470072988420725	0.0	0.0003470072988420725	9.221524238586426	0.0	8.731149137020111e-11
1	14	104	32	False	True	False	0.19938236474990845	0.32996347546577454	1.2333543300628662	3.432724714279175	0.47599518299102783	0.9999998807907104	0.0008633160614408553	0.0008633160614408553	7.460096094291657e-05	0.0007887149113230407	0.0	0.0007887149113230407	10.572449684143066	0.0	1.7462298274040222e-10
2	14	101	32	False	True	False	0.18702806532382965	0.39934828877449036	1.111093521118164	3.0376782417297363	0.5725430250167847	1.0	0.0004969891742803156	0.0004969891742803156	4.813665873371065e-05	0.0004488525737542659	0.0	0.0004488525737542659	9.32454776763916	0.0	5.820766091346741e-11
3	14	32	32	True	True	False	0.17484164237976074	0.39314812421798706	1.1292043924331665	3.0931947231292725	0.5676600933074951	0.9999999403953552	0.0007010620320215821	0.0007010620320215821	6.274051702348515e-05	0.0006383216823451221	0.0	0.0006383216823451221	10.173995018005371	0.0	1.7462298274040222e-10
4	14	97	32	False	True	False	0.18716022372245789	0.41131311655044556	1.0937215089797974	2.985363245010376	0.587229311466217	1.0	0.000744769349694252	0.000744769349694252	6.748486339347437e-05	0.0006772846099920571	0.0	0.0006772846099920571	10.036096572875977	0.0	1.1641532182693481e-10
5	14	32	32	True	True	False	0.17344138026237488	0.3616621494293213	1.1789298057556152	3.2508933544158936	0.5242666006088257	1.0	0.0007472925935871899	0.0007472925935871899	6.328068411676213e-05	0.0006840118439868093	0.0	0.0006840118439868093	10.809172630310059	0.0	5.820766091346741e-11
6	14	32	32	True	True	False	0.1907721906900406	0.3229106664657593	1.24748957157135	3.4815917015075684	0.46469980478286743	1.0	0.0010448322864249349	0.0010448322864249349	8.84872570168227e-05	0.0009563450585119426	0.0	0.0009563450585119426	10.80771541595459	0.0	0.0
7	14	97	32	False	True	False	0.18596084415912628	0.389076292514801	1.129410982131958	3.0938336849212646	0.5600851774215698	1.0	0.00047789810923859477	0.00047789810923859477	4.69893311674241e-05	0.00043090881081297994	0.0	0.00043090881081297994	9.170353889465332	0.0	2.9103830456733704e-11
0	15	10	32	False	True	False	0.19452877342700958	0.3846191167831421	1.1382160186767578	3.121195077896118	0.5549532771110535	1.0	0.0005062998970970511	0.0005062998970970511	4.474408342503011e-05	0.00046155587187968194	0.0	0.00046155587187968194	10.315461158752441	0.0	5.820766091346741e-11
1	15	32	32	True	True	False	0.19998851418495178	0.331865519285202	1.2314882278442383	3.4263248443603516	0.4803166687488556	0.9999998807907104	0.0009930786909535527	0.0009930786909535527	7.95890373410657e-05	0.0009134897845797241	0.0	0.0009134897845797241	11.477582931518555	0.0	1.1641532182693481e-10
2	15	32	32	True	True	False	0.1877603381872177	0.40089136362075806	1.109784483909607	3.0337045192718506	0.5747388005256653	0.9999999403953552	0.0006692379247397184	0.0006692379247397184	5.786478141089901e-05	0.0006113729905337095	0.0	0.0006113729905337095	10.565546035766602	0.0	1.7462298274040222e-10
3	15	115	32	False	True	False	0.1745680868625641	0.3957328200340271	1.1260133981704712	3.0833396911621094	0.5709721446037292	1.0	0.0008171069785021245	0.0008171069785021245	6.77020289003849e-05	0.0007494050078094006	0.0	0.0007494050078094006	11.06916618347168	0.0	5.820766091346741e-11
4	15	108	32	False	True	False	0.1831904649734497	0.413899689912796	1.0909532308578491	2.9771106243133545	0.5905202031135559	1.0	0.0008479092502966523	0.0008479092502966523	7.142316462704912e-05	0.0007764860056340694	0.0	0.0007764860056340694	10.871626853942871	0.0	5.820766091346741e-11
5	15	44	32	False	True	False	0.17626604437828064	0.3635592460632324	1.1773386001586914	3.2457244396209717	0.5279428958892822	1.0	0.0009108616504818201	0.0009108616504818201	7.136486965464428e-05	0.0008394969045184553	0.0	0.0008394969045184553	11.763447761535645	0.0	1.1641532182693481e-10
6	15	116	32	False	True	False	0.1931721270084381	0.32462817430496216	1.245849370956421	3.4758858680725098	0.4690046012401581	0.9999998807907104	0.0011665381025522947	0.0011665381025522947	9.199148917105049e-05	0.0010745463659986854	0.0	0.0010745463659986854	11.68093204498291	0.0	2.3283064365386963e-10
7	15	114	32	False	True	False	0.18755799531936646	0.39163243770599365	1.1266781091690063	3.085390090942383	0.5636968612670898	1.0	0.0006343240384012461	0.0006343240384012461	5.5965487263165414e-05	0.0005783585365861654	0.0	0.0005783585365861654	10.334199905395508	0.0	0.0
0	16	32	32	True	True	False	0.1923959106206894	0.3868643641471863	1.1359069347381592	3.1139965057373047	0.5581626892089844	1.0	0.000674330978654325	0.000674330978654325	5.4005598940420896e-05	0.0006203254451975226	0.0	0.0006203254451975226	11.48631763458252	0.0	5.820766091346741e-11
1	16	112	32	False	True	False	0.19910702109336853	0.3337107300758362	1.2297334671020508	3.4203178882598877	0.4843618869781494	0.9999998807907104	0.001133183715865016	0.001133183715865016	8.462781261187047e-05	0.001048556063324213	0.0	0.001048556063324213	12.390206336975098	0.0	1.1641532182693481e-10
2	16	84	32	False	True	False	0.19048906862735748	0.4023354947566986	1.1086305379867554	3.030205726623535	0.5767708420753479	1.0	0.0008537893299944699	0.0008537893299944699	6.72633177600801e-05	0.0007865260704420507	0.0	0.0007865260704420507	11.693239212036133	0.0	5.820766091346741e-11
3	16	111	32	False	True	False	0.17479415237903595	0.3981826901435852	1.1230390071868896	3.0741825103759766	0.5740565061569214	0.9999999403953552	0.0009516037534922361	0.0009516037534922361	7.32207263354212e-05	0.0008783830562606454	0.0	0.0008783830562606454	11.99637222290039	0.0	0.0
4	16	115	32	False	True	False	0.18134689331054688	0.4163384735584259	1.0883890390396118	2.9694864749908447	0.5935679078102112	1.0	0.000969232409261167	0.000969232409261167	7.603509584441781e-05	0.0008931973716244102	0.0	0.0008931973716244102	11.747172355651855	0.0	5.820766091346741e-11
5	16	32	32	True	True	False	0.17343637347221375	0.3653789460659027	1.175861120223999	3.2409327030181885	0.5313558578491211	1.0	0.00107864523306489	0.00107864523306489	7.877905591158196e-05	0.0009998661698773503	0.0	0.0009998661698773503	12.69202995300293	0.0	0.0
6	16	104	32	False	True	False	0.194750115275383	0.32630300521850586	1.2443013191223145	3.4705092906951904	0.4730426073074341	1.0	0.0012918254360556602	0.0012918254360556602	9.530311217531562e-05	0.0011965223820880055	0.0	0.0011965223820880055	12.554914474487305	0.0	0.0
7	16	100	32	False	True	False	0.18991287052631378	0.39406052231788635	1.1241466999053955	3.077589511871338	0.5670547485351562	1.0	0.000816226121969521	0.000816226121969521	6.549257523147389e-05	0.0007507337140850723	0.0	0.0007507337140850723	11.462882995605469	0.0	1.7462298274040222e-10
