loss_source	recurrent_step	operation	category	output_adjoint_l2	input_adjoint_l2	local_l2_gain	output_adjoint_rms	input_adjoint_rms	local_rms_gain	output_real_dof	input_real_dof	finite
H1	1	hidden_unitary_rotation	local_vjp	0.1686917245388031	0.1686917245388031	1.0	0.00020335701724390423	0.00020335701724390423	1.0	688128	688128	1
H1	1	query_projection	local_vjp	0.0609390065073967	0.03560972586274147	0.5843502856978675	0.00016832181539121622	4.292734368634963e-05	0.2550313730075761	131072	688128	1
H1	1	key_projection	local_vjp	0.05420640483498573	0.03159084916114807	0.5827881272944854	0.00014972545485375651	3.8082608232127254e-05	0.2543495911855751	131072	688128	1
H1	1	value_projection	local_vjp	0.24341034889221191	0.13857096433639526	0.569289535005588	0.00048301789410111864	0.00016704659378580746	0.345839348450384	253952	688128	1
H1	1	fused_qkv_projection	local_vjp	0.25671091676645	0.14707082509994507	0.5729044442381346	0.0003573379084764502	0.00017729313277039402	0.4961498026512299	516096	688128	1
H1	1	rank1_write	local_vjp	0.053562603890895844	0.24937307848475282	4.655731058047746	2.6572099596111993e-05	0.00040188858030333694	15.12445709642534	4063232	385024	1
H1	1	memory_unitary_rotation	local_vjp	0.053562603890895844	0.053562603890895844	1.0	2.6572099596111993e-05	2.6572099596111993e-05	1.0	4063232	4063232	1
H1	1	memory_add_rotated_edge	local_vjp	0.053562603890895844	0.053562603890895844	1.0	2.6572099596111993e-05	2.6572099596111993e-05	1.0	4063232	4063232	1
H1	1	memory_add_write_edge	local_vjp	0.053562603890895844	0.053562603890895844	1.0	2.6572099596111993e-05	2.6572099596111993e-05	1.0	4063232	4063232	1
H1	1	complex_read_query_edge	local_vjp	0.04895481467247009	0.0609390065073967	1.2448010867798456	9.714480751053892e-05	0.00016832181539121622	1.7326897824462264	253952	131072	1
H1	1	complex_read_memory_edge	local_vjp	0.04895481467247009	0.053562603890895844	1.0941233104293	9.714480751053892e-05	2.6572099596111993e-05	0.273530827607325	253952	4063232	1
H1	1	complex_read_combined_inputs	local_vjp	0.04895481467247009	0.08113270024892273	1.657297669120745	9.714480751053892e-05	3.96155762934193e-05	0.40779921550744275	253952	4194304	1
H1	1	complex_to_real_flatten	local_vjp	0.04895481467247009	0.04895481467247009	1.0	9.714480751053892e-05	9.714480751053892e-05	1.0	253952	253952	1
H1	1	output_projection	local_vjp	0.08495243638753891	0.04895481467247009	0.5762614558709812	0.00010240973064092787	9.714480751053892e-05	0.9485896203667502	688128	253952	1
H1	1	residual_rotated_edge	local_vjp	0.08495243638753891	0.08495243638753891	1.0	0.00010240973064092787	0.00010240973064092787	1.0	688128	688128	1
H1	1	residual_delta_edge	local_vjp	0.08495243638753891	0.08495243638753891	1.0	0.00010240973064092787	0.00010240973064092787	1.0	688128	688128	1
H1	1	rms_postnorm	local_vjp	0.7250932455062866	0.08495243638753891	0.1171607057630526	0.0008740962251289498	0.00010240973064092787	0.11716070576305261	688128	688128	1
H1	1	rotated_hidden_branch_merge	branch_alignment	0.1698432926075018	0.1686917245388031	0.99321982015881	0.00014477673821696629	0.00020335701724390423	1.4046249400863555	1376256	688128	1
H1	1	updated_memory_branch_merge	branch_alignment	0.053562603890895844	0.053562603890895844	1.0	1.878931181477511e-05	2.6572099596111993e-05	1.4142135623730951	8126464	4063232	1
H1	2	hidden_unitary_rotation	local_vjp	0.0	0.0	nan	0.0	0.0	nan	688128	688128	1
H1	2	query_projection	local_vjp	0.0	0.0	nan	0.0	0.0	nan	131072	688128	1
H1	2	key_projection	local_vjp	0.0	0.0	nan	0.0	0.0	nan	131072	688128	1
H1	2	value_projection	local_vjp	0.0	0.0	nan	0.0	0.0	nan	253952	688128	1
H1	2	fused_qkv_projection	local_vjp	0.0	0.0	nan	0.0	0.0	nan	516096	688128	1
H1	2	rank1_write	local_vjp	0.0	0.0	nan	0.0	0.0	nan	4063232	385024	1
H1	2	memory_unitary_rotation	local_vjp	0.0	0.0	nan	0.0	0.0	nan	4063232	4063232	1
H1	2	memory_add_rotated_edge	local_vjp	0.0	0.0	nan	0.0	0.0	nan	4063232	4063232	1
H1	2	memory_add_write_edge	local_vjp	0.0	0.0	nan	0.0	0.0	nan	4063232	4063232	1
H1	2	complex_read_query_edge	local_vjp	0.0	0.0	nan	0.0	0.0	nan	253952	131072	1
H1	2	complex_read_memory_edge	local_vjp	0.0	0.0	nan	0.0	0.0	nan	253952	4063232	1
H1	2	complex_read_combined_inputs	local_vjp	0.0	0.0	nan	0.0	0.0	nan	253952	4194304	1
H1	2	complex_to_real_flatten	local_vjp	0.0	0.0	nan	0.0	0.0	nan	253952	253952	1
H1	2	output_projection	local_vjp	0.0	0.0	nan	0.0	0.0	nan	688128	253952	1
H1	2	residual_rotated_edge	local_vjp	0.0	0.0	nan	0.0	0.0	nan	688128	688128	1
H1	2	residual_delta_edge	local_vjp	0.0	0.0	nan	0.0	0.0	nan	688128	688128	1
H1	2	rms_postnorm	local_vjp	0.0	0.0	nan	0.0	0.0	nan	688128	688128	1
H1	2	rotated_hidden_branch_merge	branch_alignment	0.0	0.0	nan	0.0	0.0	nan	1376256	688128	1
H1	2	updated_memory_branch_merge	branch_alignment	0.0	0.0	nan	0.0	0.0	nan	8126464	4063232	1
H1	3	hidden_unitary_rotation	local_vjp	0.0	0.0	nan	0.0	0.0	nan	688128	688128	1
H1	3	query_projection	local_vjp	0.0	0.0	nan	0.0	0.0	nan	131072	688128	1
H1	3	key_projection	local_vjp	0.0	0.0	nan	0.0	0.0	nan	131072	688128	1
H1	3	value_projection	local_vjp	0.0	0.0	nan	0.0	0.0	nan	253952	688128	1
H1	3	fused_qkv_projection	local_vjp	0.0	0.0	nan	0.0	0.0	nan	516096	688128	1
H1	3	rank1_write	local_vjp	0.0	0.0	nan	0.0	0.0	nan	4063232	385024	1
H1	3	memory_unitary_rotation	local_vjp	0.0	0.0	nan	0.0	0.0	nan	4063232	4063232	1
H1	3	memory_add_rotated_edge	local_vjp	0.0	0.0	nan	0.0	0.0	nan	4063232	4063232	1
H1	3	memory_add_write_edge	local_vjp	0.0	0.0	nan	0.0	0.0	nan	4063232	4063232	1
H1	3	complex_read_query_edge	local_vjp	0.0	0.0	nan	0.0	0.0	nan	253952	131072	1
H1	3	complex_read_memory_edge	local_vjp	0.0	0.0	nan	0.0	0.0	nan	253952	4063232	1
H1	3	complex_read_combined_inputs	local_vjp	0.0	0.0	nan	0.0	0.0	nan	253952	4194304	1
H1	3	complex_to_real_flatten	local_vjp	0.0	0.0	nan	0.0	0.0	nan	253952	253952	1
H1	3	output_projection	local_vjp	0.0	0.0	nan	0.0	0.0	nan	688128	253952	1
H1	3	residual_rotated_edge	local_vjp	0.0	0.0	nan	0.0	0.0	nan	688128	688128	1
H1	3	residual_delta_edge	local_vjp	0.0	0.0	nan	0.0	0.0	nan	688128	688128	1
H1	3	rms_postnorm	local_vjp	0.0	0.0	nan	0.0	0.0	nan	688128	688128	1
H1	3	rotated_hidden_branch_merge	branch_alignment	0.0	0.0	nan	0.0	0.0	nan	1376256	688128	1
H1	3	updated_memory_branch_merge	branch_alignment	0.0	0.0	nan	0.0	0.0	nan	8126464	4063232	1
H1	4	hidden_unitary_rotation	local_vjp	0.0	0.0	nan	0.0	0.0	nan	688128	688128	1
H1	4	query_projection	local_vjp	0.0	0.0	nan	0.0	0.0	nan	131072	688128	1
H1	4	key_projection	local_vjp	0.0	0.0	nan	0.0	0.0	nan	131072	688128	1
H1	4	value_projection	local_vjp	0.0	0.0	nan	0.0	0.0	nan	253952	688128	1
H1	4	fused_qkv_projection	local_vjp	0.0	0.0	nan	0.0	0.0	nan	516096	688128	1
H1	4	rank1_write	local_vjp	0.0	0.0	nan	0.0	0.0	nan	4063232	385024	1
H1	4	memory_unitary_rotation	local_vjp	0.0	0.0	nan	0.0	0.0	nan	4063232	4063232	1
H1	4	memory_add_rotated_edge	local_vjp	0.0	0.0	nan	0.0	0.0	nan	4063232	4063232	1
H1	4	memory_add_write_edge	local_vjp	0.0	0.0	nan	0.0	0.0	nan	4063232	4063232	1
H1	4	complex_read_query_edge	local_vjp	0.0	0.0	nan	0.0	0.0	nan	253952	131072	1
H1	4	complex_read_memory_edge	local_vjp	0.0	0.0	nan	0.0	0.0	nan	253952	4063232	1
H1	4	complex_read_combined_inputs	local_vjp	0.0	0.0	nan	0.0	0.0	nan	253952	4194304	1
H1	4	complex_to_real_flatten	local_vjp	0.0	0.0	nan	0.0	0.0	nan	253952	253952	1
H1	4	output_projection	local_vjp	0.0	0.0	nan	0.0	0.0	nan	688128	253952	1
H1	4	residual_rotated_edge	local_vjp	0.0	0.0	nan	0.0	0.0	nan	688128	688128	1
H1	4	residual_delta_edge	local_vjp	0.0	0.0	nan	0.0	0.0	nan	688128	688128	1
H1	4	rms_postnorm	local_vjp	0.0	0.0	nan	0.0	0.0	nan	688128	688128	1
H1	4	rotated_hidden_branch_merge	branch_alignment	0.0	0.0	nan	0.0	0.0	nan	1376256	688128	1
H1	4	updated_memory_branch_merge	branch_alignment	0.0	0.0	nan	0.0	0.0	nan	4063232	4063232	1
H2	1	hidden_unitary_rotation	local_vjp	0.08166418224573135	0.08166418224573135	1.0	9.844575697211826e-05	9.844575697211826e-05	1.0	688128	688128	1
H2	1	query_projection	local_vjp	0.0012294033076614141	0.0007144305855035782	0.5811197847373428	3.395778967424052e-06	8.612424426451629e-07	0.253621466799554	131072	688128	1
H2	1	key_projection	local_vjp	0.027012428268790245	0.01575876586139202	0.5833894570522363	7.461199689522178e-05	1.8997112216258124e-05	0.25461203300772023	131072	688128	1
H2	1	value_projection	local_vjp	0.14037387073040009	0.08007597923278809	0.5704478961514198	0.00027855467828545523	9.653118630557893e-05	0.3465430446178197	253952	688128	1
H2	1	fused_qkv_projection	local_vjp	0.1429545602536152	0.08165915310382843	0.5712245412735152	0.00019899069432513384	9.843969436709439e-05	0.4946949640079768	516096	688128	1
H2	1	rank1_write	local_vjp	0.025182543322443962	0.142949273747059	5.676522498807948	1.2492914844289775e-05	0.00023037643449997034	18.440567103142477	4063232	385024	1
H2	1	memory_unitary_rotation	local_vjp	0.025182543322443962	0.025182543322443962	1.0	1.2492914844289775e-05	1.2492914844289775e-05	1.0	4063232	4063232	1
H2	1	memory_add_rotated_edge	local_vjp	0.025182543322443962	0.025182543322443962	1.0	1.2492914844289775e-05	1.2492914844289775e-05	1.0	4063232	4063232	1
H2	1	memory_add_write_edge	local_vjp	0.025182543322443962	0.025182543322443962	1.0	1.2492914844289775e-05	1.2492914844289775e-05	1.0	4063232	4063232	1
H2	1	complex_read_query_edge	local_vjp	0.000710902560967952	0.0012294033076614141	1.7293555758013883	1.4106986801201652e-06	3.395778967424052e-06	2.4071610864020907	253952	131072	1
H2	1	complex_read_memory_edge	local_vjp	0.000710902560967952	0.0007740868022665381	1.088878905166069	1.4106986801201652e-06	3.84020008582116e-07	0.27221972629151725	253952	4063232	1
H2	1	complex_read_combined_inputs	local_vjp	0.000710902560967952	0.0014528051728748973	2.043606610302239	1.4106986801201652e-06	7.093775258178209e-07	0.5028554544032006	253952	4194304	1
H2	1	complex_to_real_flatten	local_vjp	0.000710902560967952	0.000710902560967952	1.0	1.4106986801201652e-06	1.4106986801201652e-06	1.0	253952	253952	1
H2	1	output_projection	local_vjp	0.0012407777830958366	0.000710902560967952	0.5729491377530915	1.4957513163298862e-06	1.4106986801201652e-06	0.9431371811068072	688128	253952	1
H2	1	residual_rotated_edge	local_vjp	0.0012407777830958366	0.0012407777830958366	1.0	1.4957513163298862e-06	1.4957513163298862e-06	1.0	688128	688128	1
H2	1	residual_delta_edge	local_vjp	0.0012407777830958366	0.0012407777830958366	1.0	1.4957513163298862e-06	1.4957513163298862e-06	1.0	688128	688128	1
H2	1	rms_postnorm	local_vjp	0.010564128868281841	0.0012407777830958366	0.1174519734250116	1.273500370161821e-05	1.4957513163298862e-06	0.1174519734250116	688128	688128	1
H2	1	rotated_hidden_branch_merge	branch_alignment	0.08166857911792953	0.08166418224573135	0.9999461620093595	6.961541028783518e-05	9.844575697211826e-05	1.4141374239565603	1376256	688128	1
H2	1	updated_memory_branch_merge	branch_alignment	0.025205431578915874	0.025182543322443962	0.9990919315783088	8.841853811418741e-06	1.2492914844289775e-05	1.4129293596955765	8126464	4063232	1
H2	2	hidden_unitary_rotation	local_vjp	0.07238759845495224	0.07238759845495224	1.0	8.726288232273342e-05	8.726288232273342e-05	1.0	688128	688128	1
H2	2	query_projection	local_vjp	0.03713579103350639	0.02161758951842785	0.5821227693500056	0.00010257410025202718	2.60598943812408e-05	0.2540592051717829	131072	688128	1
H2	2	key_projection	local_vjp	0.02412676066160202	0.014185881242156029	0.5879728920564541	6.664139090579539e-05	1.7101007795539663e-05	0.25661240804102864	131072	688128	1
H2	2	value_projection	local_vjp	0.10256018489599228	0.058479368686676025	0.5701956246079389	0.00020351807042115686	7.049658196892476e-05	0.34638979144721804	253952	688128	1
H2	2	fused_qkv_projection	local_vjp	0.11171284206216671	0.06374392658472061	0.5706051820725138	0.00015550267139115205	7.68429797793753e-05	0.4941585832058419	516096	688128	1
H2	2	rank1_write	local_vjp	0.02519354224205017	0.10535982206667943	4.182017004771362	1.2498371345019672e-05	0.00016979743590878003	13.58556496854613	4063232	385024	1
H2	2	memory_unitary_rotation	local_vjp	0.02519354224205017	0.02519354224205017	1.0	1.2498371345019672e-05	1.2498371345019672e-05	1.0	4063232	4063232	1
H2	2	memory_add_rotated_edge	local_vjp	0.02519354224205017	0.02519354224205017	1.0	1.2498371345019672e-05	1.2498371345019672e-05	1.0	4063232	4063232	1
H2	2	memory_add_write_edge	local_vjp	0.02519354224205017	0.02519354224205017	1.0	1.2498371345019672e-05	1.2498371345019672e-05	1.0	4063232	4063232	1
H2	2	complex_read_query_edge	local_vjp	0.020143965259194374	0.03713579103350639	1.8435194141608433	3.997322103445486e-05	0.00010257410025202718	2.566070424087506	253952	131072	1
H2	2	complex_read_memory_edge	local_vjp	0.020143965259194374	0.02519354224205017	1.2506744286878178	3.997322103445486e-05	1.2498371345019672e-05	0.31266860717195444	253952	4063232	1
H2	2	complex_read_combined_inputs	local_vjp	0.020143965259194374	0.04487517739671031	2.2277231329232854	3.997322103445486e-05	2.1911707713237457e-05	0.5481596715548815	253952	4194304	1
H2	2	complex_to_real_flatten	local_vjp	0.020143965259194374	0.020143965259194374	1.0	3.997322103445486e-05	3.997322103445486e-05	1.0	253952	253952	1
H2	2	output_projection	local_vjp	0.03514750301837921	0.020143965259194374	0.5731264963164172	4.2370136394833195e-05	3.997322103445486e-05	0.9434291327730862	688128	253952	1
H2	2	residual_rotated_edge	local_vjp	0.03514750301837921	0.03514750301837921	1.0	4.2370136394833195e-05	4.2370136394833195e-05	1.0	688128	688128	1
H2	2	residual_delta_edge	local_vjp	0.03514750301837921	0.03514750301837921	1.0	4.2370136394833195e-05	4.2370136394833195e-05	1.0	688128	688128	1
H2	2	rms_postnorm	local_vjp	0.7127258777618408	0.03514750301837921	0.04931419514154899	0.0008591874261197224	4.2370136394833195e-05	0.04931419514154899	688128	688128	1
H2	2	rotated_hidden_branch_merge	branch_alignment	0.07279172442568747	0.07238759845495224	0.994448187978459	6.204865832348936e-05	8.726288232273342e-05	1.4063621145164853	1376256	688128	1
H2	2	updated_memory_branch_merge	branch_alignment	0.02519354224205017	0.02519354224205017	1.0	8.837683131851041e-06	1.2498371345019672e-05	1.414213562373095	8126464	4063232	1
H2	3	hidden_unitary_rotation	local_vjp	0.0	0.0	nan	0.0	0.0	nan	688128	688128	1
H2	3	query_projection	local_vjp	0.0	0.0	nan	0.0	0.0	nan	131072	688128	1
H2	3	key_projection	local_vjp	0.0	0.0	nan	0.0	0.0	nan	131072	688128	1
H2	3	value_projection	local_vjp	0.0	0.0	nan	0.0	0.0	nan	253952	688128	1
H2	3	fused_qkv_projection	local_vjp	0.0	0.0	nan	0.0	0.0	nan	516096	688128	1
H2	3	rank1_write	local_vjp	0.0	0.0	nan	0.0	0.0	nan	4063232	385024	1
H2	3	memory_unitary_rotation	local_vjp	0.0	0.0	nan	0.0	0.0	nan	4063232	4063232	1
H2	3	memory_add_rotated_edge	local_vjp	0.0	0.0	nan	0.0	0.0	nan	4063232	4063232	1
H2	3	memory_add_write_edge	local_vjp	0.0	0.0	nan	0.0	0.0	nan	4063232	4063232	1
H2	3	complex_read_query_edge	local_vjp	0.0	0.0	nan	0.0	0.0	nan	253952	131072	1
H2	3	complex_read_memory_edge	local_vjp	0.0	0.0	nan	0.0	0.0	nan	253952	4063232	1
H2	3	complex_read_combined_inputs	local_vjp	0.0	0.0	nan	0.0	0.0	nan	253952	4194304	1
H2	3	complex_to_real_flatten	local_vjp	0.0	0.0	nan	0.0	0.0	nan	253952	253952	1
H2	3	output_projection	local_vjp	0.0	0.0	nan	0.0	0.0	nan	688128	253952	1
H2	3	residual_rotated_edge	local_vjp	0.0	0.0	nan	0.0	0.0	nan	688128	688128	1
H2	3	residual_delta_edge	local_vjp	0.0	0.0	nan	0.0	0.0	nan	688128	688128	1
H2	3	rms_postnorm	local_vjp	0.0	0.0	nan	0.0	0.0	nan	688128	688128	1
H2	3	rotated_hidden_branch_merge	branch_alignment	0.0	0.0	nan	0.0	0.0	nan	1376256	688128	1
H2	3	updated_memory_branch_merge	branch_alignment	0.0	0.0	nan	0.0	0.0	nan	8126464	4063232	1
H2	4	hidden_unitary_rotation	local_vjp	0.0	0.0	nan	0.0	0.0	nan	688128	688128	1
H2	4	query_projection	local_vjp	0.0	0.0	nan	0.0	0.0	nan	131072	688128	1
H2	4	key_projection	local_vjp	0.0	0.0	nan	0.0	0.0	nan	131072	688128	1
H2	4	value_projection	local_vjp	0.0	0.0	nan	0.0	0.0	nan	253952	688128	1
H2	4	fused_qkv_projection	local_vjp	0.0	0.0	nan	0.0	0.0	nan	516096	688128	1
H2	4	rank1_write	local_vjp	0.0	0.0	nan	0.0	0.0	nan	4063232	385024	1
H2	4	memory_unitary_rotation	local_vjp	0.0	0.0	nan	0.0	0.0	nan	4063232	4063232	1
H2	4	memory_add_rotated_edge	local_vjp	0.0	0.0	nan	0.0	0.0	nan	4063232	4063232	1
H2	4	memory_add_write_edge	local_vjp	0.0	0.0	nan	0.0	0.0	nan	4063232	4063232	1
H2	4	complex_read_query_edge	local_vjp	0.0	0.0	nan	0.0	0.0	nan	253952	131072	1
H2	4	complex_read_memory_edge	local_vjp	0.0	0.0	nan	0.0	0.0	nan	253952	4063232	1
H2	4	complex_read_combined_inputs	local_vjp	0.0	0.0	nan	0.0	0.0	nan	253952	4194304	1
H2	4	complex_to_real_flatten	local_vjp	0.0	0.0	nan	0.0	0.0	nan	253952	253952	1
H2	4	output_projection	local_vjp	0.0	0.0	nan	0.0	0.0	nan	688128	253952	1
H2	4	residual_rotated_edge	local_vjp	0.0	0.0	nan	0.0	0.0	nan	688128	688128	1
H2	4	residual_delta_edge	local_vjp	0.0	0.0	nan	0.0	0.0	nan	688128	688128	1
H2	4	rms_postnorm	local_vjp	0.0	0.0	nan	0.0	0.0	nan	688128	688128	1
H2	4	rotated_hidden_branch_merge	branch_alignment	0.0	0.0	nan	0.0	0.0	nan	1376256	688128	1
H2	4	updated_memory_branch_merge	branch_alignment	0.0	0.0	nan	0.0	0.0	nan	4063232	4063232	1
H3	1	hidden_unitary_rotation	local_vjp	0.06395983695983887	0.06395983695983887	1.0	7.710325864009655e-05	7.710325864009655e-05	1.0	688128	688128	1
H3	1	query_projection	local_vjp	0.000912594492547214	0.0005308818654157221	0.5817281056934018	2.520709977162622e-06	6.399753927169558e-07	0.25388695983078907	131072	688128	1
H3	1	key_projection	local_vjp	0.02135406620800495	0.012507223524153233	0.5857068814118727	5.898283211557346e-05	1.5077394441418162e-05	0.25562343991680286	131072	688128	1
H3	1	value_projection	local_vjp	0.10956702381372452	0.06266316026449203	0.5719162397896835	0.0002174222803027486	7.554012146892629e-05	0.3474350529473834	253952	688128	1
H3	1	fused_qkv_projection	local_vjp	0.1116322609272112	0.06395542621612549	0.572911680592289	0.00015539050360884515	7.709794151094967e-05	0.4961560695177585	516096	688128	1
H3	1	rank1_write	local_vjp	0.020013464614748955	0.11162853063179294	5.577671471711506	9.928564639792718e-06	0.00017990005965981526	18.11944285871831	4063232	385024	1
H3	1	memory_unitary_rotation	local_vjp	0.020013464614748955	0.020013464614748955	1.0	9.928564639792718e-06	9.928564639792718e-06	1.0	4063232	4063232	1
H3	1	memory_add_rotated_edge	local_vjp	0.020013464614748955	0.020013464614748955	1.0	9.928564639792718e-06	9.928564639792718e-06	1.0	4063232	4063232	1
H3	1	memory_add_write_edge	local_vjp	0.020013464614748955	0.020013464614748955	1.0	9.928564639792718e-06	9.928564639792718e-06	1.0	4063232	4063232	1
H3	1	complex_read_query_edge	local_vjp	0.0005384587566368282	0.000912594492547214	1.6948270991955052	1.0685051637069038e-06	2.520709977162622e-06	2.359099481014829	253952	131072	1
H3	1	complex_read_memory_edge	local_vjp	0.0005384587566368282	0.0005907465238124132	1.097106355001394	1.0685051637069038e-06	2.9306595136366226e-07	0.2742765887503485	253952	4063232	1
H3	1	complex_read_combined_inputs	local_vjp	0.0005384587566368282	0.0010871109249860186	2.018930719552282	1.0685051637069038e-06	5.308158813408294e-07	0.49678363696371874	253952	4194304	1
H3	1	complex_to_real_flatten	local_vjp	0.0005384586984291673	0.0005384587566368282	1.0000001081005119	1.0685050482009612e-06	1.0685051637069038e-06	1.0000001081005119	253952	253952	1
H3	1	output_projection	local_vjp	0.000939639750868082	0.0005384586984291673	0.5730480196604226	1.1327309477850821e-06	1.0685050482009612e-06	0.9432999515818766	688128	253952	1
H3	1	residual_rotated_edge	local_vjp	0.000939639750868082	0.000939639750868082	1.0	1.1327309477850821e-06	1.1327309477850821e-06	1.0	688128	688128	1
H3	1	residual_delta_edge	local_vjp	0.000939639750868082	0.000939639750868082	1.0	1.1327309477850821e-06	1.1327309477850821e-06	1.0	688128	688128	1
H3	1	rms_postnorm	local_vjp	0.0080106807872653	0.000939639750868082	0.11729836399945451	9.656835007437528e-06	1.1327309477850821e-06	0.11729836399945451	688128	688128	1
H3	1	rotated_hidden_branch_merge	branch_alignment	0.06396232848597433	0.06395983695983887	0.9999610469757053	5.45223608468392e-05	7.710325864009655e-05	1.414158474477842	1376256	688128	1
H3	1	updated_memory_branch_merge	branch_alignment	0.0200274578220173	0.020013464614748955	0.9993012988771365	7.0254640838904546e-06	9.928564639792718e-06	1.4132254497690961	8126464	4063232	1
H3	2	hidden_unitary_rotation	local_vjp	0.04730454459786415	0.04730454459786415	1.0	5.7025388280325125e-05	5.7025388280325125e-05	1.0	688128	688128	1
H3	2	query_projection	local_vjp	0.0006465261103585362	0.0003753586206585169	0.580577666771043	1.7857929564401685e-06	4.524929109746815e-07	0.2533848671218241	131072	688128	1
H3	2	key_projection	local_vjp	0.019890978932380676	0.011643764562904835	0.5853791612010539	5.4941586279395035e-05	1.4036499048641476e-05	0.25548041109081776	131072	688128	1
H3	2	value_projection	local_vjp	0.08039166778326035	0.045977890491485596	0.57192358063082	0.0001595273752848623	5.542611349239406e-05	0.3474395124562267	253952	688128	1
H3	2	fused_qkv_projection	local_vjp	0.08281841152711085	0.04730546101927757	0.5711949812487286	0.000115282039155989	5.7026493021685034e-05	0.4946693642755751	516096	688128	1
H3	2	rank1_write	local_vjp	0.020018743351101875	0.08281588791930272	4.136917411189267	9.931183390524052e-06	0.00013346572863711837	13.439055889801226	4063232	385024	1
H3	2	memory_unitary_rotation	local_vjp	0.020018743351101875	0.020018743351101875	1.0	9.931183390524052e-06	9.931183390524052e-06	1.0	4063232	4063232	1
H3	2	memory_add_rotated_edge	local_vjp	0.020018743351101875	0.020018743351101875	1.0	9.931183390524052e-06	9.931183390524052e-06	1.0	4063232	4063232	1
H3	2	memory_add_write_edge	local_vjp	0.020018743351101875	0.020018743351101875	1.0	9.931183390524052e-06	9.931183390524052e-06	1.0	4063232	4063232	1
H3	2	complex_read_query_edge	local_vjp	0.00026463193353265524	0.0006465261103585362	2.4431144863276892	5.251295182336435e-07	1.7857929564401685e-06	3.400671442822271	253952	131072	1
H3	2	complex_read_memory_edge	local_vjp	0.00026463193353265524	0.00033079844433814287	1.2500322237086432	5.251295182336435e-07	1.6410720485316248e-07	0.3125080559271608	253952	4063232	1
H3	2	complex_read_combined_inputs	local_vjp	0.00026463193353265524	0.0007262393697341625	2.7443376165505193	5.251295182336435e-07	3.5460906725300903e-07	0.6752792500520498	253952	4194304	1
H3	2	complex_to_real_flatten	local_vjp	0.00026463193353265524	0.00026463193353265524	1.0	5.251295182336435e-07	5.251295182336435e-07	1.0	253952	253952	1
H3	2	output_projection	local_vjp	0.0004615758662112057	0.00026463193353265524	0.5733227252647698	5.564273626409639e-07	5.251295182336435e-07	0.9437521471647766	688128	253952	1
H3	2	residual_rotated_edge	local_vjp	0.0004615758662112057	0.0004615758662112057	1.0	5.564273626409639e-07	5.564273626409639e-07	1.0	688128	688128	1
H3	2	residual_delta_edge	local_vjp	0.0004615758662112057	0.0004615758662112057	1.0	5.564273626409639e-07	5.564273626409639e-07	1.0	688128	688128	1
H3	2	rms_postnorm	local_vjp	0.009362119249999523	0.0004615758662112057	0.049302498065406423	1.1285987211089951e-05	5.564273626409639e-07	0.049302498065406423	688128	688128	1
H3	2	rotated_hidden_branch_merge	branch_alignment	0.04730771284396085	0.04730454459786415	0.9999330289733696	4.0325739408981625e-05	5.7025388280325125e-05	1.4141188510389482	1376256	688128	1
H3	2	updated_memory_branch_merge	branch_alignment	0.020036682716673027	0.020018743351101875	0.9991046738711781	7.0287000994974995e-06	9.931183390524052e-06	1.412947380018968	8126464	4063232	1
H3	3	hidden_unitary_rotation	local_vjp	0.05447572097182274	0.05447572097182274	1.0	6.567020498087838e-05	6.567020498087838e-05	1.0	688128	688128	1
H3	3	query_projection	local_vjp	0.041767653077840805	0.02439691685140133	0.5841103115354294	0.0001153679325218297	2.94103593665456e-05	0.2549266396966993	131072	688128	1
H3	3	key_projection	local_vjp	0.018375912681221962	0.010765858925879002	0.585867984499102	5.075676745071844e-05	1.2978188261581393e-05	0.2556937510684143	131072	688128	1
H3	3	value_projection	local_vjp	0.06604240089654922	0.037781305611133575	0.5720765008273296	0.00013105302033217573	4.554517204483977e-05	0.3475324103893061	253952	688128	1
H3	3	fused_qkv_projection	local_vjp	0.08027334381149999	0.04620235785841942	0.575562891299421	0.00011173934145585684	5.569670776329296e-05	0.49845208534092	516096	688128	1
H3	3	rank1_write	local_vjp	0.020033951848745346	0.06855124275349368	3.4217533949891568	9.938728238696719e-06	0.00011047688786468363	11.115797233949788	4063232	385024	1
H3	3	memory_unitary_rotation	local_vjp	0.020033951848745346	0.020033951848745346	1.0	9.938728238696719e-06	9.938728238696719e-06	1.0	4063232	4063232	1
H3	3	memory_add_rotated_edge	local_vjp	0.020033951848745346	0.020033951848745346	1.0	9.938728238696719e-06	9.938728238696719e-06	1.0	4063232	4063232	1
H3	3	memory_add_write_edge	local_vjp	0.020033951848745346	0.020033951848745346	1.0	9.938728238696719e-06	9.938728238696719e-06	1.0	4063232	4063232	1
H3	3	complex_read_query_edge	local_vjp	0.017001962289214134	0.041767653077840805	2.456637202656176	3.3738302655978826e-05	0.0001153679325218297	3.419494267337872	253952	131072	1
H3	3	complex_read_memory_edge	local_vjp	0.017001962289214134	0.020033951848745346	1.1783317424162665	3.3738302655978826e-05	9.938728238696719e-06	0.29458293560406656	253952	4063232	1
H3	3	complex_read_combined_inputs	local_vjp	0.017001962289214134	0.04632381752736611	2.724615943699243	3.3738302655978826e-05	2.2619051527034235e-05	0.6704264810733113	253952	4194304	1
H3	3	complex_to_real_flatten	local_vjp	0.017001962289214134	0.017001962289214134	1.0	3.3738302655978826e-05	3.3738302655978826e-05	1.0	253952	253952	1
H3	3	output_projection	local_vjp	0.02956218272447586	0.017001962289214134	0.5751254042259013	3.563706114514146e-05	3.3738302655978826e-05	0.9467195546392159	688128	253952	1
H3	3	residual_rotated_edge	local_vjp	0.02956218272447586	0.02956218272447586	1.0	3.563706114514146e-05	3.563706114514146e-05	1.0	688128	688128	1
H3	3	residual_delta_edge	local_vjp	0.02956218272447586	0.02956218272447586	1.0	3.563706114514146e-05	3.563706114514146e-05	1.0	688128	688128	1
H3	3	rms_postnorm	local_vjp	0.7127081751823425	0.02956218272447586	0.04147866371381602	0.0008591660857500383	3.563706114514146e-05	0.04147866371381602	688128	688128	1
H3	3	rotated_hidden_branch_merge	branch_alignment	0.05485052888635396	0.05447572097182274	0.9931667401911877	4.675533864026765e-05	6.567020498087838e-05	1.4045498736762534	1376256	688128	1
H3	3	updated_memory_branch_merge	branch_alignment	0.020033951848745346	0.020033951848745346	1.0	7.0277421339526824e-06	9.938728238696719e-06	1.414213562373095	8126464	4063232	1
H3	4	hidden_unitary_rotation	local_vjp	0.0	0.0	nan	0.0	0.0	nan	688128	688128	1
H3	4	query_projection	local_vjp	0.0	0.0	nan	0.0	0.0	nan	131072	688128	1
H3	4	key_projection	local_vjp	0.0	0.0	nan	0.0	0.0	nan	131072	688128	1
H3	4	value_projection	local_vjp	0.0	0.0	nan	0.0	0.0	nan	253952	688128	1
H3	4	fused_qkv_projection	local_vjp	0.0	0.0	nan	0.0	0.0	nan	516096	688128	1
H3	4	rank1_write	local_vjp	0.0	0.0	nan	0.0	0.0	nan	4063232	385024	1
H3	4	memory_unitary_rotation	local_vjp	0.0	0.0	nan	0.0	0.0	nan	4063232	4063232	1
H3	4	memory_add_rotated_edge	local_vjp	0.0	0.0	nan	0.0	0.0	nan	4063232	4063232	1
H3	4	memory_add_write_edge	local_vjp	0.0	0.0	nan	0.0	0.0	nan	4063232	4063232	1
H3	4	complex_read_query_edge	local_vjp	0.0	0.0	nan	0.0	0.0	nan	253952	131072	1
H3	4	complex_read_memory_edge	local_vjp	0.0	0.0	nan	0.0	0.0	nan	253952	4063232	1
H3	4	complex_read_combined_inputs	local_vjp	0.0	0.0	nan	0.0	0.0	nan	253952	4194304	1
H3	4	complex_to_real_flatten	local_vjp	0.0	0.0	nan	0.0	0.0	nan	253952	253952	1
H3	4	output_projection	local_vjp	0.0	0.0	nan	0.0	0.0	nan	688128	253952	1
H3	4	residual_rotated_edge	local_vjp	0.0	0.0	nan	0.0	0.0	nan	688128	688128	1
H3	4	residual_delta_edge	local_vjp	0.0	0.0	nan	0.0	0.0	nan	688128	688128	1
H3	4	rms_postnorm	local_vjp	0.0	0.0	nan	0.0	0.0	nan	688128	688128	1
H3	4	rotated_hidden_branch_merge	branch_alignment	0.0	0.0	nan	0.0	0.0	nan	1376256	688128	1
H3	4	updated_memory_branch_merge	branch_alignment	0.0	0.0	nan	0.0	0.0	nan	4063232	4063232	1
H4	1	hidden_unitary_rotation	local_vjp	0.05432428419589996	0.05432428419589996	1.0	6.54876487165632e-05	6.54876487165632e-05	1.0	688128	688128	1
H4	1	query_projection	local_vjp	0.0006602779030799866	0.0003841478319372982	0.581797195007391	1.8237772763105174e-06	4.6308826053593584e-07	0.2539171128794622	131072	688128	1
H4	1	key_projection	local_vjp	0.018000420182943344	0.010587471537292004	0.5881791330251487	4.9719606154556374e-05	1.2763143170566056e-05	0.2567024189791661	131072	688128	1
H4	1	value_projection	local_vjp	0.09276330471038818	0.05317051708698273	0.5731848089390931	0.00018407736686213544	6.409678832607878e-05	0.3482056996941074	253952	688128	1
H4	1	fused_qkv_projection	local_vjp	0.09449593533302973	0.054319579154253006	0.5748350864279593	0.00013153698454573787	6.548197681275199e-05	0.4978217878332362	516096	688128	1
H4	1	rank1_write	local_vjp	0.017003554850816727	0.09449362850242783	5.55728665749498	8.435365724642302e-06	0.00015228552511482743	18.053221411604536	4063232	385024	1
H4	1	memory_unitary_rotation	local_vjp	0.017003554850816727	0.017003552988171577	0.999999890455545	8.435365724642302e-06	8.435364800594761e-06	0.999999890455545	4063232	4063232	1
H4	1	memory_add_rotated_edge	local_vjp	0.017003554850816727	0.017003554850816727	1.0	8.435365724642302e-06	8.435365724642302e-06	1.0	4063232	4063232	1
H4	1	memory_add_write_edge	local_vjp	0.017003554850816727	0.017003554850816727	1.0	8.435365724642302e-06	8.435365724642302e-06	1.0	4063232	4063232	1
H4	1	complex_read_query_edge	local_vjp	0.0003934772394131869	0.0006602779030799866	1.6780586955034384	7.80807177768111e-07	1.8237772763105174e-06	2.3357588508902696	253952	131072	1
H4	1	complex_read_memory_edge	local_vjp	0.0003934772394131869	0.00043222118983976543	1.0984655439901923	7.80807177768111e-07	2.1442244531962366e-07	0.274616385997548	253952	4063232	1
H4	1	complex_read_combined_inputs	local_vjp	0.0003934772394131869	0.0007891654238765195	2.005618990957248	7.80807177768111e-07	3.853346796272068e-07	0.4935081164707811	253952	4194304	1
H4	1	complex_to_real_flatten	local_vjp	0.0003934772394131869	0.0003934772394131869	1.0	7.80807177768111e-07	7.80807177768111e-07	1.0	253952	253952	1
H4	1	output_projection	local_vjp	0.0006817413959652185	0.0003934772394131869	0.5771649510238359	8.218357906661421e-07	7.80807177768111e-07	0.950076872577215	688128	253952	1
H4	1	residual_rotated_edge	local_vjp	0.0006817413959652185	0.0006817413959652185	1.0	8.218357906661421e-07	8.218357906661421e-07	1.0	688128	688128	1
H4	1	residual_delta_edge	local_vjp	0.0006817413959652185	0.0006817413959652185	1.0	8.218357906661421e-07	8.218357906661421e-07	1.0	688128	688128	1
H4	1	rms_postnorm	local_vjp	0.005816283170133829	0.0006817413959652185	0.1172125524193713	7.0114998240608245e-06	8.218357906661421e-07	0.11721255241937131	688128	688128	1
H4	1	rotated_hidden_branch_merge	branch_alignment	0.05432385710556763	0.05432428419589996	1.000007861929456	4.630639643382223e-05	6.54876487165632e-05	1.414224680820358	1376256	688128	1
H4	1	updated_memory_branch_merge	branch_alignment	0.017007334298311666	0.017003554850816727	0.9997777754333133	5.96603010413788e-06	8.435365724642302e-06	1.413899289376994	8126464	4063232	1
H4	2	hidden_unitary_rotation	local_vjp	0.03999060392379761	0.03999060392379761	1.0	4.820846994100897e-05	4.820846994100897e-05	1.0	688128	688128	1
H4	2	query_projection	local_vjp	0.0005037998780608177	0.0002920750994235277	0.579744283678189	1.3915637114756248e-06	3.520950490746983e-07	0.25302114892126215	131072	688128	1
H4	2	key_projection	local_vjp	0.01679338328540325	0.009829538874328136	0.5853221299886566	4.638560625067758e-05	1.1849459194464386e-05	0.2554555206291239	131072	688128	1
H4	2	value_projection	local_vjp	0.06780833005905151	0.03886562958359718	0.5731689535747406	0.00013455728951828713	4.685231908699085e-05	0.3481960676728951	253952	688128	1
H4	2	fused_qkv_projection	local_vjp	0.06985872287613669	0.03999016061425209	0.5724433394689568	9.724233872027179e-05	4.820793553360316e-05	0.49575047420731577	516096	688128	1
H4	2	rank1_write	local_vjp	0.017001841217279434	0.06985690622671269	4.108784768305871	8.434515600904537e-06	0.00011258108950021822	13.347665097465082	4063232	385024	1
H4	2	memory_unitary_rotation	local_vjp	0.017001841217279434	0.017001841217279434	1.0	8.434515600904537e-06	8.434515600904537e-06	1.0	4063232	4063232	1
H4	2	memory_add_rotated_edge	local_vjp	0.017001841217279434	0.017001841217279434	1.0	8.434515600904537e-06	8.434515600904537e-06	1.0	4063232	4063232	1
H4	2	memory_add_write_edge	local_vjp	0.017001841217279434	0.017001841217279434	1.0	8.434515600904537e-06	8.434515600904537e-06	1.0	4063232	4063232	1
H4	2	complex_read_query_edge	local_vjp	0.0002061528357444331	0.0005037998780608177	2.443817356387843	4.090849425155065e-07	1.3915637114756248e-06	3.4016497965404264	253952	131072	1
H4	2	complex_read_memory_edge	local_vjp	0.0002061528357444331	0.00025771104265004396	1.250097005551393	4.090849425155065e-07	1.2784896541369957e-07	0.3125242513878482	253952	4063232	1
H4	2	complex_read_combined_inputs	local_vjp	0.0002061528357444331	0.0005658880619326296	2.7449928587650323	4.090849425155065e-07	2.763125302405418e-07	0.6754404807506892	253952	4194304	1
H4	2	complex_to_real_flatten	local_vjp	0.0002061528357444331	0.0002061528357444331	1.0	4.090849425155065e-07	4.090849425155065e-07	1.0	253952	253952	1
H4	2	output_projection	local_vjp	0.00035696494160220027	0.0002061528357444331	0.577515637303589	4.303194242831407e-07	4.090849425155065e-07	0.9506541406932577	688128	253952	1
H4	2	residual_rotated_edge	local_vjp	0.00035696494160220027	0.00035696494160220027	1.0	4.303194242831407e-07	4.303194242831407e-07	1.0	688128	688128	1
H4	2	residual_delta_edge	local_vjp	0.00035696494160220027	0.00035696494160220027	1.0	4.303194242831407e-07	4.303194242831407e-07	1.0	688128	688128	1
H4	2	rms_postnorm	local_vjp	0.007241983897984028	0.00035696494160220027	0.049291043259785436	8.7301748111755e-06	4.303194242831407e-07	0.049291043259785436	688128	688128	1
H4	2	rotated_hidden_branch_merge	branch_alignment	0.03999175377403712	0.03999060392379761	0.9999712478165872	3.408951615393619e-05	4.820846994100897e-05	1.414172900645365	1376256	688128	1
H4	2	updated_memory_branch_merge	branch_alignment	0.01700931638409985	0.017001841217279434	0.9995605251468306	5.966725403193798e-06	8.434515600904537e-06	1.4135920510754207	8126464	4063232	1
H4	3	hidden_unitary_rotation	local_vjp	0.03306141868233681	0.03306141495704651	0.9999998873221281	3.98553723217489e-05	3.985536783093037e-05	0.9999998873221283	688128	688128	1
H4	3	query_projection	local_vjp	0.0007248585461638868	0.00042033116915263236	0.5798802695741379	2.0021577866933846e-06	5.067070897947959e-07	0.2530804980318938	131072	688128	1
H4	3	key_projection	local_vjp	0.015549633651971817	0.00911684986203909	0.5863064086325275	4.295020078232738e-05	1.0990316209484898e-05	0.2558850950472636	131072	688128	1
H4	3	value_projection	local_vjp	0.055647797882556915	0.03190296143293381	0.5733014179692086	0.00011042620934946344	3.845885799072739e-05	0.3482765388515463	253952	688128	1
H4	3	fused_qkv_projection	local_vjp	0.05778402837982471	0.03306080028414726	0.5721442621970336	8.043453743486837e-05	3.9854626845871896e-05	0.4954914656921358	516096	688128	1
H4	3	rank1_write	local_vjp	0.017007363960146904	0.05777948178971875	3.3973214147185025	8.437255401863748e-06	9.311716424334214e-05	11.03642829429734	4063232	385024	1
H4	3	memory_unitary_rotation	local_vjp	0.017007363960146904	0.017007363960146904	1.0	8.437255401863748e-06	8.437255401863748e-06	1.0	4063232	4063232	1
H4	3	memory_add_rotated_edge	local_vjp	0.017007363960146904	0.017007363960146904	1.0	8.437255401863748e-06	8.437255401863748e-06	1.0	4063232	4063232	1
H4	3	memory_add_write_edge	local_vjp	0.017007363960146904	0.017007363960146904	1.0	8.437255401863748e-06	8.437255401863748e-06	1.0	4063232	4063232	1
H4	3	complex_read_query_edge	local_vjp	0.00022261557751335204	0.0007248585461638868	3.2560998392864544	4.417532283815072e-07	2.0021577866933846e-06	4.532299161748921	253952	131072	1
H4	3	complex_read_memory_edge	local_vjp	0.00022261557751335204	0.00026196250109933317	1.176748294191682	4.417532283815072e-07	1.299580894879018e-07	0.2941870735479205	253952	4063232	1
H4	3	complex_read_combined_inputs	local_vjp	0.00022261557751335204	0.0007707426703699762	3.462213556568154	4.417532283815072e-07	3.763391945165899e-07	0.8519217751852526	253952	4194304	1
H4	3	complex_to_real_flatten	local_vjp	0.00022261557751335204	0.00022261557751335204	1.0	4.417532283815072e-07	4.417532283815072e-07	1.0	253952	253952	1
H4	3	output_projection	local_vjp	0.0003853337257169187	0.00022261557751335204	0.5777214986805858	4.6451784946480034e-07	4.417532283815072e-07	0.9509930111199781	688128	253952	1
H4	3	residual_rotated_edge	local_vjp	0.0003853337257169187	0.0003853337257169187	1.0	4.6451784946480034e-07	4.6451784946480034e-07	1.0	688128	688128	1
H4	3	residual_delta_edge	local_vjp	0.0003853337257169187	0.0003853337257169187	1.0	4.6451784946480034e-07	4.6451784946480034e-07	1.0	688128	688128	1
H4	3	rms_postnorm	local_vjp	0.00929544772952795	0.0003853337257169187	0.04145402533896956	1.1205615031747531e-05	4.6451784946480034e-07	0.04145402533896956	688128	688128	1
H4	3	rotated_hidden_branch_merge	branch_alignment	0.03306304579902533	0.03306141868233681	0.9999507874532064	2.8183391011872262e-05	3.98553723217489e-05	1.4141439653219805	1376256	688128	1
H4	3	updated_memory_branch_merge	branch_alignment	0.01701880147225908	0.017007363960146904	0.9993279484380367	5.970052692497682e-06	8.437255401863748e-06	1.4132631379395524	8126464	4063232	1
H4	4	hidden_unitary_rotation	local_vjp	0.048118043690919876	0.048118043690919876	1.0	5.80060573057128e-05	5.80060573057128e-05	1.0	688128	688128	1
H4	4	query_projection	local_vjp	0.044438041746616364	0.02589312382042408	0.5826792271375382	0.00012274390883470048	3.12140292693334e-05	0.25430206326058435	131072	688128	1
H4	4	key_projection	local_vjp	0.015446646139025688	0.009056316688656807	0.5862966372859528	4.266573527927369e-05	1.0917343776385504e-05	0.255880830481995	131072	688128	1
H4	4	value_projection	local_vjp	0.054260823875665665	0.03111179731786251	0.5733749526021334	0.00010767393005225794	3.750511366787353e-05	0.34832121061867977	253952	688128	1
H4	4	fused_qkv_projection	local_vjp	0.07181626166046451	0.04136563837528229	0.5759926431544464	9.996720458793424e-05	4.98660669892697e-05	0.49882426136469554	516096	688128	1
H4	4	rank1_write	local_vjp	0.017016785219311714	0.05641662773163854	3.3153516956665476	8.441929234326377e-06	9.092079450732034e-05	10.770144120329784	4063232	385024	1
H4	4	memory_unitary_rotation	local_vjp	0.017016785219311714	0.017016785219311714	1.0	8.441929234326377e-06	8.441929234326377e-06	1.0	4063232	4063232	1
H4	4	memory_add_rotated_edge	local_vjp	0.017016785219311714	0.017016785219311714	1.0	8.441929234326377e-06	8.441929234326377e-06	1.0	4063232	4063232	1
H4	4	memory_add_write_edge	local_vjp	0.017016785219311714	0.017016785219311714	1.0	8.441929234326377e-06	8.441929234326377e-06	1.0	4063232	4063232	1
H4	4	complex_read_query_edge	local_vjp	0.014488019980490208	0.044438041746616364	3.0672267022310375	2.8749693398493028e-05	0.00012274390883470048	4.269398881350656	253952	131072	1
H4	4	complex_read_memory_edge	local_vjp	0.014488019980490208	0.017016785219311714	1.1745418105598129	2.8749693398493028e-05	8.441929234326377e-06	0.2936354526399533	253952	4063232	1
H4	4	complex_read_combined_inputs	local_vjp	0.014488019980490208	0.047584772075467636	3.2844220355539284	2.8749693398493028e-05	2.3234751989974432e-05	0.808173905297798	253952	4194304	1
H4	4	complex_to_real_flatten	local_vjp	0.014488019980490208	0.014488019980490208	1.0	2.8749693398493028e-05	2.8749693398493028e-05	1.0	253952	253952	1
H4	4	output_projection	local_vjp	0.02520119957625866	0.014488019980490208	0.5748940615564572	3.0379918106874704e-05	2.8749693398493028e-05	0.9463387392077015	688128	253952	1
H4	4	residual_rotated_edge	local_vjp	0.02520119957625866	0.02520119957625866	1.0	3.0379918106874704e-05	3.0379918106874704e-05	1.0	688128	688128	1
H4	4	residual_delta_edge	local_vjp	0.02520119957625866	0.02520119957625866	1.0	3.0379918106874704e-05	3.0379918106874704e-05	1.0	688128	688128	1
H4	4	rms_postnorm	local_vjp	0.7273548245429993	0.02520119957625866	0.03464773825084985	0.000876822547172456	3.0379918106874704e-05	0.03464773825084985	688128	688128	1
H4	4	rotated_hidden_branch_merge	branch_alignment	0.04843775901378021	0.048118043690919876	0.9933994608881601	4.1289006170884927e-05	5.80060573057128e-05	1.4048789904421568	1376256	688128	1
H4	4	updated_memory_branch_merge	branch_alignment	0.017016785219311714	0.017016785219311714	1.0	8.441929234326377e-06	8.441929234326377e-06	1.0	4063232	4063232	1
mean_h1_h4	1	hidden_unitary_rotation	local_vjp	0.051301904022693634	0.051301904022693634	1.0	6.18441847666824e-05	6.18441847666824e-05	1.0	688128	688128	1
mean_h1_h4	1	query_projection	local_vjp	0.01525112520903349	0.00891125202178955	0.5843012826693779	4.212567990637766e-05	1.07424690571765e-05	0.2550099863325917	131072	688128	1
mean_h1_h4	1	key_projection	local_vjp	0.01667088083922863	0.00968453474342823	0.5809251974640315	4.604723785066971e-05	1.1674657451056595e-05	0.25353654195105646	131072	688128	1
mean_h1_h4	1	value_projection	local_vjp	0.07874419540166855	0.044870950281620026	0.5698318466870669	0.00015625816900843316	5.40917026909097e-05	0.3461687989444597	253952	688128	1
mean_h1_h4	1	fused_qkv_projection	local_vjp	0.0819216906414506	0.04683171585202217	0.5716644210504895	0.00011403381656458084	5.645539562843613e-05	0.4950759110694476	516096	688128	1
mean_h1_h4	1	rank1_write	local_vjp	0.01622948981821537	0.0804895432799312	4.9594623233068456	8.051356515865823e-06	0.00012971660162591832	16.111148645610424	4063232	385024	1
mean_h1_h4	1	memory_unitary_rotation	local_vjp	0.01622948981821537	0.01622949168086052	1.0000001147691746	8.051356515865823e-06	8.051357439913364e-06	1.0000001147691746	4063232	4063232	1
mean_h1_h4	1	memory_add_rotated_edge	local_vjp	0.01622948981821537	0.01622948981821537	1.0	8.051356515865823e-06	8.051356515865823e-06	1.0	4063232	4063232	1
mean_h1_h4	1	memory_add_write_edge	local_vjp	0.01622948981821537	0.01622948981821537	1.0	8.051356515865823e-06	8.051356515865823e-06	1.0	4063232	4063232	1
mean_h1_h4	1	complex_read_query_edge	local_vjp	0.012240947224199772	0.01525112520903349	1.245910543498034	2.4290653938687505e-05	4.212567990637766e-05	1.7342340808406342	253952	131072	1
mean_h1_h4	1	complex_read_memory_edge	local_vjp	0.012240947224199772	0.013393314555287361	1.0941403724712915	2.4290653938687505e-05	6.644346287011698e-06	0.2735350931178229	253952	4063232	1
mean_h1_h4	1	complex_read_combined_inputs	local_vjp	0.012240947224199772	0.02029723367650107	1.6581424055463942	2.4290653938687505e-05	9.910758631104037e-06	0.40800707367203737	253952	4194304	1
mean_h1_h4	1	complex_to_real_flatten	local_vjp	0.012240948155522346	0.012240947224199772	0.999999923917448	2.4290655786782587e-05	2.4290653938687505e-05	0.999999923917448	253952	253952	1
mean_h1_h4	1	output_projection	local_vjp	0.021241866052150726	0.012240948155522346	0.5762651984279393	2.5606961650725727e-05	2.4290655786782587e-05	0.9485957810263743	688128	253952	1
mean_h1_h4	1	residual_rotated_edge	local_vjp	0.021241866052150726	0.021241866052150726	1.0	2.5606961650725727e-05	2.5606961650725727e-05	1.0	688128	688128	1
mean_h1_h4	1	residual_delta_edge	local_vjp	0.021241866052150726	0.021241866052150726	1.0	2.5606961650725727e-05	2.5606961650725727e-05	1.0	688128	688128	1
mean_h1_h4	1	rms_postnorm	local_vjp	0.18130581080913544	0.021241866052150726	0.1171604261184574	0.00021856323418314728	2.5606961650725727e-05	0.11716042611845738	688128	688128	1
mean_h1_h4	1	rotated_hidden_branch_merge	branch_alignment	0.0514239874282621	0.051301904022693634	0.9976259443953316	4.3834507984834184e-05	6.18441847666824e-05	1.4108561407391451	1376256	688128	1
mean_h1_h4	1	updated_memory_branch_merge	branch_alignment	0.016330079057565478	0.01622948981821537	0.993840247864354	5.728454650888983e-06	8.051356515865823e-06	1.4055023573620078	8126464	4063232	1
mean_h1_h4	2	hidden_unitary_rotation	local_vjp	0.024333346635103226	0.024333344772458076	0.9999999234529809	2.9333725793634566e-05	2.93337235482253e-05	0.999999923452981	688128	688128	1
mean_h1_h4	2	query_projection	local_vjp	0.009292934089899063	0.005409375764429569	0.5820955698275403	2.5668346531590876e-05	6.520975012931517e-06	0.25404733432696724	131072	688128	1
mean_h1_h4	2	key_projection	local_vjp	0.009000326506793499	0.005251604598015547	0.5834904538242701	2.4860124632213725e-05	6.330782673047843e-06	0.2546561116127479	131072	688128	1
mean_h1_h4	2	value_projection	local_vjp	0.037608467042446136	0.021534400060772896	0.5725944648705961	7.462937641676778e-05	2.5959609912508854e-05	0.3478470698661262	253952	688128	1
mean_h1_h4	2	fused_qkv_projection	local_vjp	0.03977136274395001	0.02277964912354946	0.5727651141904783	5.536116562238336e-05	2.7460751333786817e-05	0.49602913929044906	516096	688128	1
mean_h1_h4	2	rank1_write	local_vjp	0.009342944249510765	0.03867043664754313	4.13899897236014	4.634980883763932e-06	6.232110931309476e-05	13.445817981990386	4063232	385024	1
mean_h1_h4	2	memory_unitary_rotation	local_vjp	0.009342944249510765	0.009342944249510765	1.0	4.634980883763932e-06	4.634980883763932e-06	1.0	4063232	4063232	1
mean_h1_h4	2	memory_add_rotated_edge	local_vjp	0.009342944249510765	0.009342944249510765	1.0	4.634980883763932e-06	4.634980883763932e-06	1.0	4063232	4063232	1
mean_h1_h4	2	memory_add_write_edge	local_vjp	0.009342944249510765	0.009342944249510765	1.0	4.634980883763932e-06	4.634980883763932e-06	1.0	4063232	4063232	1
mean_h1_h4	2	complex_read_query_edge	local_vjp	0.0050369203090667725	0.009292934089899063	1.844963493500423	9.995148733458107e-06	2.5668346531590876e-05	2.5680804974585083	253952	131072	1
mean_h1_h4	2	complex_read_memory_edge	local_vjp	0.0050369203090667725	0.006298902910202742	1.250546469608487	9.995148733458107e-06	3.124849490459444e-06	0.31263661740212173	253952	4063232	1
mean_h1_h4	2	complex_read_combined_inputs	local_vjp	0.0050369203090667725	0.011226522251853808	2.2288465099686734	9.995148733458107e-06	5.481700318287992e-06	0.5484360927955337	253952	4194304	1
mean_h1_h4	2	complex_to_real_flatten	local_vjp	0.0050369203090667725	0.0050369203090667725	1.0	9.995148733458107e-06	9.995148733458107e-06	1.0	253952	253952	1
mean_h1_h4	2	output_projection	local_vjp	0.008788294158875942	0.0050369203090667725	0.5731397035657503	1.0594243977865958e-05	9.995148733458107e-06	0.9434508733554267	688128	253952	1
mean_h1_h4	2	residual_rotated_edge	local_vjp	0.008788294158875942	0.008788294158875942	1.0	1.0594243977865958e-05	1.0594243977865958e-05	1.0	688128	688128	1
mean_h1_h4	2	residual_delta_edge	local_vjp	0.008788294158875942	0.008788294158875942	1.0	1.0594243977865958e-05	1.0594243977865958e-05	1.0	688128	688128	1
mean_h1_h4	2	rms_postnorm	local_vjp	0.17821024358272552	0.008788294158875942	0.049314191946527475	0.00021483154361230422	1.0594243977865958e-05	0.04931419194652747	688128	688128	1
mean_h1_h4	2	rotated_hidden_branch_merge	branch_alignment	0.02441611206590764	0.024333346635103226	0.9966102125276538	2.0812626807765326e-05	2.9333725793634566e-05	1.4094196789561404	1376256	688128	1
mean_h1_h4	2	updated_memory_branch_merge	branch_alignment	0.009210453941643411	0.009342944249510765	1.0143847750292005	3.2309499257667275e-06	4.634980883763932e-06	1.434556706311076	8126464	4063232	1
mean_h1_h4	3	hidden_unitary_rotation	local_vjp	0.01617831364274025	0.0161783117800951	0.999999884867781	1.9502874936033082e-05	1.9502872690623817e-05	0.9999998848677811	688128	688128	1
mean_h1_h4	3	query_projection	local_vjp	0.010444621555507183	0.006100879516452551	0.5841168570857134	2.8849463784477793e-05	7.354579274247937e-06	0.2549294964090461	131072	688128	1
mean_h1_h4	3	key_projection	local_vjp	0.006203360389918089	0.0036216629669070244	0.5838227572257568	1.7134524210371507e-05	4.365896314276583e-06	0.2548011407071293	131072	688128	1
mean_h1_h4	3	value_projection	local_vjp	0.022036053240299225	0.012650556862354279	0.5740845116138636	4.3727836876577514e-05	1.5250182052712465e-05	0.3487522626778072	253952	688128	1
mean_h1_h4	3	fused_qkv_projection	local_vjp	0.025162659676080983	0.014501743949949741	0.5763199970365116	3.502606080650566e-05	1.7481778685701125e-05	0.4991077581425914	516096	688128	1
mean_h1_h4	3	rank1_write	local_vjp	0.006719842087477446	0.022892560418976873	3.4067110686481157	3.333674994261175e-06	3.6893551870931014e-05	11.06693121988262	4063232	385024	1
mean_h1_h4	3	memory_unitary_rotation	local_vjp	0.006719842087477446	0.006719842553138733	1.0000000692964628	3.333674994261175e-06	3.3336752252730603e-06	1.0000000692964628	4063232	4063232	1
mean_h1_h4	3	memory_add_rotated_edge	local_vjp	0.006719842087477446	0.006719842087477446	1.0	3.333674994261175e-06	3.333674994261175e-06	1.0	4063232	4063232	1
mean_h1_h4	3	memory_add_write_edge	local_vjp	0.006719842087477446	0.006719842087477446	1.0	3.333674994261175e-06	3.333674994261175e-06	1.0	4063232	4063232	1
mean_h1_h4	3	complex_read_query_edge	local_vjp	0.004250851925462484	0.010444621555507183	2.457065486789646	8.43529272488656e-06	2.8849463784477793e-05	3.4200904136217476	253952	131072	1
mean_h1_h4	3	complex_read_memory_edge	local_vjp	0.004250851925462484	0.005008592735975981	1.1782562234112768	8.43529272488656e-06	2.4847340373483637e-06	0.29456405585281914	253952	4063232	1
mean_h1_h4	3	complex_read_combined_inputs	local_vjp	0.004250851925462484	0.01158344165749699	2.7249694556784014	8.43529272488656e-06	5.6559773718247025e-06	0.6705134672016692	253952	4194304	1
mean_h1_h4	3	complex_to_real_flatten	local_vjp	0.004250851925462484	0.004250851925462484	1.0	8.43529272488656e-06	8.43529272488656e-06	1.0	253952	253952	1
mean_h1_h4	3	output_projection	local_vjp	0.007391312159597874	0.004250851925462484	0.5751146526726796	8.910189272199187e-06	8.43529272488656e-06	0.9467018564022698	688128	253952	1
mean_h1_h4	3	residual_rotated_edge	local_vjp	0.007391312159597874	0.007391312159597874	1.0	8.910189272199187e-06	8.910189272199187e-06	1.0	688128	688128	1
mean_h1_h4	3	residual_delta_edge	local_vjp	0.007391312159597874	0.007391312159597874	1.0	8.910189272199187e-06	8.910189272199187e-06	1.0	688128	688128	1
mean_h1_h4	3	rms_postnorm	local_vjp	0.17819562554359436	0.007391312159597874	0.04147863976486695	0.00021481392164036817	8.910189272199187e-06	0.041478639764866945	688128	688128	1
mean_h1_h4	3	rotated_hidden_branch_merge	branch_alignment	0.01627673410210179	0.01617831364274025	0.9939533042228151	1.3874510061300323e-05	1.9502874936033082e-05	1.405662243197456	1376256	688128	1
mean_h1_h4	3	updated_memory_branch_merge	branch_alignment	0.0065714676743390404	0.006719842087477446	1.0225785806902457	2.305215696111038e-06	3.333674994261175e-06	1.4461444974043756	8126464	4063232	1
mean_h1_h4	4	hidden_unitary_rotation	local_vjp	0.012029510922729969	0.012029510922729969	1.0	1.45015143264282e-05	1.45015143264282e-05	1.0	688128	688128	1
mean_h1_h4	4	query_projection	local_vjp	0.011109510436654091	0.00647328095510602	0.5826792271375382	3.068597720867512e-05	7.80350731733335e-06	0.25430206326058435	131072	688128	1
mean_h1_h4	4	key_projection	local_vjp	0.003861661534756422	0.0022640791721642017	0.5862966372859528	1.0666433819818423e-05	2.729335944096376e-06	0.255880830481995	131072	688128	1
mean_h1_h4	4	value_projection	local_vjp	0.013565205968916416	0.007777949329465628	0.5733749526021334	2.6918482513064486e-05	9.376278416968382e-06	0.34832121061867977	253952	688128	1
mean_h1_h4	4	fused_qkv_projection	local_vjp	0.017954065415116127	0.010341409593820572	0.5759926431544464	2.499180114698356e-05	1.2466516747317425e-05	0.49882426136469554	516096	688128	1
mean_h1_h4	4	rank1_write	local_vjp	0.0042541963048279285	0.014104156932909635	3.3153516956665476	2.110482308581594e-06	2.2730198626830086e-05	10.770144120329784	4063232	385024	1
mean_h1_h4	4	memory_unitary_rotation	local_vjp	0.0042541963048279285	0.0042541963048279285	1.0	2.110482308581594e-06	2.110482308581594e-06	1.0	4063232	4063232	1
mean_h1_h4	4	memory_add_rotated_edge	local_vjp	0.0042541963048279285	0.0042541963048279285	1.0	2.110482308581594e-06	2.110482308581594e-06	1.0	4063232	4063232	1
mean_h1_h4	4	memory_add_write_edge	local_vjp	0.0042541963048279285	0.0042541963048279285	1.0	2.110482308581594e-06	2.110482308581594e-06	1.0	4063232	4063232	1
mean_h1_h4	4	complex_read_query_edge	local_vjp	0.003622004995122552	0.011109510436654091	3.0672267022310375	7.187423349623257e-06	3.068597720867512e-05	4.269398881350656	253952	131072	1
mean_h1_h4	4	complex_read_memory_edge	local_vjp	0.003622004995122552	0.0042541963048279285	1.1745418105598129	7.187423349623257e-06	2.110482308581594e-06	0.2936354526399533	253952	4063232	1
mean_h1_h4	4	complex_read_combined_inputs	local_vjp	0.003622004995122552	0.011896193018866909	3.2844220355539284	7.187423349623257e-06	5.808687997493608e-06	0.808173905297798	253952	4194304	1
mean_h1_h4	4	complex_to_real_flatten	local_vjp	0.003622004995122552	0.003622004995122552	1.0	7.187423349623257e-06	7.187423349623257e-06	1.0	253952	253952	1
mean_h1_h4	4	output_projection	local_vjp	0.006300299894064665	0.003622004995122552	0.5748940615564572	7.594979526718676e-06	7.187423349623257e-06	0.9463387392077015	688128	253952	1
mean_h1_h4	4	residual_rotated_edge	local_vjp	0.006300299894064665	0.006300299894064665	1.0	7.594979526718676e-06	7.594979526718676e-06	1.0	688128	688128	1
mean_h1_h4	4	residual_delta_edge	local_vjp	0.006300299894064665	0.006300299894064665	1.0	7.594979526718676e-06	7.594979526718676e-06	1.0	688128	688128	1
mean_h1_h4	4	rms_postnorm	local_vjp	0.18183870613574982	0.006300299894064665	0.03464773825084985	0.000219205636793114	7.594979526718676e-06	0.03464773825084985	688128	688128	1
mean_h1_h4	4	rotated_hidden_branch_merge	branch_alignment	0.012109439753445052	0.012029510922729969	0.9933994608881601	1.0322251542721232e-05	1.45015143264282e-05	1.4048789904421568	1376256	688128	1
mean_h1_h4	4	updated_memory_branch_merge	branch_alignment	0.0042541963048279285	0.0042541963048279285	1.0	2.110482308581594e-06	2.110482308581594e-06	1.0	4063232	4063232	1
