loss_source	group	numel	gradient_l2	gradient_rms	gradient_max_abs	finite	present_parameters	group_parameters
H1	central.step1	2022176	104.59993252470487	0.073556647737097	11.737442016601562	1	6	6
H1	central.step2	2022176	0.0	0.0	0.0	1	6	6
H1	central.step3	2022176	0.0	0.0	0.0	1	6	6
H1	central.step4	2022176	0.0	0.0	0.0	1	6	6
H2	central.step1	2022176	23.974019339132916	0.016858983106460914	0.9500400424003601	1	6	6
H2	central.step2	2022176	50.180361649279746	0.035287777879631256	5.410212516784668	1	6	6
H2	central.step3	2022176	0.0	0.0	0.0	1	6	6
H2	central.step4	2022176	0.0	0.0	0.0	1	6	6
H3	central.step1	2022176	21.630421016180026	0.015210920511028726	0.8326011300086975	1	6	6
H3	central.step2	2022176	16.526257814276565	0.01162157656430685	0.2627953290939331	1	6	6
H3	central.step3	2022176	56.99226530489913	0.040078037161080556	9.46627426147461	1	6	6
H3	central.step4	2022176	0.0	0.0	0.0	1	6	6
H4	central.step1	2022176	24.475891348667002	0.017211908980535342	0.9676694869995117	1	6	6
H4	central.step2	2022176	18.965165391085094	0.013336662426797926	0.3025982081890106	1	6	6
H4	central.step3	2022176	15.815066798035238	0.01112145361209466	0.264320433139801	1	6	6
H4	central.step4	2022176	76.80571001828514	0.05401122562558328	13.687722206115723	1	6	6
mean_h1_h4	central.step1	2022176	31.740396068584015	0.022320445876973672	2.9329581260681152	1	6	6
mean_h1_h4	central.step2	2022176	16.631274507216183	0.011695426285837501	1.3500926494598389	1	6	6
mean_h1_h4	central.step3	2022176	15.619219570535162	0.010983730143486229	2.367492198944092	1	6	6
mean_h1_h4	central.step4	2022176	19.201427504571285	0.01350280640639582	3.4219305515289307	1	6	6
