step	train_loss	train_token_ce	train_no_auxiliary_loss	gradient_norm	val_evaluated_boundaries	val_h1_validation_nll	val_h1_validation_accuracy	val_block_validation_nll	val_block_validation_accuracy	val_h1_latent_relative_mse	val_h1_posterior_target_accuracy	val_exact_block_token_agreement	val_mean_overall_cosine	val_mean_overall_relative_mse	val_h2_h4_token_agreement	val_h2_h4_no_write_token_agreement	val_posterior_readout_logit_abs_delta	val_learned_read_beta	val_h1_ar_parallel_max_logit_error	val_h1_overall_cosine	val_h1_overall_relative_mse	val_h1_one_step_closure_cosine	val_h1_one_step_closure_relative_mse	val_h1_path_cosine	val_h1_path_relative_mse	val_h1_token_agreement	val_h1_no_write_token_agreement	val_h1_posterior_readout_token_agreement	val_h1_posterior_target_accuracy	val_h1_target_nll	val_h1_target_accuracy	val_h1_readout_entropy	val_h1_posterior_entropy	val_h1_readout_max_probability	val_h1_posterior_max_probability	val_h1_posterior_max_probability_ge_099	val_h1_memory_energy	val_h1_memory_energy_per_write	val_h1_innovation_energy	val_h1_preliminary_hidden_rms	val_h1_recurrent_hidden_rms	val_h1_parallel_logit_rms	val_h2_overall_cosine	val_h2_overall_relative_mse	val_h2_one_step_closure_cosine	val_h2_one_step_closure_relative_mse	val_h2_path_cosine	val_h2_path_relative_mse	val_h2_token_agreement	val_h2_no_write_token_agreement	val_h2_posterior_readout_token_agreement	val_h2_posterior_target_accuracy	val_h2_target_nll	val_h2_target_accuracy	val_h2_readout_entropy	val_h2_posterior_entropy	val_h2_readout_max_probability	val_h2_posterior_max_probability	val_h2_posterior_max_probability_ge_099	val_h2_memory_energy	val_h2_memory_energy_per_write	val_h2_innovation_energy	val_h2_preliminary_hidden_rms	val_h2_recurrent_hidden_rms	val_h2_parallel_logit_rms	val_h3_overall_cosine	val_h3_overall_relative_mse	val_h3_one_step_closure_cosine	val_h3_one_step_closure_relative_mse	val_h3_path_cosine	val_h3_path_relative_mse	val_h3_token_agreement	val_h3_no_write_token_agreement	val_h3_posterior_readout_token_agreement	val_h3_posterior_target_accuracy	val_h3_target_nll	val_h3_target_accuracy	val_h3_readout_entropy	val_h3_posterior_entropy	val_h3_readout_max_probability	val_h3_posterior_max_probability	val_h3_posterior_max_probability_ge_099	val_h3_memory_energy	val_h3_memory_energy_per_write	val_h3_innovation_energy	val_h3_preliminary_hidden_rms	val_h3_recurrent_hidden_rms	val_h3_parallel_logit_rms	val_h4_overall_cosine	val_h4_overall_relative_mse	val_h4_one_step_closure_cosine	val_h4_one_step_closure_relative_mse	val_h4_path_cosine	val_h4_path_relative_mse	val_h4_token_agreement	val_h4_no_write_token_agreement	val_h4_posterior_readout_token_agreement	val_h4_posterior_target_accuracy	val_h4_target_nll	val_h4_target_accuracy	val_h4_readout_entropy	val_h4_posterior_entropy	val_h4_readout_max_probability	val_h4_posterior_max_probability	val_h4_posterior_max_probability_ge_099	val_h4_memory_energy	val_h4_memory_energy_per_write	val_h4_innovation_energy	val_h4_preliminary_hidden_rms	val_h4_recurrent_hidden_rms	val_h4_parallel_logit_rms	val_no_auxiliary_loss	lr	wall_s	unique_tokens_per_s	ce_labels_per_s	peak_vram_bytes
0	nan	nan	nan	nan	4096.0	6.336481556296349	0.002197265625	6.291468275267107	0.00250244140625	1.000157605856657	0.002197265625	0.403564453125	-0.0009900025401208268	1.0001613135791558	0.6586100260416666	0.6409505208333334	0.33371818996965885	nan	1.4603137969970703e-05	-0.003861798364482638	1.0002356175682507	-0.003861798364482638	1.0002356175682507	0.9999999922001734	0.0	1.0	1.0	0.634765625	0.002197265625	6.336481577018276	0.002197265625	4.051480112146237	4.027008909179131	0.1495474559151262	0.15541910141564586	0.0	0.908004729935783	0.4540023649678915	0.39392715688154567	0.003860020878448722	0.0036387674088018684	1.6316961192060262	-0.005714216430789065	1.0002607039205031	0.007382358665154243	0.9999714983714512	0.06105782221095524	1.9175657884043176	0.677734375	0.64208984375	0.65869140625	0.001708984375	6.318067362502916	0.001953125	4.075545577798039	4.051192763290601	0.14843982053116633	0.15392927974971826	0.0	1.3361801241408102	0.44539337474270724	0.38476054913917324	0.0036559273962097905	0.0036815668120198097	1.617293696734123	0.004608653174926758	1.0000269633746939	0.0060790371801857646	1.0000186811230378	0.012267960409417356	1.868683580934885	0.6669921875	0.6689453125	0.637939453125	0.00341796875	6.277510817948496	0.002197265625	4.0869742607173976	4.074392596172402	0.14637552467138448	0.1540109034995112	0.0	1.817540643940447	0.4543851609851117	0.40397830756774056	0.0036431611924854224	0.0037618183677636807	1.6040193820372224	0.0010073514598616384	1.0001219694531756	0.005688318567962369	1.000048362504458	0.004093640904272888	1.7392755471228156	0.631103515625	0.61181640625	0.6181640625	0.0048828125	6.23381334359874	0.003662109375	4.129785542259924	4.087683861798723	0.1427816553359662	0.15066927624957316	0.0	2.3358208223071415	0.4671641647000797	0.3904967061971547	0.003737579860057849	0.003824452230787756	1.5950902996701188	0.0	0.0	2.8536434173583984	0.0	0.0	300690432
1	6.287130355834961	6.287130355834961	0.0	87.62864685058594	4096.0	6.1577454805374146	0.00439453125	6.075855829825741	0.0052490234375	1.000142890959978	0.00390625	0.38427734375	-0.0010024467671669868	1.0001608749007573	0.6322428385416666	0.6251627604166666	0.33553499914705753	nan	1.33514404296875e-05	-0.003409614082158896	1.0002235317224404	-0.003409614082158896	1.0002235317224404	0.9999999900755938	0.0	1.0	1.0	0.630615234375	0.00390625	6.157745495147537	0.00439453125	4.158503636019304	4.105386848474154	0.13211946540650388	0.142891455586323	0.0	0.9049835968908155	0.45249179844540777	0.3915658670521225	0.0038378004803121257	0.0036604789301009077	1.6210525475325994	-0.003309199494310633	1.0002088910405291	0.007343548871915573	0.9999727168760728	0.044737176779221954	1.9764804283331614	0.652099609375	0.631103515625	0.666748046875	0.00341796875	6.094193914585048	0.00390625	4.197030212468235	4.129622171443771	0.1280300945036288	0.14332482281952252	0.0	1.3311763642996084	0.44372545494843507	0.39508437761105597	0.0038264734416202373	0.0037005337753726053	1.605700965912547	0.002465122832063571	1.000074711148045	0.00609986397947182	1.0000167086836882	0.012732046981454914	1.898314777223277	0.649658203125	0.65185546875	0.648681640625	0.005859375	6.028744739538524	0.004638671875	4.2316337063821265	4.135545558779995	0.12385297221953806	0.14365936519425304	0.00244140625	1.806772179377731	0.45169304484443273	0.39785781107639195	0.00369031119828378	0.003781053774616794	1.5910738266829867	0.00024390367573801086	1.0001363656920148	0.005432710475929525	1.000052608520491	0.008702401663413184	1.7511471248726593	0.594970703125	0.592529296875	0.599365234375	0.007568359375	6.022739170031855	0.008056640625	4.248381443612743	4.1645298650546465	0.12404019158930168	0.1382858252918595	0.0	2.336777335993247	0.46735546705895104	0.39119074427799205	0.0038124765860061416	0.003830446814959032	1.5816104599216487	0.0	2.9999999999999997e-06	6.383113384246826	2606.878336372123	2566.7725158125522	2713075200
50	3.080955386161804	3.080955386161804	0.0	32.31557083129883	4096.0	2.6970191672444344	0.243896484375	3.0529528406768804	0.18182373046875	1.019093293696642	0.12646484375	0.084228515625	-0.05138737011547079	1.0273752128050546	0.4474283854166667	0.5074869791666666	0.3835699185729027	nan	1.430511474609375e-05	-0.03798083727406265	1.020029320847243	-0.03798083727406265	1.020029320847243	0.9999999894644134	0.0	1.0	1.0	0.242919921875	0.12646484375	2.697019157018076	0.243896484375	2.4626234406532603	2.8001916510656883	0.3134705985776236	0.19319879369322734	0.0	1.36332154655247	0.681660773276235	0.7972952097043162	0.03335712249418066	0.03258483870172313	3.0256865942501463	-0.05165301261126842	1.0325058624875965	-0.026225563528782914	1.0182547311706003	0.620173328412875	1.3524601646531664	0.41552734375	0.488037109375	0.583251953125	0.158935546875	3.033811306271673	0.179931640625	2.7692708819449763	2.948749045986915	0.22110148103456595	0.17139889133795805	0.0	2.120056588173611	0.7066855292068794	0.7121305744440178	0.03300970919372048	0.04093826475491369	3.101381647400558	-0.05623577435983407	1.030182931383024	-0.021013000999687392	1.0177712359727593	0.5058361000870946	1.649449531772916	0.34423828125	0.50634765625	0.585205078125	0.144775390625	3.2052362078611623	0.1728515625	2.948403601098107	2.9921244499855675	0.1724811789172236	0.1623730576793605	0.0	3.3102873091120273	0.8275718272780068	0.5484181127903867	0.031144496306978908	0.03812891691632103	3.1135376960155554	-0.05967985621671801	1.026782736502355	-0.017305104732031396	1.0168091837404063	0.41917125599314886	1.7283465351029008	0.58251953125	0.528076171875	0.7568359375	0.11669921875	3.2757446915566106	0.130615234375	2.9716663743020035	3.0044743254838977	0.16409099097836588	0.16005947417033894	0.0	5.122028960438911	1.024405792093603	0.47538385045481846	0.030475028889213718	0.03473085963810263	3.1103431438677944	0.0	0.00015	37.691410541534424	22073.994792080528	21734.394872202367	2816060416
100	3.032718777656555	3.032718777656555	0.0	16.528905868530273	4096.0	2.64637191593647	0.242919921875	3.1314240221653904	0.1331787109375	1.053343515843153	0.0751953125	0.063232421875	-0.0368124594258461	1.0545861105529184	0.362548828125	0.3521321614583333	0.7908280119299889	nan	1.33514404296875e-05	-0.02235618193708433	1.0506661328981863	-0.02235618193708433	1.0506661328981863	0.9999999916035449	0.0	1.0	1.0	0.15576171875	0.0751953125	2.646371931161184	0.242919921875	2.559242489773169	2.985883114626631	0.29329644298741187	0.18643557423274615	0.0	1.527201391523704	0.763600695761852	0.8960854114848189	0.0633489807969454	0.06976470334893747	2.7558594356523827	-0.035062647992162965	1.0728243456687778	0.001453127206531235	1.0307835238490952	-0.12590295773333082	3.948777612800768	0.225830078125	0.274658203125	0.4501953125	0.069580078125	3.1639673754652904	0.118408203125	2.814694567612605	3.055947067361558	0.2303190352031379	0.17340502785009448	0.0	2.5964318145124707	0.8654772714071441	0.879525973519776	0.06697288100940568	0.08709616511941931	2.9098281706683338	-0.04904200947856907	1.0500121078803204	0.006786685668885184	1.029312776066945	-0.04862023017045658	2.620484380713606	0.465576171875	0.340087890625	0.58154296875	0.07373046875	3.320161966388696	0.08642578125	3.011862229614053	3.005630223080516	0.17547292880590248	0.16675962249973963	0.0	4.122968665265944	1.030742166316486	0.7523350097981165	0.05319652525258789	0.06501902000672999	2.7658346155076288	-0.040788998295568035	1.044841855764389	0.013395865169684384	1.0298130425799172	-0.1579869783677168	2.810396702363505	0.396240234375	0.441650390625	0.5625	0.059814453125	3.3951948156463914	0.0849609375	3.010809428873472	2.9771610261523165	0.16998218745902705	0.16749832754976524	0.0	5.939296151685994	1.1878592309658416	0.6575239339654217	0.05319871799656539	0.0634852198641056	2.7438342202221975	0.0	0.0003	69.26147627830505	24024.899401707076	23655.285564757738	2816060416
200	2.7908847332000732	2.7908847332000732	0.0	3.782109022140503	4096.0	2.2785345055162907	0.341796875	2.8565506861505305	0.24481201171875	1.0707939714193344	0.193115234375	0.040283203125	-0.019950096630694247	1.0612443618665566	0.3052571614583333	0.3111979166666667	0.8293454051017761	nan	1.71661376953125e-05	-0.0021145074846913303	1.063239659750252	-0.0021145074846913303	1.063239659750252	0.9999999908322934	0.0	1.0	1.0	0.33740234375	0.193115234375	2.2785345070277145	0.341796875	2.168384118891538	2.6753763094820897	0.3810069650735386	0.2662641113784048	0.0	0.47405292378971353	0.23702646189485677	0.22319447929476155	0.11752521671951399	0.12632230398048705	3.369602109713014	-0.02212901440287851	1.0815834615495987	1.5153919093791046e-05	1.0515681431716075	0.7191858454532394	1.0884645253145209	0.2197265625	0.254150390625	0.638916015625	0.1943359375	2.8447874089983998	0.23974609375	2.679487121512466	2.9058197128615575	0.2710961641587346	0.23774612025044917	0.0	0.8464053281932138	0.28213510955902166	0.3842100640940771	0.08743371935179312	0.13652047002142353	3.2656141587067395	-0.030171776285669694	1.0638123048993293	-0.0012434923014552623	1.0461460841761436	0.5589676053497215	1.3936766459955834	0.269775390625	0.25537109375	0.83349609375	0.1875	3.101260045996014	0.2001953125	2.8787977722195137	2.9602270912710082	0.2521705626240873	0.24247465276857838	0.0	1.2931938315741718	0.32329845789354295	0.32191451719700126	0.07547046117133505	0.11498796068826778	3.1987822056398727	-0.025385088349537455	1.0363420212670462	0.007112770715707484	1.0434958504483802	0.3134960068037458	1.5772363606938598	0.42626953125	0.424072265625	0.932861328125	0.19287109375	3.201620782579994	0.197509765625	2.9613781730877236	3.0205071186937857	0.24404409154158202	0.23232686323353846	0.0	2.0172028637316544	0.4034405725324177	0.2972030300152255	0.06159722463507933	0.0881914551787304	3.1150211909553036	0.0	0.0002998124706226555	130.24487829208374	25551.868477597367	25158.762808711253	2816060416
300	2.7369258403778076	2.7369258403778076	0.0	3.8962674140930176	4096.0	2.115126647055149	0.385498046875	2.737184887390677	0.2662353515625	1.0469611287117004	0.182861328125	0.009521484375	-0.011227938916889002	1.0520268951077014	0.22493489583333334	0.23893229166666666	0.9425639137625694	nan	3.337860107421875e-05	0.012973508805202982	1.045198565494502	0.012973508805202982	1.045198565494502	0.9999999914725777	0.0	1.0	1.0	0.26025390625	0.182861328125	2.1151266582172115	0.385498046875	2.0425117477419974	2.7795263615844306	0.4052279863963122	0.22293289861227095	0.0	0.3686187844687083	0.18430939223435416	0.15101686551133753	0.1393812905116647	0.13781562745316478	3.636573429190321	-0.01227439997694546	1.0676051416667178	0.008665206587181729	1.0303839746047743	0.6493374575250073	1.859288904330242	0.1962890625	0.205322265625	0.503662109375	0.185546875	2.7262921326955203	0.263427734375	2.565900889289395	2.774691302811334	0.28136833671123895	0.23937339705662453	0.000244140625	0.6229629400040722	0.20765431334802997	0.25985790407503373	0.10688903094433044	0.1526225093557514	3.7817452922463417	-0.02381470782489714	1.0583716330584139	0.012374333206935262	1.0240795241406886	0.527137862846871	2.2735229006866575	0.199951171875	0.183349609375	0.74658203125	0.197998046875	2.987291969349272	0.213134765625	2.884585952159682	2.947301266613067	0.2194093839989364	0.2136743469745852	0.0	0.9502789833059069	0.23756974582647672	0.23378040348688955	0.09270476561869145	0.13474175928513432	3.537214658630546	-0.02179615667091639	1.036932240211172	0.015536967661830658	1.0214236751926364	0.34814341406990934	2.802240601973608	0.278564453125	0.328125	0.89404296875	0.19775390625	3.1200287893007044	0.202880859375	3.0146445741702337	3.022820280457381	0.20117792454129813	0.20390928245433315	0.0	1.5418881782679819	0.3083776358726027	0.232231874630088	0.07832948652276173	0.10493134338457821	3.376384390925523	0.0	0.00029924281978856057	190.8235411643982	26160.29431976265	25757.82825330476	2816060416
400	2.66518497467041	2.66518497467041	0.0	4.376575469970703	4096.0	1.9926353096961975	0.4189453125	2.650588662560288	0.28045654296875	1.0588203445076942	0.150634765625	0.021728515625	-0.014652735884254753	1.0639536629387294	0.21573893229166666	0.197265625	1.1744931600987911	nan	4.1961669921875e-05	0.008136613412261795	1.056183035558206	0.008136613412261795	1.056183035558206	0.9999999908031896	0.0	1.0	1.0	0.218505859375	0.150634765625	1.9926353227175788	0.4189453125	1.9338079695783392	2.7762931283796206	0.4371438802454577	0.2229936751200512	0.000244140625	0.4236354877903068	0.2118177438951534	0.14635648242801835	0.1665229931641079	0.16437832013434672	3.532836904632859	-0.017390513849250056	1.0846995712490752	0.008188334251599372	1.037568724990706	0.710230597048394	1.3608477063698956	0.19189453125	0.212158203125	0.394775390625	0.16064453125	2.596942955574299	0.280517578125	2.5373137295622996	2.7799600863363594	0.284211842541481	0.22169297899017693	0.0	0.7454682640673127	0.248489421337581	0.3214186668210459	0.1147617156520937	0.18908782644575695	3.7738715882587712	-0.024918584160218415	1.0739809118094854	0.008234482249378061	1.0315596912114415	0.6536010465563322	1.786063116227524	0.228515625	0.184326171875	0.62109375	0.177001953125	2.923011815209536	0.228759765625	2.812142536106407	2.886234740843065	0.22074984878236137	0.2105347696924582	0.0	1.1516113194957143	0.28790282987392857	0.33676994139568706	0.10857565388505463	0.17315229399173404	3.7355077317915857	-0.024438458939812335	1.040951133138151	0.0046359165282297	1.0303482234157855	0.5440767840859735	1.3237038029565156	0.226806640625	0.1953125	0.75244140625	0.173828125	3.0897645567397376	0.193603515625	2.933081390698135	2.9688567402481567	0.202398465899023	0.19497923231028835	0.0	1.7285305285913637	0.34570610590162687	0.25293802757005324	0.09710272211486881	0.12205024689319544	3.641426232876256	0.0	0.00029829264309676564	251.63775634765625	26450.72065737322	26043.78649341363	2816060416
500	2.5534133911132812	2.5534133911132812	0.0	6.1785407066345215	4096.0	1.8787999264895916	0.455810546875	2.5671357367676393	0.30572509765625	1.060050267726183	0.165771484375	0.016845703125	-0.017632472568237745	1.0731899007987522	0.186279296875	0.204345703125	1.5379539094865322	nan	6.866455078125e-05	0.0076821733099450284	1.0552622957184212	0.0076821733099450284	1.0552622957184212	0.9999999899155227	0.0	1.0	1.0	0.2265625	0.165771484375	1.8787999391990953	0.455810546875	1.8510548579820565	2.774209202874772	0.4676122511200447	0.2447690314911597	0.0	0.5378084359381319	0.26890421796906594	0.20603059036875493	0.17177158229060296	0.18132958590467751	3.7680247178068385	-0.018327842541168593	1.0963030784478178	0.007462322145102007	1.0350651192420628	0.6354809368585848	2.1747246022405307	0.18701171875	0.205078125	0.372802734375	0.172607421875	2.50655106219417	0.311279296875	2.4582832643084203	2.785370857876842	0.322169613904407	0.24337026202738343	0.0	0.8731986887214589	0.2910662296890223	0.3397391052203602	0.1340243069043936	0.21851666812108306	4.00812956050504	-0.032442397987381355	1.0933869619766483	0.0010044474507253653	1.0318791143217823	0.6086639911959537	2.3116333921707337	0.189208984375	0.167724609375	0.57958984375	0.18408203125	2.8414565174812587	0.241943359375	2.824194628107602	2.9286266534909373	0.24831006881413487	0.22893529599605245	0.0	1.3374729083443526	0.33436822708608815	0.3729437833208067	0.11644146375692799	0.20583495570917876	3.881484387209639	-0.02744182305434606	1.0478072670521215	-0.0017237199010082804	1.0342436201317469	0.4791906800730885	1.5238498411217734	0.1826171875	0.240234375	0.73486328125	0.19189453125	3.0417354281960343	0.2138671875	2.960914835028234	3.021878390412894	0.2248475248215982	0.22020773737494892	0.0	2.0462343511462677	0.409246869981871	0.3556725430644292	0.09703443041871651	0.1431095997168086	3.7055358719662763	0.0	0.00029696463392633697	312.2837588787079	26642.43580861827	26232.552180793373	2816060416
600	2.5153969526290894	2.5153969526290894	0.0	2.731186866760254	4096.0	1.8251450285315514	0.472900390625	2.50691116460819	0.32025146484375	1.0603250190615654	0.14599609375	0.02880859375	-0.02274322572580445	1.0751119676569942	0.234619140625	0.236572265625	1.625085674226284	nan	0.00011444091796875	0.005062790448789656	1.0552855378336972	0.005062790448789656	1.0552855378336972	0.9999999924330041	0.0	1.0	1.0	0.22607421875	0.14599609375	1.8251450310565709	0.472900390625	1.7793062532470607	2.777241655785474	0.49087179300931894	0.241646820247297	0.0	0.5851567324079952	0.2925783662039976	0.23297214542071742	0.18501259860568098	0.1971110181257245	4.085759414767381	-0.020613131417633213	1.1007953186053783	-0.0009045770542570608	1.03877568464668	0.6543033411951455	1.9524602557185062	0.226806640625	0.26171875	0.36376953125	0.17333984375	2.4189683142698897	0.332763671875	2.374692370204343	2.836990237941791	0.3439857486764595	0.22737985226376622	0.0	0.9374017584850662	0.31246725273922493	0.34804714321398933	0.15170010492056463	0.24108975895615004	4.544328289979603	-0.0339920374515259	1.092924651238718	0.0004755063343964139	1.0336225727951387	0.5599849231654161	2.3637495394414145	0.250244140625	0.2138671875	0.590576171875	0.18408203125	2.789796979418929	0.25537109375	2.7668962004732123	2.9634747295931447	0.26245771093181247	0.21420629907152033	0.0	1.4016869976767339	0.35042174941918347	0.35192220176395494	0.1372430425726634	0.2281251271842848	4.011385023768526	-0.04143052448284834	1.0514423629501835	0.0030821702066532453	1.0315753917529946	0.3773084768907893	1.664966619833649	0.226806640625	0.234130859375	0.803955078125	0.194091796875	2.993734333687371	0.219970703125	2.9804164295183	3.0744291116134264	0.2213508246522906	0.20459617746928416	0.0	2.10272433742648	0.4205448676329979	0.3012649872543989	0.11116916743139882	0.15579625320788182	3.814685959427152	0.0	0.00029526255666355165	373.41998648643494	26736.651388001388	26325.318289724444	2816060416
700	2.4883094429969788	2.4883094429969788	0.0	4.265501022338867	4096.0	1.7778620310127735	0.491455078125	2.4651504530144255	0.333984375	1.0559132993221283	0.1376953125	0.01806640625	-0.025974852373991553	1.0824214721251337	0.19905598958333334	0.21875	2.015320647507906	nan	8.392333984375e-05	0.006032013961316807	1.053155500718276	0.006032013961316807	1.053155500718276	0.999999990221113	0.0	1.0	1.0	0.19873046875	0.1376953125	1.7778620424708498	0.491455078125	1.7474635069820792	2.7572539777538623	0.49814516619790083	0.23812422473747574	0.0	0.5741092618027324	0.2870546309013662	0.23085895751501084	0.19586462483130163	0.20294350020958518	4.199780595314223	-0.025581987399391437	1.0959341490233783	-0.0024807898979304355	1.0400230604718672	0.6539036871693042	1.7787627455709298	0.179931640625	0.213623046875	0.3271484375	0.175048828125	2.3693195127626163	0.341552734375	2.3050481964029963	2.7044397379722795	0.35432466160818876	0.2504125513642066	0.0	0.9495998360434896	0.3165332786993531	0.37384896613366436	0.15087973508525465	0.2393252750935062	5.412669974961318	-0.04141099591299735	1.1106617006735178	-0.0016035570394024035	1.0326175196678378	0.5493781792119989	2.7328657897105586	0.204345703125	0.204345703125	0.498046875	0.188720703125	2.7484679716973233	0.271484375	2.6928012001953903	2.8363498756007175	0.26279879807771067	0.23291115628489933	0.0	1.4565740295802243	0.3641435073950561	0.40001565349302837	0.14019544806615158	0.2524443598540529	5.000019806990167	-0.04293844014489423	1.0699345380853629	0.004168585096522293	1.0294408059708076	0.31497501459136856	2.260025381028754	0.212890625	0.23828125	0.72607421875	0.21044921875	2.9649522851269126	0.2314453125	2.9187470221340845	3.001452523720218	0.21776676780973503	0.20301806168026815	0.0	2.1785560300631914	0.43571120632623206	0.3181047069847409	0.13288961635771557	0.1945820056653247	4.312449265678879	0.0	0.0002931912360313357	434.07864356040955	26833.847213630495	26421.018794959255	2816060416
800	2.4248358607292175	2.4248358607292175	0.0	3.282790422439575	4096.0	1.7263678722083569	0.495849609375	2.436559577188449	0.333740234375	1.0621221363544464	0.10986328125	0.007080078125	-0.0364111574932906	1.0893737372934993	0.15462239583333334	0.17610677083333334	2.372912608087063	nan	0.000125885009765625	-0.0015694685577045675	1.0605844524252461	-0.0015694685577045675	1.0605844524252461	0.999999991239747	0.0	1.0	1.0	0.13134765625	0.10986328125	1.72636787150768	0.495849609375	1.7460034029955835	2.7740944469187525	0.49935416192238335	0.22986091918937746	0.0	0.5730963125424751	0.28654815627123753	0.2317995555104062	0.2004174477278866	0.2225628691885504	4.743792231718544	-0.03892500076892702	1.1058402333437698	-0.01735683271220978	1.0443893436313374	0.6777575552171129	2.1658474081186796	0.13134765625	0.169189453125	0.230712890625	0.14599609375	2.3200010603599948	0.3447265625	2.3362365118706094	2.7700465544694453	0.34666093659870967	0.22712785389194323	0.0	0.9322851851684391	0.31076172851862793	0.35948485039443767	0.1570346638936826	0.2503580411648727	6.233689393789973	-0.049589921971346484	1.1163897541118786	-0.014272305620920633	1.038793954256107	0.5672614769505344	2.7754315457932535	0.15234375	0.169189453125	0.436279296875	0.1728515625	2.7374871786106	0.267822265625	2.750302709418122	2.8907283278313116	0.2467286872688419	0.20559303752270353	0.0	1.4368388539151056	0.3592097134787764	0.3877910074334068	0.14042966843317117	0.2626583061319252	5.70123791397782	-0.05556023867518434	1.0746805092931027	-0.00243775044287986	1.033513067275635	0.376387946502291	2.024162508409063	0.18017578125	0.18994140625	0.62890625	0.177734375	2.9623821982755203	0.2265625	2.9677078503568737	3.0545967163670866	0.1974328090182098	0.17512928165706398	0.0	2.1160779493657174	0.4232155899517238	0.27626480540129705	0.13566055276987754	0.1992125050364848	5.447783588664606	0.0	0.0002907565434130629	494.58633184432983	26915.42232952351	26501.3389090693	2816060416
900	2.4244959354400635	2.4244959354400635	0.0	2.865361452102661	4096.0	1.70134686678648	0.50390625	2.4075162472829206	0.34271240234375	1.0601077377796173	0.134521484375	0.027099609375	-0.036535506607947354	1.0797754822560819	0.21443684895833334	0.24910481770833334	2.101053647696972	nan	0.00012969970703125	-0.007700131160390811	1.0566343852406135	-0.007700131160390811	1.0566343852406135	0.9999999905267032	0.0	1.0	1.0	0.175537109375	0.134521484375	1.701346877112972	0.50390625	1.682120614297041	2.6829854629195324	0.5165079406169752	0.25635118971149495	0.000244140625	0.5778852476105385	0.28894262380526925	0.23596292748607084	0.21063617290019465	0.22402415439682954	4.5360892455792055	-0.038389523508044476	1.0986045798053965	-0.018397721853034454	1.0438280459493399	0.691389501032063	1.6645339525684903	0.20751953125	0.25	0.33447265625	0.163330078125	2.297735907692252	0.35888671875	2.2680260099083114	2.7043665091405273	0.3597542002416958	0.2502355828519285	0.000244140625	0.9276842873259739	0.3092280958971969	0.35044998151715845	0.1635606665549858	0.2592915734367125	5.550334283383563	-0.05364533027170637	1.100885179155739	-0.013756129019498076	1.039892593966215	0.5924825092531592	2.231082744192463	0.19873046875	0.222900390625	0.479736328125	0.176025390625	2.6953016208656644	0.27392578125	2.6544232614724095	2.7957958397037146	0.2717799506117444	0.24135499914336833	0.000244140625	1.4117294576280983	0.3529323644070246	0.3946994532907411	0.146251155396385	0.25370415554243664	5.206680415809387	-0.04640704149164776	1.0629777848225785	-0.002183067970918273	1.0361100256704958	0.39692078009659326	1.8845365058659809	0.237060546875	0.2744140625	0.6640625	0.19287109375	2.935680583460794	0.234130859375	2.838092598338335	2.961228909291094	0.23670829404454707	0.21023046805385093	0.0	2.1653102719719755	0.4330620545479178	0.3995653169986326	0.11581380948609876	0.1999322647243389	4.85894730099244	0.0	0.00028796538020948054	555.1071496009827	26978.575236807737	26563.52023316454	2816060416
1000	2.3658740520477295	2.3658740520477295	0.0	1.8138461112976074	4096.0	1.6750634014606476	0.50390625	2.3858887449424997	0.34625244140625	1.0664716809988022	0.12451171875	0.031005859375	-0.041317007583487	1.0867906325474905	0.23038736979166666	0.2552897135416667	2.7003409191966057	nan	0.000133514404296875	-0.004698004476381357	1.063196269737091	-0.004698004476381357	1.063196269737091	0.9999999913998181	0.0	1.0	1.0	0.16064453125	0.12451171875	1.6750634029576865	0.50390625	1.7049489358761605	2.704924930425477	0.5153839093418355	0.24608812972201122	0.0	0.572137432760428	0.286068716380214	0.2411645531274189	0.210896777396556	0.2513312088303792	5.318555398873286	-0.04558911899493978	1.1026085907797096	-0.020730223386181024	1.0478022378956666	0.6748924073448279	1.8927897541288985	0.190185546875	0.22216796875	0.348876953125	0.166748046875	2.2699571099565468	0.363525390625	2.292591067076045	2.670435015210387	0.360013297495243	0.2588610187794984	0.0	0.9113344331926783	0.30377814455459884	0.34150670162489405	0.1711589710575936	0.27254785749209987	7.046417479985394	-0.0591758920850225	1.1120971199125051	-0.012443665587682062	1.0425719351769658	0.5839161196319083	2.4131472600174675	0.22802734375	0.2421875	0.519775390625	0.187255859375	2.684619044008114	0.28173828125	2.62042096353494	2.695410241949503	0.28792516861904005	0.27039770210285496	0.000244140625	1.394095669958915	0.3485239174897288	0.38450898515475274	0.154008130706643	0.28699364918793435	6.663618437713012	-0.055805014777604356	1.0692605497606564	-0.004310239599647048	1.0397590782813495	0.4299569287659324	1.8765284215751308	0.27294921875	0.301513671875	0.6953125	0.1982421875	2.9139154228476514	0.23583984375	2.8206598869451227	2.881342574248265	0.25167940314622683	0.239077532731244	0.0	2.1166131904465146	0.42332263814023463	0.34425924390598084	0.13210982845339458	0.22009112726118474	6.480616102402564	0.0	0.0002848256582759391	615.7260842323303	27025.004179815245	26609.234884741163	2816060416
