step	train_combined	train_ce	train_mse	val_nll	val_accuracy	val_combined_loss	val_ce_loss	val_mse_loss	val_gold_state_relative_mse	val_gold_state_cosine	val_action_closure_relative_mse	val_action_closure_cosine	val_operator_gradient_norm	val_query_gradient_norm	val_operator_orthogonality_error	val_log_sigma_mean	val_log_sigma_min	val_log_sigma_max	lr	wall_s	tokens_per_s	peak_vram_bytes
1	9.567350387573242	9.206979751586914	0.36037105321884155	9.232405543327332	0.0	9.595156822353601	9.232405543327332	0.3627512790262699	0.3627512790262699	0.813628800213337	0.30754006281495094	0.8419727087020874	8.671887397766113	1.3683621883392334	2.384185791015625e-07	-2.9956284250531877	-2.9973957538604736	-2.9940009117126465	2.9999999999999997e-06	0.3933722972869873	41650.111390652775	9253506560
50	7.231637001037598	7.213222503662109	0.018414273858070374	7.2412697076797485	0.04296875	7.258355453843251	7.2412697076797485	0.017085746163502336	0.017085746163502336	0.9915865361690521	0.01705504988785833	0.9912978783249855	1.282636046409607	0.05368639528751373	1.0132789611816406e-06	-3.401690891810826	-3.9002294540405273	-2.7730441093444824	0.00015	8.089139699935913	101271.58516084104	9360464384
100	6.874941825866699	6.867495536804199	0.007446186617016792	6.940076947212219	0.092071533203125	6.948217754077632	6.940076947212219	0.008140806865412742	0.008140806865412742	0.9964070916175842	0.008404873660765588	0.9961113259196281	1.9533298015594482	0.0941828042268753	9.5367431640625e-07	-4.0653562886374335	-5.168724060058594	-2.088135242462158	0.0003	14.338006258010864	114269.72275762544	9360464384
250	6.44030237197876	6.415315628051758	0.024986593052744865	6.400885462760925	0.120849609375	6.4338773938361555	6.400885462760925	0.03299193107523024	0.03299193107523024	0.9904670566320419	0.022179572843015194	0.9911979362368584	32.859527587890625	1.8330351114273071	9.5367431640625e-07	-5.247313840048654	-6.456907749176025	-2.5446741580963135	0.0002995753372081722	31.5510151386261	129821.4964559255	9360464384
500	5.8880791664123535	5.885594844818115	0.0024843995925039053	5.884741902351379	0.142120361328125	5.887266659963643	5.884741902351379	0.002524757612263784	0.002524757612263784	0.9989830926060677	0.002408075495623052	0.999002568423748	10.50988483428955	0.618354082107544	9.5367431640625e-07	-7.7809648513793945	-10.146961212158203	-5.286558628082275	0.00029696463392633697	59.63443160057068	137370.30403626093	9360464384
750	5.265811443328857	5.263116359710693	0.0026951604522764683	5.29058450460434	0.18072509765625	5.293298717850121	5.29058450460434	0.0027142132457811385	0.0027142132457811385	0.9988074898719788	0.0025544964883010834	0.998897522687912	8.337737083435059	0.6050395965576172	9.5367431640625e-07	-9.143060071127755	-12.376152038574219	-5.590023994445801	0.00029201890380882044	87.81324648857117	139933.33000846603	9360464384
1000	4.916789531707764	4.911020278930664	0.005769127979874611	4.964193820953369	0.207611083984375	4.969908283906989	4.964193820953369	0.005714462953619659	0.005714462953619659	0.9972661212086678	0.005362047522794455	0.9974291324615479	4.726583480834961	1.142593264579773	8.344650268554688e-07	-8.277253764016288	-12.618789672851562	-4.998725414276123	0.0002848256582759391	116.10095810890198	141118.55980233953	9360464384
1250	4.836163520812988	4.829991817474365	0.006171820219606161	4.760108590126038	0.2222900390625	4.76636255212361	4.760108590126038	0.006253961997572333	0.006253961997572333	0.9969323128461838	0.0059117680648341775	0.9970907121896744	4.40911340713501	0.8006432056427002	7.748603820800781e-07	-9.569457054138184	-12.50475788116455	-6.223547458648682	0.0002755121770454111	144.42175364494324	141806.89185058296	9360464384
1500	4.652951240539551	4.6469316482543945	0.006019792053848505	4.607426643371582	0.23809814453125	4.613634498033207	4.607426643371582	0.006207854661624879	0.006207854661624879	0.9969430565834045	0.005814848409499973	0.9971426650881767	3.6028618812561035	0.5492854714393616	8.940696716308594e-07	-8.300893306732178	-12.739960670471191	-3.7479043006896973	0.00026424325600201147	172.72824048995972	142281.3080842362	9360464384
1750	4.509428977966309	4.504283428192139	0.005145416595041752	4.505624294281006	0.247314453125	4.510814389388543	4.505624294281006	0.005190095107536763	0.005190095107536763	0.9974597096443176	0.004858566448092461	0.9976253733038902	5.227873802185059	0.4281449317932129	9.5367431640625e-07	-9.249402386801583	-14.392993927001953	-4.467259883880615	0.0002512182912434871	200.9998037815094	142646.9054226889	9360464384
2000	4.4540629386901855	4.4499382972717285	0.0041247280314564705	4.431996047496796	0.25439453125	4.4363603152451105	4.431996047496796	0.004364267748314887	0.004364267748314887	0.9978896081447601	0.004070809838594869	0.9980310276150703	4.2422356605529785	0.6237476468086243	1.0132789611816406e-06	-9.899978637695312	-15.169736862182617	-4.043973445892334	0.000236667750898609	229.4305555820465	142823.1732990851	9360464384
2250	4.364247798919678	4.360353469848633	0.0038944375701248646	4.3603896498680115	0.26287841796875	4.36424634011928	4.3603896498680115	0.0038566902512684464	0.0038566902512684464	0.9981475472450256	0.003598845680244267	0.9982689619064331	4.577918529510498	0.6753241419792175	7.748603820800781e-07	-10.171384811401367	-15.603556632995605	-4.341341972351074	0.00022084909714620545	257.78144931793213	143004.85972725743	9360464384
2500	4.1531195640563965	4.149726867675781	0.00339278276078403	4.3030765652656555	0.26800537109375	4.306528470275225	4.3030765652656555	0.0034519050095696002	0.0034519050095696002	0.9983527511358261	0.0031735955853946507	0.9984839484095573	6.146816730499268	0.5025148987770081	8.344650268554688e-07	-10.435733658926827	-15.568380355834961	-4.775430679321289	0.00020404223059234975	286.15773010253906	143137.84214503932	9360464384
2750	4.262765407562256	4.259540557861328	0.003224739106371999	4.258962333202362	0.2735595703125	4.262247628124896	4.258962333202362	0.0032852949225343764	0.0032852949225343764	0.998439259827137	0.002967574866488576	0.9985875487327576	3.366283893585205	0.49504247307777405	1.0132789611816406e-06	-10.558391434805733	-15.357104301452637	-4.891478538513184	0.0001865445376144319	314.49431848526	143264.9092581675	9360464384
3000	4.191544532775879	4.1884965896606445	0.003047991544008255	4.212035119533539	0.280364990234375	4.215025664627319	4.212035119533539	0.0029905450937803835	0.0029905450937803835	0.9985819980502129	0.0026896488561760634	0.9987227022647858	4.720534324645996	0.41167864203453064	9.5367431640625e-07	-10.578682354518346	-15.236120223999023	-4.758435249328613	0.0001686656283060833	342.7508783340454	143404.4465149303	9360464384
3250	4.162055015563965	4.159291744232178	0.002763260155916214	4.185262978076935	0.28106689453125	4.188020345958648	4.185262978076935	0.002757367881713435	0.002757367881713435	0.9986911192536354	0.0025084472144953907	0.9988090097904205	6.058096885681152	0.583004891872406	1.1324882507324219e-06	-10.678425243922643	-15.392276763916016	-5.550146579742432	0.00015072185813153386	371.04380559921265	143508.6617711022	9360464384
3500	4.117575168609619	4.114936351776123	0.0026387060061097145	4.159385025501251	0.28509521484375	4.162080417358084	4.159385025501251	0.0026953918568324298	0.0026953918568324298	0.9987260773777962	0.0024246450047940016	0.9988538399338722	5.382437229156494	0.5712971091270447	8.940696716308594e-07	-10.669769832066127	-15.49307632446289	-5.502039432525635	0.00013303073022510257	399.4136004447937	143570.4741554638	9360464384
3750	4.075583457946777	4.073078155517578	0.002505115233361721	4.123420715332031	0.289703369140625	4.125988980435068	4.123420715332031	0.0025682651030365378	0.0025682651030365378	0.9987921789288521	0.002258813619846478	0.9989368170499802	5.258334159851074	0.4348183870315552	8.940696716308594e-07	-10.716608456202916	-15.348671913146973	-5.669582366943359	0.0001159052773834253	427.69092655181885	143655.14016242744	9360464384
4000	4.007271766662598	4.0048508644104	0.0024208063259720802	4.1014697551727295	0.29046630859375	4.103863781463588	4.1014697551727295	0.0023940262908581644	0.0023940262908581644	0.9988720193505287	0.0021206539240665734	0.999000295996666	4.792957305908203	0.432537704706192	8.344650268554688e-07	-10.739445958818708	-15.802736282348633	-5.449100494384766	9.964852315734848e-05	455.97541642189026	143727.04676552772	9360464384
4250	4.09370231628418	4.091346740722656	0.002355529461055994	4.080427587032318	0.2926025390625	4.082854253385449	4.080427587032318	0.002426666353130713	0.002426666353130713	0.9988555088639259	0.002155984067940153	0.9989830553531647	6.878698348999023	0.36040550470352173	8.344650268554688e-07	-10.764712742396764	-15.488815307617188	-6.1013054847717285	8.454812005080093e-05	484.3603091239929	143760.74729561436	9360464384
4500	4.027624607086182	4.0251665115356445	0.0024582892656326294	4.061774492263794	0.295318603515625	4.064166557538556	4.061774492263794	0.0023920652747619897	0.0023920652747619897	0.9988784566521645	0.0021225226810202003	0.9990056455135345	4.4299235343933105	0.4462665021419525	7.748603820800781e-07	-10.68630041394915	-15.166803359985352	-5.866919040679932	7.087125970016519e-05	512.7374629974365	143792.88684893426	9360464384
4750	4.034525394439697	4.03208065032959	0.0024445983581244946	4.046002268791199	0.295654296875	4.048344298818847	4.046002268791199	0.002342030027648434	0.002342030027648434	0.9989021196961403	0.0020483901316765696	0.999040499329567	4.285445690155029	0.5647712349891663	9.5367431640625e-07	-10.753566333225795	-15.451315879821777	-6.076293468475342	5.885994509515459e-05	541.024069070816	143845.7260019118	9360464384
5000	3.911281108856201	3.9088287353515625	0.0024524773471057415	4.032825529575348	0.29827880859375	4.035158044425771	4.032825529575348	0.00233251485042274	0.00233251485042274	0.9989082217216492	0.0020455353806028143	0.9990432038903236	6.387420654296875	0.3895510137081146	8.344650268554688e-07	-10.691449846540179	-15.420595169067383	-6.134428024291992	4.872670849611821e-05	569.366861820221	143879.114668016	9360464384
5250	3.9209723472595215	3.918498992919922	0.002473322907462716	4.023215860128403	0.299530029296875	4.025589057157049	4.023215860128403	0.0023731970286462456	0.0023731970286462456	0.9988928139209747	0.002081032987916842	0.999029316008091	4.481959819793701	0.48113760352134705	1.0728836059570312e-06	-10.714582579476494	-15.31358528137207	-6.675447463989258	4.065085081639222e-05	597.7457406520844	143900.64897185992	9360464384
5500	4.05148983001709	4.048993110656738	0.0024968995712697506	4.015679478645325	0.299652099609375	4.017944020917639	4.015679478645325	0.0022645422723144293	0.0022645422723144293	0.9989430755376816	0.001970429060747847	0.9990819320082664	3.9622201919555664	0.5268635749816895	8.344650268554688e-07	-10.697453771318708	-15.437294006347656	-6.528463363647461	3.477526901133681e-05	626.126953125	143919.69480031318	9360464384
5750	3.811457395553589	3.8091206550598145	0.0023366373497992754	4.010114967823029	0.299346923828125	4.0124072381004225	4.010114967823029	0.002292270277393982	0.002292270277393982	0.9989304170012474	0.0019697568495757878	0.9990823939442635	4.578538417816162	0.4746975600719452	8.940696716308594e-07	-10.68247059413365	-15.12253475189209	-6.871501922607422	3.120392761131023e-05	654.6270205974579	143910.95545371663	9360464384
6000	3.99328875541687	3.990957736968994	0.0023309318348765373	4.002214938402176	0.30084228515625	4.0045428780140355	4.002214938402176	0.0023279396118596196	0.0023279396118596196	0.9989170506596565	0.0019887653324985877	0.9990769252181053	5.360088348388672	0.4872751832008362	8.940696716308594e-07	-10.658670016697474	-15.158713340759277	-6.651415824890137	3.000001913812931e-05	682.9979190826416	143930.1603320191	9360464384
