horizon	group	rows	agreement	innovation_helpful_fraction	negative_optimal_scale_fraction	global_optimal_innovation_scale	global_oracle_relative_mse	prior_cosine_mean	prior_cosine_p10	prior_cosine_median	prior_cosine_p90	full_cosine_mean	full_cosine_p10	full_cosine_median	full_cosine_p90	prior_relative_mse_mean	prior_relative_mse_p10	prior_relative_mse_median	prior_relative_mse_p90	full_relative_mse_mean	full_relative_mse_p10	full_relative_mse_median	full_relative_mse_p90	error_reduction_mean	error_reduction_p10	error_reduction_median	error_reduction_p90	innovation_residual_cosine_mean	innovation_residual_cosine_p10	innovation_residual_cosine_median	innovation_residual_cosine_p90	innovation_residual_norm_ratio_mean	innovation_residual_norm_ratio_p10	innovation_residual_norm_ratio_median	innovation_residual_norm_ratio_p90	innovation_target_energy_ratio_mean	innovation_target_energy_ratio_p10	innovation_target_energy_ratio_median	innovation_target_energy_ratio_p90	innovation_residual_dot_ratio_mean	innovation_residual_dot_ratio_p10	innovation_residual_dot_ratio_median	innovation_residual_dot_ratio_p90	optimal_innovation_scale_mean	optimal_innovation_scale_p10	optimal_innovation_scale_median	optimal_innovation_scale_p90	oracle_relative_mse_mean	oracle_relative_mse_p10	oracle_relative_mse_median	oracle_relative_mse_p90	fixed_scale_regret_mean	fixed_scale_regret_p10	fixed_scale_regret_median	fixed_scale_regret_p90	read_state_cosine_mean	read_state_cosine_p10	read_state_cosine_median	read_state_cosine_p90	read_state_relative_mse_mean	read_state_relative_mse_p10	read_state_relative_mse_median	read_state_relative_mse_p90	ar_top1_margin_mean	ar_top1_margin_p10	ar_top1_margin_median	ar_top1_margin_p90	candidate_reference_margin_mean	candidate_reference_margin_p10	candidate_reference_margin_median	candidate_reference_margin_p90	crossing_excess_mean	crossing_excess_p10	crossing_excess_median	crossing_excess_p90	max_absolute_logit_delta_mean	max_absolute_logit_delta_p10	max_absolute_logit_delta_median	max_absolute_logit_delta_p90
1	all	4096	1.0	0.997314453125	0.0	1.1268237829208374	0.26887452602386475	0.5991053581237793	0.46537983417510986	0.6117596626281738	0.7031067609786987	0.8526713848114014	0.7298766374588013	0.8602056503295898	0.9684235453605652	0.6928746700286865	0.5840880274772644	0.6900217533111572	0.8078752756118774	0.2742455303668976	0.06587925553321838	0.2726138234138489	0.4729982018470764	0.41862916946411133	0.20477160811424255	0.39811742305755615	0.6952887773513794	0.7735944986343384	0.5756633877754211	0.7895245552062988	0.9591459035873413	0.6690140962600708	0.4613526463508606	0.6454405188560486	0.9263129234313965	0.3339289426803589	0.13937954604625702	0.2912294864654541	0.6192556619644165	0.3762790560722351	0.17888516187667847	0.33733776211738586	0.6475434303283691	1.1882524490356445	0.9659714698791504	1.1622345447540283	1.4451744556427002	0.25802507996559143	0.0604877844452858	0.24864855408668518	0.4613844156265259	0.01622043550014496	0.00028892233967781067	0.008516386151313782	0.038923896849155426	1.0	0.9999998807907104	1.0	1.0000001192092896	0.0	0.0	0.0	0.0	2.5116519927978516	0.15648174285888672	1.2676591873168945	6.438441753387451	2.5116522312164307	0.15648317337036133	1.2676591873168945	6.438441753387451	-2.5116522312164307	-6.438442230224609	-1.2676591873168945	-0.15648317337036133	1.0194595233770087e-05	4.291534423828125e-06	6.67572021484375e-06	1.33514404296875e-05
1	match	4096	1.0	0.997314453125	0.0	1.1268237829208374	0.26887452602386475	0.5991053581237793	0.46537983417510986	0.6117596626281738	0.7031067609786987	0.8526713848114014	0.7298766374588013	0.8602056503295898	0.9684235453605652	0.6928746700286865	0.5840880274772644	0.6900217533111572	0.8078752756118774	0.2742455303668976	0.06587925553321838	0.2726138234138489	0.4729982018470764	0.41862916946411133	0.20477160811424255	0.39811742305755615	0.6952887773513794	0.7735944986343384	0.5756633877754211	0.7895245552062988	0.9591459035873413	0.6690140962600708	0.4613526463508606	0.6454405188560486	0.9263129234313965	0.3339289426803589	0.13937954604625702	0.2912294864654541	0.6192556619644165	0.3762790560722351	0.17888516187667847	0.33733776211738586	0.6475434303283691	1.1882524490356445	0.9659714698791504	1.1622345447540283	1.4451744556427002	0.25802507996559143	0.0604877844452858	0.24864855408668518	0.4613844156265259	0.01622043550014496	0.00028892233967781067	0.008516386151313782	0.038923896849155426	1.0	0.9999998807907104	1.0	1.0000001192092896	0.0	0.0	0.0	0.0	2.5116519927978516	0.15648174285888672	1.2676591873168945	6.438441753387451	2.5116522312164307	0.15648317337036133	1.2676591873168945	6.438441753387451	-2.5116522312164307	-6.438442230224609	-1.2676591873168945	-0.15648317337036133	1.0194595233770087e-05	4.291534423828125e-06	6.67572021484375e-06	1.33514404296875e-05
1	mismatch	0	1.0	nan	nan	0.0	nan	nan	nan	nan	nan	nan	nan	nan	nan	nan	nan	nan	nan	nan	nan	nan	nan	nan	nan	nan	nan	nan	nan	nan	nan	nan	nan	nan	nan	nan	nan	nan	nan	nan	nan	nan	nan	nan	nan	nan	nan	nan	nan	nan	nan	nan	nan	nan	nan	nan	nan	nan	nan	nan	nan	nan	nan	nan	nan	nan	nan	nan	nan	nan	nan	nan	nan	nan	nan	nan	nan	nan	nan
2	all	4096	0.466552734375	0.511962890625	0.23583984375	0.4278314411640167	0.7707533836364746	0.46643468737602234	0.17067335546016693	0.48248517513275146	0.7643613219261169	0.463403582572937	0.17128974199295044	0.4786524176597595	0.7574977874755859	0.7790623903274536	0.5240952968597412	0.7988038659095764	0.9873002767562866	0.7856146097183228	0.4884081780910492	0.8021261096000671	1.0278245210647583	-0.0065521541982889175	-0.09272930026054382	0.0016939938068389893	0.07171100378036499	0.12689028680324554	-0.11168602108955383	0.11624725908041	0.37976306676864624	0.2410496175289154	0.12803757190704346	0.21078841388225555	0.3733534514904022	0.04539475589990616	0.01422695443034172	0.03561927378177643	0.08870237320661545	0.019421303644776344	-0.017917484045028687	0.01825701631605625	0.06007402390241623	0.55122971534729	-0.5357658863067627	0.526001513004303	1.6815259456634521	0.7422617077827454	0.4579243063926697	0.7714196443557739	0.9667934775352478	0.043352797627449036	0.0005954504013061523	0.01649993658065796	0.1153554916381836	0.8241345882415771	0.6415551900863647	0.8640555739402771	0.9557006359100342	0.42919591069221497	0.09859494119882584	0.2971523106098175	0.8218536376953125	0.727212131023407	0.07868385314941406	0.47483205795288086	1.7130136489868164	-0.10110299289226532	-2.15584135055542	-0.0928497314453125	1.9626727104187012	0.10110299289226532	-1.9626727104187012	0.0928497314453125	2.15584135055542	5.492129325866699	2.6308400630950928	4.354852676391602	9.065343856811523
2	match	1911	0.466552734375	0.6091051697731018	0.17477759718894958	0.6192729473114014	0.6879491209983826	0.5486283302307129	0.2528493404388428	0.5802556276321411	0.8533565998077393	0.544491708278656	0.24713367223739624	0.5683785080909729	0.8463089466094971	0.7059545516967773	0.3912457823753357	0.730924665927887	0.9536712765693665	0.6947547197341919	0.35088032484054565	0.7183825969696045	0.9722394347190857	0.011199817061424255	-0.06750226020812988	0.015718862414360046	0.08625060319900513	0.18659764528274536	-0.07417391240596771	0.18478798866271973	0.4775656461715698	0.2647731304168701	0.1312023103237152	0.22140321135520935	0.4271392822265625	0.04695034772157669	0.013732106424868107	0.036251313984394073	0.09167226403951645	0.029075082391500473	-0.011247234418988228	0.026151565834879875	0.0711355060338974	0.7378084063529968	-0.3812262713909149	0.723697304725647	1.949367642402649	0.6569622755050659	0.31364312767982483	0.6911876201629639	0.9273756146430969	0.03779234737157822	0.0005686283111572266	0.01477128267288208	0.09680503606796265	0.8547401428222656	0.6991859674453735	0.8858296871185303	0.9656327366828918	0.3552563488483429	0.07893623411655426	0.25319233536720276	0.6650499701499939	0.9964593648910522	0.1184844970703125	0.7057952880859375	2.2841639518737793	1.2500801086425781	0.12373161315917969	0.7075176239013672	3.190643310546875	-1.2500801086425781	-3.190643310546875	-0.7075176239013672	-0.12373161315917969	5.221750259399414	2.5288431644439697	4.026833534240723	8.66655158996582
2	mismatch	2185	0.466552734375	0.42700228095054626	0.2892448604106903	0.2493085116147995	0.8402655720710754	0.3945481479167938	0.13781414926052094	0.4182995557785034	0.618340253829956	0.3924839198589325	0.13553817570209503	0.42292657494544983	0.6134659051895142	0.8430026173591614	0.6616449356079102	0.8476604223251343	1.0086910724639893	0.8650806546211243	0.6544149518013	0.8582863211631775	1.0651110410690308	-0.022078020498156548	-0.10730481892824173	-0.008330225944519043	0.05091913789510727	0.07467026263475418	-0.13638900220394135	0.0776480883359909	0.27330735325813293	0.2203010618686676	0.12679576873779297	0.20470066368579865	0.3413124680519104	0.04403424635529518	0.014620082452893257	0.035114649683237076	0.08706303685903549	0.010978111997246742	-0.024924224242568016	0.012859763577580452	0.04565916210412979	0.38804805278778076	-0.630073070526123	0.3725977838039398	1.3956310749053955	0.8168646097183228	0.6273941397666931	0.8227978348731995	0.9844251871109009	0.048215966671705246	0.0006234407774172723	0.01814478635787964	0.12655724585056305	0.7973670959472656	0.602573037147522	0.8379406929016113	0.943081796169281	0.49386340379714966	0.12746721506118774	0.34819290041923523	0.9124961495399475	0.49172860383987427	0.05518045648932457	0.3515186309814453	1.1273022890090942	-1.2828471660614014	-2.8838489055633545	-0.9037942886352539	-0.14666138589382172	1.2828471660614014	0.14666138589382172	0.9037942886352539	2.8838486671447754	5.728601455688477	2.7087936401367188	4.664874076843262	9.436013221740723
3	all	4096	0.15283203125	0.248779296875	0.576416015625	-0.2650788426399231	0.9330004453659058	0.2914397120475769	0.017820341512560844	0.310009241104126	0.5369904637336731	0.2905241847038269	0.011187184602022171	0.31526559591293335	0.525833785533905	0.9356812238693237	0.754577100276947	0.9386378526687622	1.1213114261627197	0.9940577745437622	0.756889820098877	0.9796956181526184	1.2522375583648682	-0.05837656557559967	-0.16593390703201294	-0.039771437644958496	0.027536451816558838	-0.029696989804506302	-0.2520985007286072	-0.03594766557216644	0.19274446368217468	0.1922847330570221	0.11506590992212296	0.18067172169685364	0.2847912311553955	0.038150690495967865	0.012359586544334888	0.029790643602609634	0.07424332201480865	-0.010112940333783627	-0.053839311003685	-0.005554516799747944	0.02780672162771225	-0.11913515627384186	-1.360914945602417	-0.19172005355358124	1.1926511526107788	0.900358259677887	0.7145692110061646	0.9131369590759277	1.0744212865829468	0.09369951486587524	0.001825094223022461	0.048342227935791016	0.23198047280311584	0.2971714735031128	-0.14423096179962158	0.3194558620452881	0.711643636226654	3.161898612976074	0.7469647526741028	2.0133683681488037	6.572895050048828	0.7047027945518494	0.0670175552368164	0.48545312881469727	1.6189696788787842	-2.073930025100708	-4.915672302246094	-1.786208152770996	0.44671058654785156	2.073930025100708	-0.44671058654785156	1.786208152770996	4.915670394897461	10.405071258544922	5.705514430999756	8.691654205322266	15.509660720825195
3	match	626	0.15283203125	0.3562300205230713	0.4696485698223114	0.12694069743156433	0.869956910610199	0.35324186086654663	0.032845135778188705	0.3746998608112335	0.6498433351516724	0.3638131618499756	0.055825088173151016	0.38521623611450195	0.6591753363609314	0.870537519454956	0.6322274208068848	0.8802399635314941	1.0730607509613037	0.8974204063415527	0.6226909160614014	0.9002823829650879	1.1648670434951782	-0.026882890611886978	-0.11691445112228394	-0.022023767232894897	0.06293252110481262	0.041424840688705444	-0.21619263291358948	0.02195414900779724	0.327145516872406	0.19396255910396576	0.10920354723930359	0.18049661815166473	0.30186089873313904	0.03603031486272812	0.011226344853639603	0.02806360088288784	0.07651445269584656	0.004573713056743145	-0.033159784972667694	0.0033218679018318653	0.05005855858325958	0.2262757569551468	-1.209767460823059	0.11260029673576355	2.0251011848449707	0.8280423879623413	0.5657947063446045	0.8493102788925171	1.0428261756896973	0.06937796622514725	0.0016835331916809082	0.03695535659790039	0.17428213357925415	0.4120623767375946	0.022081540897488594	0.4314150810241699	0.7696111798286438	2.4116811752319336	0.5617557764053345	1.5893168449401855	5.032037258148193	0.9581702351570129	0.0892486572265625	0.6182894706726074	2.141200065612793	1.1344424486160278	0.1049509048461914	0.7282371520996094	2.646803855895996	-1.1344425678253174	-2.646803855895996	-0.7282371520996094	-0.1049509048461914	10.290578842163086	5.172646522521973	8.062540054321289	15.355653762817383
3	mismatch	3470	0.15283203125	0.2293948084115982	0.5956772565841675	-0.3312068283557892	0.943206250667572	0.2802903950214386	0.01639396883547306	0.30144041776657104	0.5085834860801697	0.2773025929927826	0.0057813613675534725	0.3065589666366577	0.4959201514720917	0.947433352470398	0.7797805666923523	0.9482380747795105	1.1273727416992188	1.0114915370941162	0.7831664681434631	0.9932494759559631	1.2689909934997559	-0.06405813992023468	-0.1757330596446991	-0.04365089535713196	0.022950133308768272	-0.042527616024017334	-0.26034221053123474	-0.04322982579469681	0.17137254774570465	0.19198201596736908	0.11660102754831314	0.1807359755039215	0.2815609574317932	0.03853321075439453	0.012718184851109982	0.030217036604881287	0.07345280051231384	-0.01276246178895235	-0.05791667848825455	-0.007015830837190151	0.024971330538392067	-0.18144848942756653	-1.3863846063613892	-0.23623430728912354	1.032836675643921	0.9134042859077454	0.7474151253700256	0.9236871004104614	1.0783780813217163	0.09808719903230667	0.0018385230796411633	0.05073860287666321	0.25115230679512024	0.2764447331428528	-0.17007440328598022	0.29767680168151855	0.6958077549934387	3.2972397804260254	0.7944691181182861	2.09771728515625	6.8372883796691895	0.6589763760566711	0.06528816372156143	0.4654250144958496	1.514692783355713	-2.6527318954467773	-5.260580539703369	-2.2086715698242188	-0.49570831656455994	2.6527318954467773	0.495708167552948	2.2086715698242188	5.260578155517578	10.425724983215332	5.809990882873535	8.778076171875	15.518594741821289
4	all	4096	0.107421875	0.118896484375	0.78369140625	-0.8602107763290405	0.9891859292984009	0.23890511691570282	-0.046010274440050125	0.24998123943805695	0.5156718492507935	0.23490791022777557	-0.05119502171874046	0.2503241300582886	0.4987626075744629	1.0169230699539185	0.7577152252197266	1.0075042247772217	1.2687342166900635	1.1188971996307373	0.788334846496582	1.0804853439331055	1.4702248573303223	-0.10197409987449646	-0.24112045764923096	-0.06934031844139099	0.005638211965560913	-0.13417676091194153	-0.3640090525150299	-0.13078360259532928	0.10084835439920425	0.1822986602783203	0.11349906027317047	0.17500090599060059	0.2601892352104187	0.03748466819524765	0.012537013739347458	0.029640238732099533	0.07299953699111938	-0.032244715839624405	-0.08925578743219376	-0.02050597593188286	0.013927144929766655	-0.7299773693084717	-2.0076756477355957	-0.7508792281150818	0.628139317035675	0.9554466605186462	0.7324854731559753	0.9658721685409546	1.1564033031463623	0.16345055401325226	0.0069998204708099365	0.09084033966064453	0.3926694095134735	0.16244643926620483	-0.20731860399246216	0.17228399217128754	0.5376242399215698	5.249223232269287	1.3293328285217285	3.4516735076904297	11.3485746383667	0.7722165584564209	0.08102250099182129	0.5642552375793457	1.7162938117980957	-3.4809858798980713	-7.461205959320068	-3.0945754051208496	0.11013650894165039	3.4809858798980713	-0.11013650894165039	3.0945754051208496	7.461205959320068	14.782876014709473	8.014183044433594	11.771537780761719	21.47245979309082
4	match	440	0.107421875	0.22272726893424988	0.6386363506317139	-0.4266757071018219	0.9295548796653748	0.3223072290420532	0.05001470446586609	0.33668678998947144	0.5990217328071594	0.3245796263217926	0.060446906834840775	0.3417028486728668	0.5804323554039001	0.9364001154899597	0.6898571252822876	0.9323678016662598	1.1818314790725708	1.006085991859436	0.7048061490058899	0.9757170677185059	1.3388758897781372	-0.0696859136223793	-0.19967947900295258	-0.04699873924255371	0.03117365762591362	-0.06994730234146118	-0.3303087651729584	-0.07583369314670563	0.1998351812362671	0.19111429154872894	0.11114867776632309	0.18289217352867126	0.281963586807251	0.03759995102882385	0.01146131381392479	0.030320018529891968	0.07397660613059998	-0.016042985022068024	-0.07038846611976624	-0.011004378087818623	0.033218834549188614	-0.4492628574371338	-1.9680075645446777	-0.45438817143440247	1.1163779497146606	0.8865687847137451	0.6497390270233154	0.8985642194747925	1.107256293296814	0.11951717734336853	0.0025968134868890047	0.0645667016506195	0.32280421257019043	0.2675215005874634	-0.09367041289806366	0.28434884548187256	0.6233322620391846	3.6197662353515625	1.0619014501571655	2.53641939163208	7.295697212219238	0.9893956780433655	0.10184478759765625	0.7287120819091797	2.1315934658050537	1.400681972503662	0.1616421788930893	0.9123497009277344	3.206908702850342	-1.400681972503662	-3.2069122791290283	-0.9123497009277344	-0.16164237260818481	15.010027885437012	7.526286602020264	11.056364059448242	20.463184356689453
4	mismatch	3656	0.107421875	0.10640043765306473	0.8011487722396851	-0.9125668406486511	0.995409369468689	0.22886767983436584	-0.05400655418634415	0.238898366689682	0.49994611740112305	0.22411592304706573	-0.06124570965766907	0.2414046823978424	0.48059022426605225	1.0266141891479492	0.7720133066177368	1.0160272121429443	1.277256727218628	1.1324740648269653	0.8083890676498413	1.0911383628845215	1.479907751083374	-0.10585997998714447	-0.24795234203338623	-0.0727725625038147	0.0024551749229431152	-0.14190679788589478	-0.3663868308067322	-0.13406872749328613	0.08632221072912216	0.18123769760131836	0.1138172447681427	0.17400313913822174	0.25783878564834595	0.03747079148888588	0.012609211727976799	0.02955089509487152	0.07270428538322449	-0.03419459983706474	-0.09212493151426315	-0.02151472121477127	0.01149408333003521	-0.7637614011764526	-2.0089895725250244	-0.7768990993499756	0.5508970022201538	0.9637361764907837	0.7497323751449585	0.9716783761978149	1.160254955291748	0.16873794794082642	0.008393466472625732	0.09446573257446289	0.4052010178565979	0.149800643324852	-0.2197464257478714	0.15574097633361816	0.5265185832977295	5.445329666137695	1.3785475492477417	3.5968308448791504	11.805806159973145	0.7460789084434509	0.07944059371948242	0.5435805320739746	1.6700081825256348	-4.068495273590088	-7.834405899047852	-3.4296951293945312	-0.9274091720581055	4.068495273590088	0.9274091720581055	3.4296951293945312	7.834405899047852	14.755539894104004	8.104499816894531	11.884127616882324	21.62215805053711
2-4	all	12288	0.2422688752412796	0.293212890625	0.531982421875	-0.18950949609279633	0.9091067314147949	0.332259863615036	0.023775869980454445	0.33942800760269165	0.6370280981063843	0.3296118974685669	0.021691927686333656	0.34037867188453674	0.6215714812278748	0.9105556011199951	0.6576970815658569	0.9149289131164551	1.153628945350647	0.9661898612976074	0.6502195596694946	0.9488348960876465	1.2981914281845093	-0.0556342713534832	-0.17738987505435944	-0.034303903579711914	0.04128783941268921	-0.0123278284445405	-0.283459335565567	-0.01888389140367508	0.2557187080383301	0.20521099865436554	0.1180858239531517	0.18712258338928223	0.3074021637439728	0.04034337028861046	0.0129426009953022	0.031324151903390884	0.0786793902516365	-0.007645451929420233	-0.060519296675920486	-0.0028011424001306295	0.03967192769050598	-0.0992942675948143	-1.53316330909729	-0.10120141506195068	1.3277398347854614	0.8660222887992859	0.6159780025482178	0.8876247406005859	1.0872663259506226	0.10016760975122452	0.0014668465591967106	0.0433385968208313	0.262408584356308	0.4279175102710724	-0.10859349370002747	0.4420100450515747	0.9124338626861572	2.946772575378418	0.1898316591978073	1.552017092704773	7.231971263885498	0.7347103953361511	0.0758586898446083	0.5070309638977051	1.6850292682647705	-1.8853397369384766	-5.3676347732543945	-1.4055914878845215	0.9853960871696472	1.8853397369384766	-0.9853962063789368	1.4055914878845215	5.367633819580078	10.226692199707031	3.471245765686035	8.508234977722168	16.661632537841797
2-4	match	2977	0.2422688752412796	0.4988243281841278	0.3053409457206726	0.39874470233917236	0.7677424550056458	0.4740925133228302	0.13247330486774445	0.5014633536338806	0.8052257299423218	0.4739958643913269	0.15358217060565948	0.5022951364517212	0.8001605272293091	0.7746226787567139	0.46778929233551025	0.7884773015975952	1.037736415863037	0.7833857536315918	0.4152089059352875	0.7857449054718018	1.101712942123413	-0.008763063699007034	-0.10483384132385254	-0.00028884410858154297	0.080307237803936	0.11815358698368073	-0.184519425034523	0.11340273916721344	0.4285798966884613	0.23899638652801514	0.12042491883039474	0.2036270648241043	0.3681802749633789	0.04327210783958435	0.01262123417109251	0.032548706978559494	0.08511288464069366	0.017254522070288658	-0.028604358434677124	0.017243994399905205	0.06547413766384125	0.4547950327396393	-1.056962490081787	0.49603554606437683	1.8744328022003174	0.7268726825714111	0.3883291184902191	0.7526589035987854	0.99815833568573	0.05651304870843887	0.0007747411727905273	0.020790815353393555	0.15135304629802704	0.6748635768890381	0.18049746751785278	0.8083089590072632	0.9544565081596375	1.2701728343963623	0.10210201889276505	0.4521074593067169	3.210115909576416	0.987363874912262	0.10937424004077911	0.69158935546875	2.2328922748565674	1.2480227947235107	0.123773954808712	0.7404270172119141	3.136922597885132	-1.2480227947235107	-3.136922836303711	-0.7404270172119141	-0.1237739622592926	7.734322547912598	2.7686045169830322	5.522810935974121	13.322613716125488
2-4	mismatch	9311	0.2422688752412796	0.22747288644313812	0.6044463515281677	-0.3960392475128174	0.9478365778923035	0.2869117558002472	0.003885095939040184	0.3043149709701538	0.5489349365234375	0.28344807028770447	-0.0027144290506839752	0.3054540753364563	0.5324934720993042	0.9540173411369324	0.7349361181259155	0.9467002153396606	1.1748520135879517	1.0246378183364868	0.7452967762947083	0.9898279905319214	1.3411478996276855	-0.07062037289142609	-0.19726061820983887	-0.04564392566680908	0.025574088096618652	-0.054046567529439926	-0.3064979910850525	-0.05269716680049896	0.18651427328586578	0.19440880417823792	0.11752646416425705	0.18334369361400604	0.28725844621658325	0.03940696269273758	0.013083084486424923	0.030997535213828087	0.07638243585824966	-0.015606704168021679	-0.06876157969236374	-0.008044067770242691	0.02798578143119812	-0.2764528691768646	-1.6146812438964844	-0.28886961936950684	1.0467191934585571	0.9105124473571777	0.7070391774177551	0.9181110858917236	1.1023691892623901	0.11412526667118073	0.001889050006866455	0.05361515283584595	0.2999783754348755	0.34896159172058105	-0.14649450778961182	0.340864896774292	0.8697458505630493	3.4828310012817383	0.28461501002311707	2.005141496658325	8.304129600524902	0.6539297103881836	0.06740379333496094	0.4599723815917969	1.5002021789550781	-2.8871676921844482	-6.022071838378906	-2.2431259155273438	-0.3806190490722656	2.8871676921844482	0.3806190490722656	2.2431259155273438	6.0220723152160645	11.023575782775879	4.234111785888672	9.241262435913086	17.4941463470459
